country_id,country_name,iso2_code,year,gdp_per_capita_current_usd,gdp_billions_usd,gini_index,poverty_headcount_3_dollars_pct,poverty_headcount_4_dollars_pct,poverty_headcount_8_dollars_pct,under5_mortality_rate,infant_mortality_rate,neonatal_mortality_rate,low_birth_weight_pct,stunting_pct,underweight_pct,wasting_pct,education_spending_pct_gdp,govt_expense_pct_gdp,child_poverty_pv_chld_dprv-avg-hs,child_poverty_pv_level
AGO,Angola,AO,2000,563.733795571487,9.12959497015301,51.9,27.0,40.3,69.7,203.00848655977,115.039192847595,49.9132130193222,17.43,,,,2.60753011703491,21.8300194095745,,
AGO,Angola,AO,2008,4103.0669003635,88.5386650848634,42.7,22.1,38.2,71.7,136.960625413994,78.6636458590304,38.8831216685592,16.05,,,,,22.3855333293293,,
AGO,Angola,AO,2018,2538.59139143371,79.4506882593663,51.3,39.3,53.7,80.0,77.2545335368577,45.2736397345185,28.3928018297658,15.54,,,,2.18351298946275,15.6076580956447,,
ALB,Albania,AL,2002,1479.83884572006,4.51500311668036,31.7,4.2,15.1,61.0,24.3143073581648,16.1445554391023,11.4986702461786,5.77,,,,3.11779999732971,23.9137599310471,,
ALB,Albania,AL,2005,2741.72136549578,8.2566582498128,30.6,2.7,9.4,50.0,19.955758360276,13.5400193017146,10.5297152472631,5.89,35.7,11.7,7.3,3.28154993057251,,,
ALB,Albania,AL,2008,4498.50486763601,13.2585063754518,30.0,0.8,5.9,43.4,15.7532509118719,11.0892699400536,8.30472634374219,5.97,,,,,,,
ALB,Albania,AL,2012,4222.3470988913,12.2464997479714,29.0,1.8,6.5,45.9,11.2176022948469,8.4573244831748,6.05700803369413,5.97,,,,3.29533986928598,23.1453646987216,,
ALB,Albania,AL,2014,4602.23051443229,13.2963225881684,34.6,3.7,12.5,46.5,9.92591665812125,7.7653000046717,5.88770044863833,5.96,,,,3.18177734553254,24.257646662903,,
ALB,Albania,AL,2015,3981.72662261867,11.4701718269575,32.8,1.1,4.7,32.8,9.57825909241735,7.62980760082177,6.0279770286611,5.95,,,,3.43796992301941,24.2686000374049,,
ALB,Albania,AL,2016,4168.37544462548,11.9886687846628,33.7,1.1,5.8,32.9,9.39889868284354,7.61809778161681,6.33799747626754,5.94,,,,3.96209001541138,23.7020106412118,,
ALB,Albania,AL,2017,4614.0479692596,13.2582684356048,33.1,1.4,4.7,32.7,9.33667498642663,7.69264612063926,6.68018372834363,5.94,17.1,1.9,2.5,3.61172008514404,23.4381629574962,0.3613143563270569,
ALB,Albania,AL,2018,5365.48880180298,15.3795083297568,30.1,1.0,3.5,24.1,9.34293878980078,7.81825066685652,6.95312363402877,5.95,,,,3.08201370407389,22.9293224265946,,
ALB,Albania,AL,2019,5460.4305086932,15.5851116140376,30.1,0.3,1.8,21.5,9.38644535597836,7.9702200809834,7.11992752907707,5.97,,,,3.87018990516663,22.8783961540405,,
ALB,Albania,AL,2020,5370.77749956875,15.2414555563737,29.4,0.3,2.1,19.9,9.43316579920125,8.11845345167681,7.171098173436,5.99,,,,3.325040102005,24.6048213042971,,
ARE,United Arab Emirates,AE,2013,52023.5170959441,400.218529748128,32.5,0.0,0.0,0.0,8.17748497338538,6.49419865997396,3.90085648760729,13.92,,,,,3.90972548785967,,
ARE,United Arab Emirates,AE,2018,45689.8570049401,427.049432157931,26.4,0.0,0.0,0.6,6.66061132007445,5.27272139577933,3.57710220398156,13.93,,,,,3.91824991328935,,
ARG,Argentina,AR,2000,7637.01489203628,284.20375,51.0,7.3,12.1,30.9,19.3566209323244,16.703207808941,11.1347987794474,7.35,,,,4.58030986785889,16.8328883767368,,
ARG,Argentina,AR,2001,7141.47507662826,268.69675,53.3,10.7,17.0,34.3,18.7862143231838,16.2044696305504,11.1332750524093,7.41,,,,4.833740234375,16.9923529034125,,
ARG,Argentina,AR,2002,2569.69963519124,97.7240042518602,53.8,17.1,25.4,49.1,18.3057594706149,15.784847158285,10.7115714485388,7.47,,,,4.01734018325806,19.6771706443151,,
ARG,Argentina,AR,2003,3320.47775133903,127.586973492177,51.0,8.2,13.8,33.1,17.8300273239507,15.3683581045067,10.1083975461586,7.5,,,,3.53504991531372,19.8373029880995,,
ARG,Argentina,AR,2004,4242.02099089422,164.657930452787,48.5,6.0,10.6,28.6,17.2943670532529,14.8992843846332,9.57514461847047,7.49,,,,3.48652005195618,16.8763416365527,,
ARG,Argentina,AR,2005,5067.65342293276,198.737095012282,47.8,4.4,8.7,24.5,16.7333575728606,14.4086350472422,9.15499324765848,7.44,7.2,2.5,1.7,3.86000990867615,,,
ARG,Argentina,AR,2006,5869.38028970204,232.557260817308,46.4,3.5,6.8,19.9,16.2292016206499,13.9678108578121,8.78146430853085,7.38,,,,4.12821006774902,,,
ARG,Argentina,AR,2007,7185.25155147027,287.530508430568,46.3,2.8,5.6,18.9,15.7973812615562,13.5884480782881,8.42240749372034,7.33,,,,4.46260023117065,,,
ARG,Argentina,AR,2008,8944.1102657357,361.558037110419,45.0,2.6,5.3,16.7,15.3887680194697,13.2306789427359,8.09466782773482,7.29,,,,4.84440994262695,,,
ARG,Argentina,AR,2009,8150.23527028221,332.976484577619,43.8,2.4,4.5,15.2,14.9440275476769,12.8428589164795,7.8112941432833,7.26,,,,5.53105020523071,,,
ARG,Argentina,AR,2010,10260.1313108254,423.62742209249,43.7,1.5,3.5,13.6,14.4406434913685,12.402115101901,7.60237363501831,7.25,,,,5.01971006393433,,,
ARG,Argentina,AR,2011,12704.2831819684,530.158122010442,42.7,1.2,2.3,11.3,13.8826764285275,11.9150349614866,7.48479797663568,7.24,,,,5.29062986373901,,,Low
ARG,Argentina,AR,2012,12949.717486654,545.982375701128,41.4,1.3,2.5,10.3,13.2863226888958,11.39296195166,7.42672736582394,7.25,,,,5.34582996368408,,,
ARG,Argentina,AR,2013,12963.675773326,552.025140252245,41.1,1.1,2.2,10.4,12.704969655437,10.8852745502639,7.32995315871171,7.26,,,,5.43661022186279,,,
ARG,Argentina,AR,2014,12233.1444119186,526.319673731638,41.8,1.1,2.5,11.7,12.1898117574431,10.4337704144982,7.11110569216023,7.28,,,,5.36144018173218,24.5697808575806,,
ARG,Argentina,AR,2016,12699.9623137756,557.532320662954,42.3,1.3,2.6,11.5,11.363106283175,9.70563658554065,6.50797108322867,7.31,,,,5.54548978805542,26.1799164832469,,
ARG,Argentina,AR,2017,14532.5009308511,643.628393281364,41.4,1.1,2.5,9.8,11.0345587791597,9.41358080384252,6.26134432956906,7.33,,,,5.45431995391846,24.2825320419979,,
ARG,Argentina,AR,2018,11752.7998922979,524.819892360176,41.7,1.6,3.2,12.5,10.7455102810636,9.15611018783504,6.12522036062526,7.35,8.7,2.0,1.7,4.87773990631104,22.6709430512171,,
ARG,Argentina,AR,2019,9955.97478680428,447.754683615224,43.3,1.7,3.8,14.9,10.4830734242708,8.92211959390004,6.12264035314911,7.36,,,,4.7716498374939,22.0364845686943,,
ARG,Argentina,AR,2020,8535.59938004389,385.740508436965,42.7,2.2,4.2,18.3,10.2582116963671,8.72032314366994,6.12530945579591,7.36,,,,5.27689981460571,25.8405452538391,,
ARG,Argentina,AR,2021,10738.0179223384,486.564085480036,42.4,1.4,3.3,14.2,10.0468513667165,8.53004221323062,5.93672287579876,,,,,4.65393018722534,22.8967903877811,,
ARG,Argentina,AR,2022,13935.6811110049,632.790070063124,40.7,1.3,2.9,13.9,9.84577900908724,8.3497883174835,5.49466665309962,,,,,4.79263019561768,21.9068187207194,,
ARG,Argentina,AR,2023,14187.4827252965,646.075277525125,42.4,1.2,3.1,16.4,9.64850748979662,8.1754957925572,5.001731752056,,,,,5.89754023690244,21.1189070510753,,
ARG,Argentina,AR,2024,13858.2039802008,633.266692533688,42.4,1.0,2.8,15.2,10.3804661501567,,,,,,,,,,
ARM,Armenia,AM,2001,659.588988535629,2.11846791337873,35.4,24.1,47.3,85.5,29.2827406617807,26.3803049256104,15.3420258310698,8.78,,,,2.46943998336792,,,
ARM,Armenia,AM,2002,742.651118319819,2.37633504839976,34.8,19.8,43.7,84.6,27.8841160304609,25.017843776682,14.6392351109252,8.68,,,,2.13504004478455,,,
ARM,Armenia,AM,2003,882.030167695474,2.80706100869084,33.0,14.8,39.7,84.9,26.5417476698003,23.7158097955778,13.9448794370467,8.56,,,,2.1450400352478,,,
ARM,Armenia,AM,2004,1130.08791444158,3.57661524041616,37.5,10.3,29.0,76.2,25.2291707742897,22.4511879884368,13.2906579237456,8.44,,,,2.48673009872436,16.9559988456693,,
ARM,Armenia,AM,2005,1557.48458908655,4.9004695111019,36.0,6.1,19.4,70.7,23.9904366093392,21.2650496730178,12.6489852327164,8.33,16.9,4.1,3.8,2.71202993392944,18.1464405215631,,
ARM,Armenia,AM,2006,2041.65267068997,6.3844520665146,29.7,4.5,15.5,66.8,22.8160529881216,20.1415688034934,12.0339597451503,8.25,,,,2.71577000617981,17.1482192993136,,
ARM,Armenia,AM,2007,2962.70234594569,9.20630126979164,31.2,3.7,13.7,59.7,21.7061890578598,19.0844001746424,11.4448034035732,8.21,,,,3.01893997192383,17.0424253804612,,
ARM,Armenia,AM,2008,3777.66859313767,11.6620407138753,29.2,2.0,9.3,56.3,20.6480754617322,18.103638216444,10.8907174498682,8.2,,,,3.17272996902466,21.1396851697465,,
ARM,Armenia,AM,2009,2820.5926553347,8.6479370812562,28.0,3.1,13.9,65.0,19.6507303466185,17.1998129904103,10.343094410395,8.23,,,,3.84079003334045,23.8619179943921,,
ARM,Armenia,AM,2010,3041.34450723339,9.26028575562424,30.0,2.9,14.1,66.0,18.7092632301967,16.3634418768776,9.83967073110149,8.25,23.6,8.0,5.4,3.24900007247925,22.9973623470093,,
ARM,Armenia,AM,2011,3349.55309771906,10.1421118245835,29.4,3.1,13.1,63.0,17.8141172450955,15.5696801439193,9.36668564735368,8.27,,,,3.14385008811951,22.5680163171222,,
ARM,Armenia,AM,2012,3511.56399687426,10.6193206829473,29.6,2.5,11.2,59.6,16.9600745069253,14.8204043019423,8.92754469830871,8.28,,,,2.77248001098633,21.3736421560682,,
ARM,Armenia,AM,2013,3680.16692158886,11.1214644370415,30.6,2.9,11.4,57.4,16.1562820259079,14.1231901069483,8.50986879720397,8.29,,,,2.65018010139465,22.6371817977093,,
ARM,Armenia,AM,2014,3852.11800610384,11.6095132467958,31.5,3.4,11.4,55.2,15.3804397043496,13.4499946474483,8.11151317920883,8.3,,,,2.24724006652832,23.9875580530759,,
ARM,Armenia,AM,2015,3512.39350276709,10.553337518414,32.4,2.9,9.5,50.7,14.6488747852455,12.824035527868,7.73123720859275,8.3,,,,2.80591011047363,25.0779813488419,0.4856131970882416,
ARM,Armenia,AM,2016,3524.42476874707,10.5461362355219,32.5,2.5,9.6,45.9,13.9707057410061,12.236944065973,7.37029689509018,8.31,13.4,3.1,5.9,2.75812005996704,25.7115181584805,,
ARM,Armenia,AM,2017,3869.05373867752,11.5274587090158,33.6,2.4,8.1,52.7,13.3218249747431,11.6866806417303,7.02355936369126,8.3,,,,2.70759010314941,22.6297249923647,,
ARM,Armenia,AM,2018,4196.00562301769,12.4579406947395,34.4,2.9,9.4,52.8,12.7114825411208,11.1642102931297,6.69390256146162,8.29,,,,2.11331180512289,22.0768137564949,,
ARM,Armenia,AM,2019,4597.22887399548,13.6192905392116,30.0,2.4,9.8,57.1,12.1320360351397,10.66970817376,6.38288565991778,8.27,,,,2.15984239839771,21.7584805720085,,
ARM,Armenia,AM,2020,4268.68093304583,12.6416985832152,25.1,1.5,6.7,58.2,11.5714440557054,10.1853518473194,6.08710667047482,8.27,,,,2.70555996894836,26.5812877778437,,
ARM,Armenia,AM,2021,4685.17997128509,13.8789086289378,27.9,2.1,8.8,57.0,11.0391690610356,9.72991673773534,5.80904916033151,,,,,2.76784992218018,24.968529504044,,
ARM,Armenia,AM,2022,6571.97445545099,19.5135065531251,27.9,1.9,10.0,55.7,10.5305723433989,9.29311504192371,5.5458889125683,,,,,2.4918999671936,21.1627548327889,,
ARM,Armenia,AM,2023,8125.27395754003,24.0857495923359,27.2,1.9,8.4,56.9,10.0444541803123,8.8751046504844,5.28293558911895,,,,,2.43869996070862,21.034321345275,,
AUS,Australia,AU,2001,19695.7297379144,379.629301675108,33.5,1.0,1.0,1.7,6.07714523511331,5.01601952537822,3.4796160726605,6.25,,,,,26.178184398687,,
AUS,Australia,AU,2003,23718.1338501868,467.739079790332,33.5,1.0,1.2,2.0,5.90909712074225,4.89509492168152,3.38709693364924,6.28,,,,,25.7046374833771,,
AUS,Australia,AU,2004,30836.7306824685,614.659980082515,33.1,0.7,0.7,1.2,5.83214403366044,4.84029066504985,3.33348524761524,6.29,,,,,25.6056957095855,,
AUS,Australia,AU,2008,49701.2817843335,1056.11242719038,35.4,0.7,0.7,1.0,5.21928770294957,4.36330528111446,3.00493264981948,6.33,,,,,24.3225624327649,,
AUS,Australia,AU,2010,52144.6654705468,1148.83823348072,34.7,0.3,0.7,1.0,4.76940055680599,4.0000011178071,2.75749970856963,6.37,,,,,26.7049854253781,,
AUS,Australia,AU,2014,62544.0873773726,1468.26535642776,34.4,0.5,0.7,1.0,3.97930594749851,3.35794623978979,2.38213589062542,6.45,,,,,26.2576336510283,,
AUS,Australia,AU,2016,49888.0410842736,1206.83696228184,33.7,0.5,0.5,1.0,3.8254982141468,3.23825178048529,2.33663709783188,6.48,,,,,26.9840896451806,,
AUS,Australia,AU,2018,57196.4220783778,1427.80904101944,34.3,0.5,0.7,1.2,3.78900413559939,3.21776630951985,2.3468774937631,6.51,,,,,26.2293809326048,,
AUS,Australia,AU,2020,51791.540179984,1328.41405837838,33.8,1.0,1.0,1.5,3.77297462496702,3.21407774514772,2.35966537402988,6.55,,,,5.38625001907349,30.2551947530937,,
AUT,Austria,AT,2000,24487.2974685956,196.181599831286,29.0,0.2,0.2,0.6,5.49889606580409,4.54963979795063,3.07879858716342,6.96,,,,5.62036991119385,46.4244332273425,,
AUT,Austria,AT,2003,32110.1159661425,260.779834340097,29.5,0.4,0.4,0.7,5.18789071737649,4.29475061185014,2.9893080031647,6.9,,,,5.39253997802734,46.1536982748192,,
AUT,Austria,AT,2004,36614.2506533707,299.210411454823,29.8,0.1,0.1,0.4,5.05076154745371,4.18252679247196,2.92608132584636,6.87,,,,5.34224987030029,48.9500268699742,,
AUT,Austria,AT,2005,38157.37022862,313.952317330776,28.7,0.2,0.2,0.5,4.90584943996293,4.06453409259406,2.84651139657388,6.85,,,,5.28515005111694,46.2539521666493,,
AUT,Austria,AT,2006,40382.2078298575,333.905979332481,29.6,0.1,0.2,0.5,4.76555379526753,3.95040854319595,2.7592629270758,6.82,,,,5.26367998123169,45.5316465384067,,
AUT,Austria,AT,2007,46622.9622913635,386.760177589497,30.6,0.4,0.6,0.8,4.64265091934733,3.85102081299016,2.67994535307622,6.8,,,,5.17918014526367,44.2908136763851,,
AUT,Austria,AT,2008,51581.3982361071,429.234399096173,30.4,0.5,0.6,1.0,4.54343474651227,3.7711963406634,2.6127011833971,6.78,,,,5.29851007461548,44.8763008234169,,
AUT,Austria,AT,2009,47857.4446635266,399.290118782429,31.5,0.7,0.7,1.0,4.44409434420071,3.69119170344422,2.55504024218294,6.77,,,,5.76567983627319,48.0972422914672,,
AUT,Austria,AT,2010,46611.1393420232,389.827789217634,30.3,0.5,0.6,0.8,4.3257803081414,3.59520870385434,2.49870654215922,6.75,,,,5.73625993728638,46.7361288145075,,
AUT,Austria,AT,2011,51116.8953522042,428.954737064057,30.8,0.5,0.6,1.0,4.18826187523281,3.48346795425328,2.44599408502423,6.72,,,,5.62787008285522,45.7857004145268,,
AUT,Austria,AT,2012,48250.4059142637,406.75048760359,30.5,0.7,0.7,1.1,4.04769737411353,3.36899456235544,2.39661787815024,6.69,,,,5.51611995697021,46.5833364419865,,
AUT,Austria,AT,2013,50305.3545774973,426.580502769416,30.8,0.3,0.4,0.7,3.91698893380702,3.26299737326857,2.35109473278716,6.65,,,,5.59405994415283,47.2584334360885,,
AUT,Austria,AT,2014,51314.9722616322,438.556021078034,30.5,0.2,0.3,0.7,3.80250004315062,3.17067680855696,2.3087210751133,6.6,,,,5.4976601600647,47.3819786391457,,
AUT,Austria,AT,2015,43915.228020857,379.546097300633,30.5,0.7,0.7,1.2,3.71224360373736,3.09792049632725,2.26895487851602,6.56,,,,5.49144983291626,46.3323461865485,,
AUT,Austria,AT,2016,45061.4993920192,393.687359770273,30.8,0.7,0.9,1.3,3.64665587857101,3.04550453070711,2.23630292210728,6.51,,,,5.50954008102417,45.553025088735,,
AUT,Austria,AT,2017,47163.7425775142,414.926138132691,29.7,0.3,0.4,0.7,3.59380447579935,3.00376863493652,2.21576070115692,6.46,,,,5.40181016921997,44.8654197632576,,
AUT,Austria,AT,2018,51194.0749841299,452.582294972775,30.8,0.6,0.7,1.2,3.54861778963197,2.96854258973544,2.20855375516383,6.41,,,,5.25437021255493,44.1363840597814,,
AUT,Austria,AT,2019,49885.9947355204,442.983642371842,30.2,0.6,0.7,0.9,3.49366199578761,2.92498492499004,2.19624567757284,6.36,,,,5.23678016662598,43.9069061163649,,
AUT,Austria,AT,2020,48716.4098900349,434.397601557696,29.8,0.7,0.9,1.1,3.42054535520444,2.86616023081812,2.16721263570314,6.31,,,,5.57961988449097,51.1591725615403,,
AUT,Austria,AT,2021,53648.7190742245,480.467037338783,30.7,0.5,0.5,1.1,3.32912917152151,2.79208199692615,2.12206414971942,,,,,5.48071002960205,50.0215856914731,,
AUT,Austria,AT,2022,52176.6649141178,471.77362983038,30.9,0.6,0.7,1.1,3.22882819817805,2.71003295830817,2.06292260378986,,,,,5.27748012542725,47.509529668642,,
AUT,Austria,AT,2023,56033.573792065,511.685203845,31.2,0.5,0.6,1.0,3.12639981361465,2.6263181932444,1.99683105661073,,,,,,46.4788740013619,,
AZE,Azerbaijan,AZ,2001,703.670998584686,5.70761620372011,36.5,11.4,27.9,73.1,69.0202355525737,55.7435251648069,32.9781313706597,10.99,18.0,5.9,3.2,3.50342011451721,,,
AZE,Azerbaijan,AZ,2002,763.108895463487,6.23608773828284,25.3,0.2,2.5,53.7,64.1261055125142,51.6954155602629,31.5613168916441,10.99,,,,3.15445995330811,,,
AZE,Azerbaijan,AZ,2003,883.692580745256,7.2764130791145,26.8,0.2,3.1,48.8,59.5717001616866,47.9075268407222,30.0319370443284,10.98,,,,3.28614997863769,,,
AZE,Azerbaijan,AZ,2004,1045.0136328106,8.68040574094125,26.6,0.0,0.9,47.7,55.4696137711852,44.4840421043491,28.5206461412355,10.97,,,,3.44770002365112,,,
AZE,Azerbaijan,AZ,2005,1578.36733030667,13.245421880834,26.6,0.0,0.3,35.9,51.8347746948204,41.4380349798663,27.0903964296097,10.97,,,,2.97462010383606,,,
BDI,Burundi,BI,2006,161.892755640319,1.27337507844844,33.4,81.5,91.0,98.5,116.813169582298,69.4744972812677,32.107749928775,15.39,,,,,,,
BDI,Burundi,BI,2013,234.843045388828,2.45160663229246,38.6,75.8,87.3,97.1,75.4601646198312,46.3274730454553,25.2532198621691,15.04,,,,5.99539995193481,17.0164704203652,,
BDI,Burundi,BI,2020,210.008139902508,2.64968026144299,37.5,74.2,87.2,97.4,54.631948674125,34.4899572816902,20.9295543085127,14.78,50.9,27.7,5.7,5.32158506838731,17.6736886423553,,
BEL,Belgium,BE,2000,23098.8865077401,236.792460312471,33.1,0.3,0.7,1.0,5.87522427743049,4.84582744847472,2.98437428874181,7.16,,,,,42.6348525059249,,
BEL,Belgium,BE,2003,30655.2092679024,318.082528506588,28.1,0.4,0.5,0.9,5.32389734754517,4.37794300565624,2.73489587115744,7.1,,,,,42.5564419939957,,
BEL,Belgium,BE,2004,35429.4077933344,369.214712443206,30.5,0.1,0.1,0.4,5.16942076604629,4.24846078254639,2.68396388529813,7.08,,,,,40.8989362902799,,
BEL,Belgium,BE,2005,36809.7013403619,385.714762230039,29.3,0.3,0.3,0.6,5.02973488573692,4.13270093423401,2.63461948081198,7.06,,,,5.79585981369019,43.5309136698259,,
BEL,Belgium,BE,2006,38705.1067959147,408.259840868823,28.1,0.2,0.2,0.4,4.90363342013812,4.02910545039281,2.57762293251116,7.05,,,,,40.5934156846885,,
BEL,Belgium,BE,2007,44319.165448813,470.922156309453,29.2,0.2,0.2,0.4,4.78531336041116,3.93249722444257,2.51433433769322,7.04,,,,,40.2935344941736,,
BEL,Belgium,BE,2008,48303.397956286,517.328087920078,28.4,0.1,0.1,0.3,4.66906250519866,3.83901874129846,2.44773620809466,7.03,,,,6.33294010162354,42.1013518104548,,
BEL,Belgium,BE,2009,44923.3400135081,485.014525992461,28.6,0.1,0.2,0.3,4.55929248097925,3.75121071188626,2.38241923881474,7.03,,,,6.43465995788574,44.2375786842218,,
BEL,Belgium,BE,2010,44197.393671162,481.556503720001,28.4,0.1,0.2,0.5,4.45885134557465,3.67221957020349,2.32806522052535,7.02,,,,6.44077014923096,43.5672983109901,,
BEL,Belgium,BE,2011,47760.8298776546,527.196649048639,28.1,0.2,0.3,0.6,4.36995238516901,3.60380489313908,2.29213659370453,7.0,,,,6.38481998443604,44.5122501817844,,
BEL,Belgium,BE,2012,44874.1709182123,498.414364944961,27.5,0.2,0.2,0.5,4.2894159763994,3.54267170623066,2.27517834653745,6.98,,,,6.56626987457275,45.704833465615,,
BEL,Belgium,BE,2013,46964.5946777056,524.09702659855,27.7,0.1,0.2,0.5,4.21693855585754,3.48912253359867,2.2738317401329,6.96,,,,6.60135984420776,45.341690143058,,
BEL,Belgium,BE,2014,47995.7786961339,537.987419164351,28.1,0.1,0.1,0.3,4.15360664268418,3.4430880758523,2.28345119596285,6.93,1.6,1.1,0.5,6.55865001678467,44.953912538649,,
BEL,Belgium,BE,2015,40893.804537772,461.044767544531,27.7,0.1,0.2,0.2,4.1050913619747,3.41018560240857,2.29472243507545,6.9,,,,6.46963977813721,41.7110348512049,,
BEL,Belgium,BE,2016,41854.5498296444,474.271566739729,27.6,0.1,0.1,0.3,4.06722656241036,3.38631911178912,2.30245526697852,6.87,,,,6.48613023757935,41.1616434494037,,
BEL,Belgium,BE,2017,44035.3239358548,500.90876735153,27.4,0.2,0.2,0.4,4.0311327023427,3.36350529443786,2.30572553325011,6.84,,,,6.44915008544922,40.1035662028041,,
BEL,Belgium,BE,2018,47487.2100392561,542.638913427921,27.2,0.1,0.1,0.2,3.98640533950915,3.33316266241688,2.30308304700047,6.81,,,,6.38883018493652,39.9416268146679,,
BEL,Belgium,BE,2019,46716.6227467964,536.726344405489,27.2,0.1,0.1,0.2,3.9289662960746,3.2921704636017,2.29114769719279,6.78,,,,6.32381010055542,39.4025048550939,,
BEL,Belgium,BE,2020,45906.2875805246,529.694473501791,26.0,0.1,0.1,0.3,3.85877616439055,3.2395905748942,2.2605329129947,6.76,,,,6.75470018386841,43.656605302545,,
BEL,Belgium,BE,2021,51658.238294958,598.52242224185,26.6,0.0,0.1,0.3,3.77938180593982,3.17965038778124,2.21423625053521,,,,,6.38112020492554,41.4118090170245,,
BEL,Belgium,BE,2022,50822.2518538518,593.614574325878,26.4,0.0,0.1,0.2,3.69625524596886,3.11547285755805,2.15821891991345,,,,,6.27796983718872,39.5682713023795,,
BEL,Belgium,BE,2023,54690.0942734964,644.65527511158,26.8,0.1,0.1,0.3,3.60260920510039,3.04260333569625,2.09884306488733,,1.9,0.3,0.8,,,,
BEN,Benin,BJ,2003,676.002878084282,5.34925809448239,38.6,70.5,84.2,96.5,126.47555872001,74.2105830126606,36.7471691627166,18.51,,,,2.28315997123718,,,
BEN,Benin,BJ,2011,1059.41358852588,10.6933213636574,43.4,68.4,80.3,94.1,106.16137363134,62.4099420457931,33.3835545367672,17.59,,,,,,,
BEN,Benin,BJ,2015,1002.41886879614,11.3881609967738,47.6,65.8,83.4,93.2,97.1157791484731,56.9655810639816,31.7352908822621,17.11,,,,3.17298007011414,,,
BEN,Benin,BJ,2018,1151.7409703472,14.2624080899261,37.9,37.2,58.5,88.1,90.4570108453301,53.1194420190517,30.4704033882043,16.7,39.5,20.5,5.1,2.93161988258362,,,
BEN,Benin,BJ,2021,1318.65158107487,17.6876235346665,34.4,27.2,50.0,86.5,83.0583134212207,49.1194355025321,29.0132451308566,,39.9,23.9,7.2,3.09692638090381,,,
BFA,Burkina Faso,BF,2003,362.373899996953,4.74076814267494,43.3,69.6,81.1,95.1,164.254036880637,85.8988752805995,38.0284425375383,19.94,,,,,9.30638470843529,,
BFA,Burkina Faso,BF,2009,601.569520671859,9.45069687334326,39.8,67.2,82.3,95.9,126.814668818578,68.1719573886855,31.7891276437099,19.34,35.1,26.0,11.3,,11.2287831746703,,
BFA,Burkina Faso,BF,2014,764.861675106225,13.9430160767436,35.3,58.7,77.4,94.5,104.714979165563,57.9805790729914,28.8460134455373,18.91,29.0,20.0,8.5,4.05329990386963,12.8787351779888,,
BFA,Burkina Faso,BF,2018,777.465618514048,15.8900662212882,43.0,47.7,66.1,89.5,91.2302287579781,51.608978371125,26.8471746411883,18.6,24.9,17.7,8.4,5.488609790802,17.3707418259823,,
BFA,Burkina Faso,BF,2021,895.535288442991,19.6975162843787,37.4,42.1,64.6,90.4,82.4705380552955,47.3295706871348,25.4228257543224,,29.2,24.3,12.9,5.24913346712028,19.8586086524281,,
BGD,Bangladesh,BD,2000,396.670730249751,53.3697873186244,33.4,41.4,66.5,92.3,85.4054169283021,59.8101616406367,43.2181353927055,25.66,51.1,42.4,12.5,2.12508010864258,,,
BGD,Bangladesh,BD,2005,480.08585075452,69.476001239419,33.2,32.3,59.0,90.0,63.1686791691008,46.0404171433396,34.8997298893213,25.17,46.2,39.7,14.5,,8.1426283401405,,
BGD,Bangladesh,BD,2010,757.385280361508,115.275540051262,32.1,25.1,52.1,88.6,48.9059398425992,36.8743019910419,28.8442881085041,24.49,,,,,9.26625106718959,,
BGD,Bangladesh,BD,2016,1649.28380858601,265.224515675034,32.4,19.5,44.7,85.7,36.9130170538597,28.6469125931008,22.4992912956988,23.67,,,,1.28183996677399,7.86276813546215,,
BGD,Bangladesh,BD,2022,2716.48592780431,460.131689083083,30.9,5.9,20.5,71.5,30.6670360079829,24.3590664612643,18.0395385583455,,23.6,21.7,10.7,2.08538657806243,,,
BGR,Bulgaria,BG,2001,1770.90704918691,14.1834460257389,32.7,4.7,9.1,35.8,16.7532023332124,13.773745121893,7.57502316697527,10.54,,,,3.38423991203308,33.7999982444074,,
BGR,Bulgaria,BG,2003,2719.49436859287,21.1449579904681,28.9,2.2,5.5,37.3,15.1046257197367,12.4916819557363,6.81953738273199,10.54,,,,3.99845004081726,34.9141085036207,,
BGR,Bulgaria,BG,2006,4523.1465578805,34.3805364956738,35.7,8.0,12.0,33.5,12.4495977338897,10.3629846305164,5.55781010508857,10.58,,,,3.90346002578735,29.6121304490211,,
BGR,Bulgaria,BG,2007,5888.57081403932,44.4312571288618,36.1,2.5,5.4,18.5,11.8331456161863,9.8643308021841,5.30426527996017,10.63,9.2,3.7,4.7,3.680340051651,32.7946577032009,,
BGR,Bulgaria,BG,2008,7271.30338858025,54.4806841884442,33.6,1.9,3.9,13.4,11.449947574014,9.55705038357323,5.21279330547109,10.67,,,,4.2190899848938,31.8122701168032,,
BGR,Bulgaria,BG,2009,6988.27316296465,52.02380123012,33.8,1.8,3.3,13.0,11.1636370478587,9.32753186602505,5.17475055092241,10.73,,,,4.27429008483887,33.8382129955994,,
BGR,Bulgaria,BG,2010,6853.94805511171,50.6890513824361,35.7,2.7,4.9,15.9,10.8396464096551,9.06377016805722,5.09009768771576,10.81,,,,3.85746002197266,31.6315388880341,,
BGR,Bulgaria,BG,2011,7849.58061302818,57.6812930069721,34.3,3.4,5.7,17.0,10.4216660501147,8.71710235167436,4.93786511443118,10.88,,,,3.54690003395081,29.8496236412362,,
BGR,Bulgaria,BG,2012,7431.95789508871,54.2970520022338,36.0,3.0,5.8,16.8,9.89848240812487,8.27812878619171,4.73135838237354,10.96,,,,3.47650003433227,30.9132693281019,,
BGR,Bulgaria,BG,2013,7795.98092108928,55.8192623749039,36.6,3.3,5.5,15.2,9.29363782564111,7.76921261463088,4.50278523627139,11.03,,,,4.05766010284424,32.9223988647865,,
BGR,Bulgaria,BG,2014,8069.60005667684,57.0808970121077,37.4,2.7,4.3,13.2,8.69344273255224,7.26219789809429,4.27273444790187,11.1,7.0,1.7,5.9,,37.9434073102519,,
BGR,Bulgaria,BG,2015,7268.65445473873,50.7659181591476,38.6,4.6,6.4,15.6,8.15928039226341,6.80887076309925,4.06834245007658,11.15,,,,,34.2858376669531,,
BGR,Bulgaria,BG,2016,7822.49923292968,53.9293970392106,40.6,3.1,5.1,11.6,7.70115549505858,6.41834353141493,3.87522030680605,11.2,,,,,32.0269320095318,,
BGR,Bulgaria,BG,2017,8696.68930427924,59.167647387606,40.4,2.0,3.7,11.7,7.30626724064117,6.07956227353138,3.67244310611372,11.23,,,,4.07755994796753,31.9919661067059,,
BGR,Bulgaria,BG,2018,9872.38507789106,66.2515820359412,41.3,1.5,2.6,9.1,6.96547946413363,5.78570935594228,3.44969821272957,11.27,,,,4.05202007293701,33.0814837240474,,
BGR,Bulgaria,BG,2019,10372.8044341114,68.6340047921,40.3,1.6,3.0,8.2,6.69052279787169,5.54659798706743,3.22714523505746,11.31,,,,4.21429014205933,33.1317348471441,,
BGR,Bulgaria,BG,2020,10769.9475699414,70.5506524666251,40.5,0.7,1.5,5.8,6.47772798317469,5.35830928655503,3.02147461807406,11.36,,,,4.48297023773193,36.4634393218119,,
BGR,Bulgaria,BG,2021,12972.2173356002,84.4141228401687,39.0,1.2,2.0,6.5,6.31252438647687,5.2107362977695,2.84210953616345,,,,,4.7092399597168,37.6808446952674,,
BGR,Bulgaria,BG,2022,13999.6719197289,90.5092369292236,38.2,1.1,1.7,5.5,6.18285565828212,5.09351340634485,2.69812980870971,,,,,4.50109004974365,39.3206741649902,,
BGR,Bulgaria,BG,2023,15883.8618545581,102.396840296147,39.5,1.0,1.6,4.4,6.0768100588774,4.99561067124344,2.59028029740957,,,,,,35.6868250526548,,
BIH,Bosnia and Herzegovina,BA,2001,1387.89365131544,5.80061546626648,30.0,0.6,1.6,20.2,8.9283187294556,7.78835725340026,6.15464850129485,5.07,,,,,,,
BIH,Bosnia and Herzegovina,BA,2004,2452.68616839392,10.156541538399,34.0,0.4,0.9,9.7,7.62986122062464,6.64626694594959,5.38780183675659,5.1,,,,,,,
BIH,Bosnia and Herzegovina,BA,2007,3931.48948737505,15.7787342643787,33.1,0.2,0.6,6.8,7.08164189875359,6.17124719884468,5.00595374331108,5.12,,,,,36.0736132174875,,
BIH,Bosnia and Herzegovina,BA,2011,4982.69375768263,18.6442335371092,33.0,0.2,1.0,8.1,6.77182480271626,5.91455405057534,4.93291137987286,5.16,,,,,38.1186179452594,,
BLR,Belarus,BY,2000,1276.28038121269,12.7367804551539,31.2,26.5,49.5,89.4,12.7662265397151,9.9327026690291,5.2236534192045,5.3,,,,6.19661998748779,25.3401651010532,,
BLR,Belarus,BY,2001,1244.37318523431,12.3548201438849,30.6,14.7,33.0,80.5,11.8342755239346,9.17051320447045,4.41136440636275,5.28,,,,,26.8710548994946,,
BLR,Belarus,BY,2002,1479.38066337175,14.5949009447658,30.3,10.4,26.7,76.1,10.9515087168804,8.45368881608049,3.88775939771925,5.25,,,,,24.6783838275634,,
BLR,Belarus,BY,2003,1819.52653114699,17.8254447244878,28.8,8.7,22.6,73.3,10.1522693910783,7.80860476425362,3.57616436348093,5.22,,,,,28.2128169988623,,
BLR,Belarus,BY,2004,2378.33700470129,23.1415662929462,26.5,4.3,13.6,64.5,9.43483432455112,7.23375760985417,3.38455774606992,5.18,,,,5.7122597694397,29.2698762597066,,
BLR,Belarus,BY,2005,3126.07176665248,30.2100918368294,27.6,2.4,8.2,47.2,8.73848457336072,6.68198053777918,3.19029197520077,5.14,11.8,2.8,2.6,5.8710298538208,30.250762674224,,
BLR,Belarus,BY,2006,3848.22350300163,36.9618942813444,28.3,1.1,4.9,36.7,8.01491394247867,6.11447095809796,2.90133502892112,5.1,,,,6.07696008682251,32.4134847792902,,
BLR,Belarus,BY,2007,4735.48107556066,45.275711995825,29.6,1.1,3.3,28.2,7.29973694489859,5.55864741844725,2.56224259359565,5.07,,,,5.15210008621216,34.6577822535411,,
BLR,Belarus,BY,2008,6376.17569162063,60.752106347126,27.8,0.5,2.4,24.0,6.64341960200204,5.05230287815588,2.23765103274816,5.05,,,,,33.9503611411595,,
BLR,Belarus,BY,2009,5352.48809190697,50.8731673260414,27.7,0.5,2.2,22.3,6.07489000400486,4.6157396313707,1.97631977257835,5.03,,,,4.3689398765564,31.7738362587998,,
BLR,Belarus,BY,2010,6034.67885177216,57.2319045428755,28.6,0.2,1.3,18.0,5.59290918675793,4.24736481349299,1.79570995426546,5.02,,,,5.22003984451294,30.2074804270194,,
BLR,Belarus,BY,2011,6527.6593428786,61.7623823279319,27.2,0.1,0.9,14.6,5.19355873236568,3.94413952861453,1.71329710593042,5.02,,,,4.68479013442993,25.4492994190304,,
BLR,Belarus,BY,2012,6953.21591683101,65.6858904388922,26.5,0.1,0.3,9.2,4.85991672418751,3.6931502144247,1.69362426778784,5.03,,,,4.95964002609253,27.6224227639515,,
BLR,Belarus,BY,2013,7998.0802045456,75.5275589664473,26.6,0.0,0.1,5.8,4.57672707184142,3.48123036175634,1.68097170012115,5.04,,,,5.0094199180603,28.2546964798114,,
BLR,Belarus,BY,2014,8341.31809294883,78.8130691209983,27.2,0.0,0.1,5.4,4.32454569956404,3.29334749030626,1.64172633729519,5.06,,,,4.81832981109619,27.410400205909,,
BLR,Belarus,BY,2015,5967.05595058777,56.4547698447632,25.6,0.0,0.3,6.8,4.08782337540696,3.1174016748489,1.57350569125061,5.08,,,,4.78750991821289,28.110499205426,,
BLR,Belarus,BY,2016,5039.77560949445,47.723545321259,25.3,0.0,0.3,7.4,3.85360540042265,2.94323856399583,1.48120930000865,5.1,,,,4.94654989242554,29.4170537971155,,
BLR,Belarus,BY,2017,5785.54491935194,54.7254057511559,25.4,0.0,0.2,6.2,3.61539715363621,2.76485797353271,1.36527717591657,5.11,,,,4.79500007629395,29.3216054007539,,
BLR,Belarus,BY,2018,6360.037502312,60.03102657626,25.2,0.0,0.1,4.3,3.37260661461968,2.58260531425924,1.22942563705037,5.11,,,,4.83656978607178,28.1637805187554,,
BLR,Belarus,BY,2019,6837.77339645635,64.4101706534569,25.3,0.0,0.0,3.9,3.13233403016875,2.401381779809,1.08332888006688,5.12,1.1,,1.3,4.97948980331421,28.5883479992147,,
BLR,Belarus,BY,2020,6542.85579976768,61.3716733447424,24.4,0.0,0.1,2.6,2.91420011386217,2.23722481824872,0.960370971090326,5.12,1.2,,1.3,4.86263990402222,29.9281796626654,,
BLZ,Belize,BZ,2018,6031.28139580144,2.29325,39.9,1.0,4.0,19.7,13.8983320147746,11.7046095954762,9.74363442847056,11.5,,,,6.12779998779297,,,
BOL,Bolivia,BO,2000,975.777060358751,8.39785548476908,61.6,28.3,36.2,58.8,75.7189396938024,59.6131376367087,29.6572700915167,8.87,,,,,20.5536490053406,,
BOL,Bolivia,BO,2001,930.168227214313,8.14151692839489,57.4,22.3,30.1,54.2,71.4204413136892,56.5573585919783,28.743587440176,8.85,,,,,24.2449169289855,,
BOL,Bolivia,BO,2002,888.221328974352,7.90548514644351,59.3,23.9,32.0,56.4,67.3572548971459,53.6563155300296,28.0083733430633,8.83,,,,,28.7844354599794,,
BOL,Bolivia,BO,2004,953.191893246277,8.7734517515121,55.0,13.2,21.9,49.3,59.8627053824748,48.2152718925247,26.8695793873645,8.75,,,,,27.2111987248072,,
BOL,Bolivia,BO,2005,1020.12326200737,9.54912290532852,58.5,18.7,26.1,49.5,56.3979917036342,45.6887387771199,26.2601281996548,8.7,,,,,25.9831530558235,,
BOL,Bolivia,BO,2006,1202.71150446327,11.4518449022214,56.7,15.9,22.5,44.6,53.1233719672946,43.2763757267985,25.5584267814033,8.63,,,,6.43421983718872,23.9380392527656,,
BOL,Bolivia,BO,2007,1354.54905949929,13.1201080083477,54.5,12.1,19.1,42.7,50.0395702059691,40.9776379968894,24.7505747001357,8.57,,,,6.72048997879028,21.8110433637866,,
BOL,Bolivia,BO,2008,1692.67248455876,16.6742762858955,50.8,10.6,15.4,36.6,47.1658465038755,38.8304633006856,23.857758221082,8.51,38.7,4.5,1.8,6.72302007675171,,,
BOL,Bolivia,BO,2009,1731.18172112209,17.3399921937322,49.2,10.0,14.5,31.9,44.4787602314542,36.8096907849817,22.892663002086,8.46,,,,7.57486009597778,,,High
BOL,Bolivia,BO,2011,2315.52121930607,23.963164696592,46.1,6.9,10.6,25.3,39.6732851337084,33.1654796985288,20.9539225992651,8.36,,,,6.45056009292603,,,
BOL,Bolivia,BO,2012,2575.59857098084,27.0844974819103,46.6,7.9,11.1,25.9,37.4706576060099,31.4841647301207,20.0470014787218,8.31,25.5,3.6,2.1,6.62799978256226,,,
BOL,Bolivia,BO,2013,2870.02377000756,30.6593388856729,47.6,6.8,9.5,23.6,35.4124251926427,29.9028754503138,18.9590901208228,8.26,,,,6.80321979522705,,,
BOL,Bolivia,BO,2014,3041.43503162408,32.9961880173661,47.8,5.6,9.2,22.6,33.5298162907465,28.4365307180773,17.875674198842,8.2,,,,7.47812986373901,,,
BOL,Bolivia,BO,2015,2996.01289811344,33.0001982489146,46.7,6.2,8.8,23.0,31.7995574884481,27.0710826526974,16.9403287580685,8.14,,,,8.14342975616455,,,
BOL,Bolivia,BO,2016,3035.87347732132,33.9411261939219,45.2,7.2,10.2,23.7,30.3067295224565,25.8889572571049,16.152609236495,8.09,24.0,3.4,1.7,8.15060997009277,,,
BOL,Bolivia,BO,2017,3306.30301224425,37.508642170767,44.6,6.4,9.3,23.1,29.0001878149591,24.8464671602488,15.444817744021,8.05,,,,8.09724044799805,,,
BOL,Bolivia,BO,2018,3500.72642189887,40.2876479305355,42.6,4.7,7.9,21.3,27.8093618670705,23.8910278373112,14.8090978334797,8.0,,,,8.01587009429932,,,
BOL,Bolivia,BO,2019,3503.89601123129,40.8953228509406,41.6,3.1,5.8,17.8,26.7181697674123,23.0034745092526,14.215198422849,7.97,,,,8.09103965759277,,,
BOL,Bolivia,BO,2020,3099.94219053514,36.6298438060781,43.6,4.2,6.6,19.5,25.7344309399083,22.1994017233651,13.6969307612514,7.93,,,,8.43710994720459,,,
BOL,Bolivia,BO,2021,3384.84486462654,40.4061116931983,40.9,3.1,5.5,17.1,24.8140047022859,21.4449096123369,13.196745680803,,,,,7.96215009689331,,,
BOL,Bolivia,BO,2022,3643.92826984604,44.0082828798842,41.2,3.3,5.7,18.5,23.9438414707003,20.7306598485184,12.7099841428764,,,,,7.57550001144409,,,
BOL,Bolivia,BO,2023,3686.27996442176,45.1353980028944,42.1,2.8,5.1,16.5,23.1036641974494,20.0376938082068,12.2435835746646,,,,,8.31589071412357,,,
BRA,Brazil,BR,2001,3176.28935747524,559.98363479898,58.4,17.5,26.5,50.3,32.2114331814429,27.2615056464588,17.226296923021,8.05,,,,3.84468007087708,,,
BRA,Brazil,BR,2002,2855.94018885769,509.795273806715,58.1,16.2,25.5,49.8,30.1151482345539,25.5366021049108,16.3052174966601,8.09,,,,3.75037002563477,,,
BRA,Brazil,BR,2003,3090.6070097455,558.233745651874,57.6,17.1,26.3,50.9,28.1479405722422,23.9125684216119,15.4479854839248,8.12,,,,,,,
BRA,Brazil,BR,2004,3663.823188064,669.289424806307,56.5,15.3,24.7,49.5,26.3041586628314,22.3846582905299,14.6415760646904,8.15,,,,3.97447991371155,,,
BRA,Brazil,BR,2005,4827.78173074714,891.633839894183,56.3,13.7,22.7,47.5,24.6146245270752,20.9796409307754,13.8870026184345,8.18,,,,4.47908020019531,,,
BRA,Brazil,BR,2006,5934.14470924968,1107.62654143492,55.6,11.4,19.6,43.7,23.0770814111236,19.6955957948285,13.2013575584646,8.21,,,,4.87060022354126,,,
BRA,Brazil,BR,2007,7409.69130673473,1397.11448636867,54.9,10.8,18.2,41.2,21.7251727532427,18.5648915574167,12.591758789265,8.23,7.5,2.0,2.4,4.97425985336304,,,
BRA,Brazil,BR,2008,8908.33176538648,1695.85508349752,54.0,9.1,15.9,38.2,20.5365015940461,17.5699145756083,12.0429609330719,8.25,,,,5.2688398361206,,,
BRA,Brazil,BR,2009,8678.6592244676,1666.99643858143,53.7,8.4,14.8,36.3,19.4936773170977,16.6957470080048,11.5490807835629,8.27,,,,5.46355009078979,,,
BRA,Brazil,BR,2011,13396.6243562986,2616.15622391769,52.9,7.1,12.2,32.2,17.8646422100075,15.3246719936525,10.6804845115164,8.31,,,,5.73741006851196,28.662521677616,,Low
BRA,Brazil,BR,2012,12521.7213519966,2465.22780280676,53.4,6.4,10.7,30.3,17.2432803752354,14.8012255269412,10.2914624807488,8.34,,,,5.85510015487671,28.1749993082199,,
BRA,Brazil,BR,2013,12458.8912138813,2472.8195355572,52.7,5.4,9.6,27.8,16.7303756317201,14.3689901528969,9.96407061873346,8.38,,,,5.8388500213623,28.150486422269,,
BRA,Brazil,BR,2014,12274.9939689363,2456.04372719885,52.0,4.7,8.8,26.3,16.3112272300763,14.0166569138394,9.71349515635271,8.44,,,,5.94848012924194,29.2822360064413,,
BRA,Brazil,BR,2015,8936.19661712113,1802.2122068145,51.9,5.4,9.4,27.3,15.9637667705098,13.7237101996722,9.52024593428633,8.5,,,,6.24105978012085,33.9491788065831,,
BRA,Brazil,BR,2016,8836.28652735657,1795.69348285301,53.4,6.5,10.8,29.0,16.7790248519747,14.5848898844977,10.0460136087978,8.55,,,,6.314040184021,33.4051681393353,,
BRA,Brazil,BR,2017,10080.5092819305,2063.51497736565,53.3,6.9,11.1,29.2,15.4282362292684,13.2759264586034,9.20887832316839,8.6,,,,6.32047986984253,32.3610510090101,,
BRA,Brazil,BR,2018,9300.66164923219,1916.93389801098,53.9,6.9,11.0,28.6,15.2119495254606,13.0964831036804,9.14212382626791,8.64,,,,6.08851003646851,32.2312978931468,,
BRA,Brazil,BR,2019,9029.83326681073,1873.28820505969,53.5,7.0,10.9,28.0,15.0338456705172,12.9508822451892,9.17422842019327,8.67,8.0,3.5,3.4,5.96346998214722,31.1361557850731,,
BRA,Brazil,BR,2020,7074.19378337644,1476.10723131049,48.9,2.8,5.4,20.8,14.8718958055686,12.8179674016671,9.17465413293289,8.7,,,,5.77150011062622,34.9119748286061,,
BRA,Brazil,BR,2021,7972.5366498646,1670.6473989049,52.9,7.5,11.5,30.5,14.7336358100307,12.7023603252528,8.90062677432756,,,,,5.4969801902771,29.4981043220662,,
BRA,Brazil,BR,2022,9281.33334441234,1951.92394208332,52.0,4.9,8.5,25.3,14.5944443378158,12.5881821256004,8.29340105979621,,,,,5.61922979354858,31.641435845417,,
BRA,Brazil,BR,2023,10377.5892792557,2191.13176568463,51.6,3.8,7.5,23.4,14.4415264259814,12.4619363023351,7.60949720177243,,,,,,32.4311004876294,,
BRB,Barbados,BB,2016,19065.8069800213,5.3307615,34.1,1.7,3.2,15.8,12.476127135908,11.4833604216134,8.52972486604272,,,,,4.19719982147217,30.6472250728156,,
BTN,Bhutan,BT,2003,1022.38240311018,0.651935430314445,40.9,23.1,41.6,76.1,65.3705152433315,50.299037384261,29.0855544023804,12.14,,,,,17.6930195474782,,
BTN,Bhutan,BT,2007,1850.41570433398,1.25576796400491,38.1,12.0,26.8,65.1,49.5925757566103,38.4479957698341,24.8146803872151,11.83,,,,,17.510448810681,,
BTN,Bhutan,BT,2012,2751.2128864294,1.97338722796518,38.8,3.6,12.1,48.5,35.6117616998978,27.9244806945217,19.7033308361889,11.72,,,,,18.8856610730292,,
BTN,Bhutan,BT,2017,3435.28804735662,2.59135800920276,37.4,2.6,9.6,42.5,28.5286854936874,22.6382988576142,15.7376288691178,11.52,,,,6.6172399520874,17.6203577247984,,
BTN,Bhutan,BT,2022,3711.32767981591,2.89822774375576,28.5,0.0,0.5,10.1,23.8639022523501,19.1286374303084,13.1742567088396,,,,,7.46981980280053,,,
BWA,Botswana,BW,2002,3117.25087183011,5.43886398288692,61.5,34.8,49.2,70.6,79.9986982830272,42.3790796636792,13.0558361975532,18.19,,,,,,,
BWA,Botswana,BW,2009,5082.93388332404,10.1184592423183,56.9,21.1,33.9,62.7,57.7893298705369,49.2719671379167,22.8588094126987,17.75,,,,9.8253002166748,39.1751612933252,,
BWA,Botswana,BW,2015,6141.20394726616,13.5307488445049,54.9,21.4,35.8,63.2,49.8053829827508,47.2237908677901,23.5013863301047,17.04,,,,8.39457941644674,31.2430941784713,,Very_High
CAF,Central African Republic,CF,2008,437.24827472489,1.99340788849838,56.2,67.3,79.1,92.4,135.62314742571,83.5664597542497,37.4729856297928,15.61,,,,1.29000997543335,11.0060729405559,,
CAF,Central African Republic,CF,2021,492.263142830507,2.51649841246384,43.0,71.6,83.9,96.1,171.252412987167,93.6488915889408,33.0339807384683,,,,,1.8725169173301,11.6613898280077,,
CAN,Canada,CA,2000,24271.0020563821,744.773415931587,33.4,0.2,0.5,1.0,6.22855252659155,5.27358602658218,3.75575256098975,5.69,,,,5.42331981658935,18.7745182688509,,
CAN,Canada,CA,2001,23822.096210932,738.981792355371,33.6,0.2,0.5,1.0,6.19490882489455,5.26256299269751,3.80465938638817,5.73,,,,4.95303010940552,18.7110049059225,,
CAN,Canada,CA,2002,24256.0192337185,760.649334098005,33.6,0.2,0.5,1.0,6.17900013609522,5.26585134604169,3.8775506847791,5.77,,,,4.99308013916016,17.963084125068,,
CAN,Canada,CA,2003,28301.8645937428,895.540646634787,33.8,0.2,0.5,0.7,6.16513155213519,5.26985178009271,3.93409071083766,5.81,,,,,18.0373335713637,,
CAN,Canada,CA,2004,32145.5412620217,1026.69023827825,33.8,0.2,0.5,0.7,6.1375714439511,5.26152349209562,3.94017144279863,5.86,,,,,17.2659172104417,,
CAN,Canada,CA,2005,36383.6600068095,1173.10859877867,33.6,0.2,0.5,1.0,6.09457780121301,5.23778057758672,3.9036333375936,5.9,,,,4.76588010787964,17.8239879344923,,
CAN,Canada,CA,2006,40504.0370977806,1319.26480959097,34.1,0.2,0.5,0.7,6.0356314717299,5.19953611651453,3.85316830869098,5.94,,,,,17.0276912468077,,
CAN,Canada,CA,2007,44660.0838892281,1468.82040778326,33.8,0.2,0.2,0.7,5.96187008167015,5.14665352259098,3.80936949022674,5.99,,,,4.7664098739624,16.9627803202211,,
CAN,Canada,CA,2008,46710.2526864484,1552.98969072164,33.9,0.2,0.5,1.0,5.88321562225873,5.08797819523115,3.77670930537946,6.04,,,,4.62612009048462,17.0833534495245,,
CAN,Canada,CA,2009,40874.8831932903,1374.62514215729,34.0,0.2,0.2,1.0,5.80278121784002,5.02638105051618,3.75910664052134,6.09,,,,4.84057998657227,18.85417104193,,
CAN,Canada,CA,2010,47560.6666009406,1617.34336748626,33.6,0.2,0.2,0.7,5.72600158211711,4.96625988536171,3.7465115527387,6.14,,,,5.356369972229,19.0847071449408,,
CAN,Canada,CA,2011,52223.8588398531,1793.32663017452,32.7,0.2,0.5,0.7,5.64957286378486,4.90588195741511,3.72554587536976,6.19,,,,5.26205015182495,17.8502680006291,,
CAN,Canada,CA,2012,52670.3447335415,1828.3664815216,33.5,0.2,0.5,1.0,5.57325851646939,4.84451866066461,3.68799015706226,6.24,,,,,17.5175199279774,,
CAN,Canada,CA,2013,52638.1187235237,1846.59742183498,33.8,0.5,0.5,1.0,5.49755447471286,4.78317756711768,3.64110602950935,6.29,,,,4.5890097618103,17.0848821579089,,
CAN,Canada,CA,2014,50960.8431174661,1805.74987843994,33.2,0.2,0.5,1.0,5.42332275194478,4.72225066312694,3.59141230465445,6.34,,,,4.84358978271484,16.4020498301416,,
CAN,Canada,CA,2015,43594.1941045394,1556.50881621713,33.7,0.5,0.5,1.0,5.35155059296645,4.66273163920387,3.54317089512848,6.38,,,,4.7393798828125,17.0597786823228,,
CAN,Canada,CA,2016,42314.0615817218,1527.99474190743,32.7,0.5,0.5,1.0,5.28664736204901,4.60905529870324,3.50144403335137,6.43,,,,4.81642007827759,17.498604071126,,
CAN,Canada,CA,2017,45129.628116623,1649.26564424409,33.3,0.5,0.5,0.7,5.23055080597854,4.5631339930551,3.46977500812747,6.48,,,,4.95996999740601,17.6065954076372,,
CAN,Canada,CA,2018,46539.1761570405,1725.32919278302,32.5,0.2,0.5,0.7,5.18537341821745,4.52661180762314,3.44819988493706,6.52,,,,4.8889799118042,17.5409004540917,,
CAN,Canada,CA,2019,46352.8693445211,1743.72518367252,31.7,0.2,0.5,0.7,5.14737055633171,4.49581657828768,3.43604355681946,6.57,,,,4.77293014526367,18.1057096781026,,
CAN,Canada,CA,2020,43537.839298904,1655.68473000019,29.9,0.2,0.2,0.5,5.11837926819681,4.47309003942174,3.42808153497337,6.63,,,,4.88794994354248,28.5714736058033,,
CAN,Canada,CA,2021,52886.6616372703,2022.37874842323,31.1,0.2,0.2,0.5,5.09999576446677,4.45950374376281,3.42193108948121,,,,,4.74860000610352,22.4985744222565,,
CHE,Switzerland,CH,2000,38865.021939688,279.216033870204,33.4,0.2,0.2,0.5,5.63342008636758,4.67617010612815,3.45833134253542,6.23,,,,4.65878009796143,18.516531788552,,
CHE,Switzerland,CH,2002,42458.7384679187,309.301422430386,31.7,0.0,0.0,0.2,5.43330285667221,4.54301666634315,3.41378603245842,6.26,,,,5.17881011962891,19.4819504580923,,
CHE,Switzerland,CH,2004,54659.4571488233,403.912891033374,31.6,0.2,0.2,0.5,5.18836907683516,4.37044989087313,3.31290413387126,6.29,,,,5.3142900466919,18.1701679230064,,
CHE,Switzerland,CH,2006,59011.0324592016,441.634672196523,33.9,0.1,0.2,0.5,4.94084938092678,4.19213168927424,3.25910314708627,6.32,,,,4.84120988845825,16.8917221176105,,
CHE,Switzerland,CH,2007,64989.1553256031,490.740715594802,34.3,0.1,0.1,0.5,4.8277903152258,4.11032003622128,3.24312131742749,6.33,,,,4.58395004272461,16.3543043101587,,
CHE,Switzerland,CH,2008,74175.1927898555,567.267767519157,33.8,0.1,0.1,0.5,4.72695959749481,4.03782751012067,3.22274214275587,6.34,,,,4.75725984573364,15.8397851197895,,
CHE,Switzerland,CH,2009,71568.3123885672,554.212916092271,32.9,0.0,0.1,0.3,4.63813533941283,3.97486488846889,3.19364788104123,6.35,,,,4.92561006546021,16.918582516051,,
CHE,Switzerland,CH,2010,76531.3728182297,598.85102794772,32.6,0.1,0.2,0.5,4.56015353093883,3.92038274736223,3.15101754756788,6.36,,,,4.80210018157959,16.7197445696918,,
CHE,Switzerland,CH,2011,90476.7589651577,715.888126682396,31.7,0.0,0.0,0.1,4.49464372868554,3.87538324421013,3.10264734282035,6.37,,,,4.85663986206055,16.6376791837765,,
CHE,Switzerland,CH,2012,85836.2076767359,686.42022155799,31.6,0.0,0.0,0.0,4.43697071868129,3.83558917650331,3.06144163413304,6.38,,,,4.89862012863159,16.5219261840556,,
CHE,Switzerland,CH,2013,87304.3305813557,706.234937370968,32.5,0.0,0.0,0.1,4.38622598849883,3.80166714014981,3.02971883414124,6.38,,,,4.91392993927002,16.7887620098092,,
CHE,Switzerland,CH,2014,88724.9910735609,726.537809429524,32.5,0.0,0.1,0.1,4.33540626330823,3.7665728058916,2.99953243900489,6.39,,,,4.93057012557983,16.7192644780742,,
CHE,Switzerland,CH,2015,83806.4476003837,694.118186379628,32.3,0.0,0.0,0.1,4.27339957127556,3.72107339664565,2.96207587055174,6.39,,,,4.99559020996094,17.0674446630017,,
CHE,Switzerland,CH,2016,82153.0745447889,687.895460902713,33.0,0.0,0.1,0.2,4.2052187537279,3.66953554621774,2.91807144202606,6.4,,,,4.98163986206055,17.2408228496826,,
CHE,Switzerland,CH,2017,82254.3770471336,695.200834102045,32.7,0.0,0.0,0.1,4.14004953808857,3.61997129920618,2.88020226614759,6.4,,,,5.01765012741089,17.2162171145504,,
CHE,Switzerland,CH,2018,85217.3691512274,725.568717468001,33.1,0.0,0.0,0.2,4.08326785547297,3.57731048051409,2.85197539071455,6.41,,,,4.93008995056152,16.7182236540887,,
CHE,Switzerland,CH,2019,84121.9310304414,721.369112726724,34.0,0.0,0.0,0.2,4.03673136587748,3.54339017447594,2.83528872548031,6.41,,,,5.01438999176025,16.8530605013535,,
CHE,Switzerland,CH,2020,85897.7843338323,741.999406005627,33.7,0.1,0.1,0.1,4.00421386481675,3.5212701916772,2.83036796847068,6.42,,,,5.27676010131836,20.0431954756295,,
CHE,Switzerland,CH,2021,93664.7736696111,815.309330986719,33.8,0.0,0.1,0.2,3.98201606032512,3.50843247758748,2.83253045596064,,,,,5.03708982467651,18.9667523426681,,
CHE,Switzerland,CH,2022,94394.5106803525,828.508926958393,33.8,0.2,0.2,0.3,3.96310535034409,3.49791237857456,2.83262923243928,,,,,4.92419004440308,16.4692697536485,,
CHL,Chile,CL,2000,5052.99245766325,78.339750721364,52.8,8.6,16.1,44.5,10.9380476804024,9.19242269055647,5.75344988800626,5.27,,,,3.75707006454468,20.1386805049182,,
CHL,Chile,CL,2003,4773.40177520754,76.4925796440605,51.5,7.9,15.5,43.2,9.47369123139665,8.00500821589813,5.28250706154394,5.48,2.5,0.6,0.5,3.91868996620178,19.3366626993026,,
CHL,Chile,CL,2006,9318.65655296121,153.843518170864,47.7,3.3,7.7,32.0,8.97314945211859,7.63377388782208,5.47909493495077,5.69,2.2,0.6,0.5,3.04014992713928,15.8867269551126,,
CHL,Chile,CL,2009,10098.8017167286,171.777900623892,47.4,2.6,5.7,27.6,8.82922164892548,7.56086069927214,5.27112510389306,5.9,,,,4.25475978851318,21.3114681707184,,
CHL,Chile,CL,2011,14487.3927832032,251.38257389387,46.9,1.7,4.1,23.5,8.56959281862525,7.36521122408627,5.34367042405389,6.05,,,,4.0617299079895,19.4945095729622,,Very_Low
CHL,Chile,CL,2013,15683.5486369155,277.395018842417,46.8,0.8,2.0,14.4,8.2238784122022,7.0884246900958,5.21664952017739,6.21,1.8,0.5,0.3,4.54814004898071,20.1963012042744,,
CHL,Chile,CL,2015,13433.9202987032,242.450355830884,45.3,0.7,1.6,11.7,7.91585779069202,6.83684537422131,5.2195323586426,6.39,,,,4.90390014648438,21.6348148833018,,
CHL,Chile,CL,2017,14879.9086227187,276.154259981096,45.3,0.5,1.0,9.0,7.51981492318608,6.50166227765086,5.26121756562516,6.58,,,,5.43278980255127,22.3472564737029,,
CHL,Chile,CL,2020,13114.815470545,254.042159309311,47.0,1.7,2.7,11.3,6.7660951263355,5.85394396035437,4.53976052248672,6.84,,,,5.62993001937866,26.2421928843387,,
CHL,Chile,CL,2022,15405.6165774073,301.226575540242,43.0,0.5,0.9,5.7,6.81752022825302,5.89970124017777,4.4986445749919,,,,,4.89753007888794,24.1256231102656,,
CHN,China,CN,2002,1163.55957673426,1489.82168205054,42.0,48.1,64.0,89.3,31.5120259302679,25.6456350418425,18.4262836267642,5.65,21.8,6.8,3.0,,,,
CHN,China,CN,2005,1777.64496828464,2317.55129805205,40.9,33.1,50.7,81.8,24.026669913804,19.4033503180906,13.8644164911519,5.46,11.7,4.5,2.9,,,,
CHN,China,CN,2008,3523.44302065213,4667.34641452195,43.0,26.2,41.6,73.0,18.4745284570973,14.7501095276935,10.179705467781,5.27,9.8,3.8,2.6,,,,
CHN,China,CN,2010,4629.24551710077,6192.56487445329,43.7,20.6,34.9,66.1,15.7594801171866,12.4596763784658,8.36808360896078,5.18,9.4,3.4,2.3,,,,
CHN,China,CN,2011,5703.76027973346,7671.75720785129,42.4,15.7,29.7,62.7,14.5718047754191,11.4543675119841,7.62486716257317,5.15,,,,,,,
CHN,China,CN,2012,6405.0574241349,8673.66471318924,42.2,13.2,25.7,58.0,13.4822855722533,10.5353896422996,6.95750917722151,5.12,,,,,,,
CHN,China,CN,2013,7147.03518622344,9743.12424726724,39.7,6.2,17.0,51.7,12.4716665699063,9.68246480154275,6.36092927599213,5.09,8.1,2.4,1.9,,,,
CHN,China,CN,2014,7781.06597484974,10674.5331682574,39.2,4.7,14.0,46.7,11.5447204717334,8.90363976086378,5.81898337200816,5.06,,,,,,,
CHN,China,CN,2015,8175.33285077393,11280.8147874689,38.6,3.0,10.9,42.4,10.7048878861656,8.1973468047323,5.318192339175,5.04,,,,,,,
CHN,China,CN,2016,8254.86859320357,11456.024084962,38.5,2.2,8.7,38.7,9.93477986606064,7.55169809910338,4.86172416450387,5.01,,,,,,,
CHN,China,CN,2017,8979.67652709856,12537.5590622829,39.1,1.7,7.7,36.3,9.23764273165984,6.96816371989983,4.44641968698934,4.98,4.8,,1.9,,,,
CHN,China,CN,2018,10085.6638148819,14147.7657729638,38.5,0.8,5.7,32.2,8.60863160108358,6.44321928650997,4.07992040419627,4.96,,,,,,,
CHN,China,CN,2019,10342.9009524335,14560.1671012834,38.2,0.0,3.2,28.9,8.03920515359815,5.96869071509553,3.75588913745138,4.96,,,,,,,
CHN,China,CN,2020,10627.4637989619,14996.4141667151,37.1,0.0,1.7,29.5,7.51663400226327,5.53619523533786,3.47659389866903,4.97,,,,,,,
CHN,China,CN,2021,12887.4357242941,18201.698719564,35.7,0.0,0.3,21.0,7.03962556070945,5.1429245949434,3.2328682425726,,,,,,,,
CHN,China,CN,2022,12970.6056414327,18316.7650216902,36.0,0.0,0.5,21.5,6.59504673847644,4.77993852845917,3.01712991259276,,,,,,,,
CIV,Cote d'Ivoire,CI,2002,967.815864415991,18.0543833208474,41.3,44.7,65.5,88.8,133.444168152523,87.2671028213084,39.8736323762391,19.39,,,,2.81048011779785,9.08261519702029,,
CIV,Cote d'Ivoire,CI,2008,1583.97066701372,34.0782402932559,43.2,47.9,65.0,89.1,109.49929281673,72.9811427482343,36.7889970964803,19.31,,,,3.09853005409241,11.0198789267792,,
CIV,Cote d'Ivoire,CI,2015,1814.71855088017,45.8150051692651,41.5,47.5,65.6,90.2,86.1482202113776,58.9774133028607,32.4946275561384,18.76,,,,3.49412989616394,13.4545912156732,,
CIV,Cote d'Ivoire,CI,2018,2130.86619381144,58.5224777866889,37.2,22.7,42.2,79.6,78.5323057188448,54.1230231599348,30.8521372636512,18.44,,,,3.21164989471436,14.7370417836244,,
CIV,Cote d'Ivoire,CI,2021,2455.98127626488,72.7946366494342,35.3,20.9,41.7,80.9,71.3770671838728,49.2187512689454,29.2145028097984,,28.2,16.6,8.5,3.32718992233276,16.3773571246349,,
CMR,Cameroon,CM,2001,715.470296470585,10.9534853491135,42.1,30.8,49.8,82.3,141.442598175513,80.894930733655,34.8163271300309,13.28,,,,2.29733991622925,,,
CMR,Cameroon,CM,2007,1325.67248215933,23.9282504330378,42.8,36.0,53.4,82.6,121.263122626343,69.742020343843,32.8128887469327,13.06,,,,2.87815999984741,,,
CMR,Cameroon,CM,2014,1649.4433905949,36.3865447060806,46.6,29.0,42.4,72.7,93.0853245885103,55.4274780593489,30.1952664728571,12.78,42.1,27.5,8.0,2.58396005630493,12.8603148223258,,Very_High
CMR,Cameroon,CM,2021,1672.32657340872,45.0119373468384,42.2,26.7,41.3,74.0,72.1042967053714,43.8206424916114,26.1954350255639,,,,,2.8493076272306,12.4228090170574,,
COD,"Congo, Dem. Rep.",CD,2004,180.664764963633,10.297483481223,41.6,94.9,97.8,99.7,140.652512886312,81.3264163502866,36.5993420240253,12.02,,,,,10.2629800534639,,
COD,"Congo, Dem. Rep.",CD,2012,400.059901824342,29.3062352852597,42.1,78.9,88.6,97.9,105.996211724021,61.7654634994674,31.0793913356001,11.05,,,,,14.2195459000256,,
COD,"Congo, Dem. Rep.",CD,2020,507.521230077872,48.7169618601325,44.7,85.3,92.5,98.0,80.6985728359994,48.3788266829905,26.9100408480524,10.16,,,,2.62263835311571,9.07861492050365,,
COG,"Congo, Rep.",CG,2005,1799.05158366154,6.65000168048544,47.3,54.5,69.0,88.9,86.6181159760539,56.257758457716,26.5229568474689,12.44,31.2,11.9,8.0,1.6810200214386,21.4522262166708,,
COG,"Congo, Rep.",CG,2011,3396.16505817952,15.6553835766515,48.9,39.2,55.0,82.4,60.1573659922717,39.4974257363991,22.2107525651526,11.73,24.4,11.8,6.0,2.64652978173867,10.1766500054625,,
COL,Colombia,CO,2000,2555.00751039968,99.8750749510278,58.4,23.9,36.4,65.4,25.0840399855096,21.6301949003071,13.5088190641323,9.66,24.3,6.5,1.0,3.5112099647522,16.9331428734368,,
COL,Colombia,CO,2001,2472.99084035833,98.2006412033892,57.3,29.6,42.9,71.5,24.2885762135715,21.0101422279865,13.1051786731951,9.75,,,,3.70867991447449,,,
COL,Colombia,CO,2002,2428.92969771584,97.9458128028882,56.0,21.2,34.0,62.5,23.5434903397996,20.4279662619859,12.7294315521062,9.83,,,,4.26812982559204,,,
COL,Colombia,CO,2003,2311.94218760291,94.6449691570987,53.6,19.8,32.2,63.3,22.8344035332987,19.8727593121437,12.3726617617983,9.91,,,,4.32513999938965,27.622281719396,,
COL,Colombia,CO,2004,2818.57195413044,117.092416666245,55.0,19.2,32.1,62.4,22.1519162915198,19.3375987547413,12.0300393796143,9.98,,,,4.07934999465942,,,
COL,Colombia,CO,2005,3456.06610874512,145.600529605803,53.9,16.8,28.5,59.1,21.4954039975043,18.8231934507045,11.6984269072736,10.04,22.5,6.8,1.6,4.02098989486694,,,
COL,Colombia,CO,2008,5541.83629665898,242.504150472931,55.3,16.6,26.8,53.7,19.5763558672326,17.2917078883555,10.6830752341958,10.23,,,,3.9387800693512,24.5684126038182,,
COL,Colombia,CO,2009,5250.97292433518,232.468663109595,54.3,15.0,24.9,52.5,18.9479673516427,16.7829560555174,10.3505601897243,10.3,,,,4.77651977539062,24.7300721329255,,
COL,Colombia,CO,2010,6398.2958447102,286.498534094963,54.6,13.1,22.5,50.0,18.3372322659121,16.292151235833,10.0182908190286,10.37,16.6,4.6,1.0,4.83382987976074,25.4043842590891,,
COL,Colombia,CO,2011,7400.9940695669,334.966134804887,53.5,11.2,20.0,47.2,17.7428973624126,15.8042750986048,9.68725351676933,10.43,,,,4.46608018875122,24.2247402762094,,Low
COL,Colombia,CO,2012,8108.59838244229,370.691143018039,52.6,10.9,18.9,45.4,17.1548306410815,15.3166992231012,9.36548362893875,10.48,,,,4.37038993835449,25.0329863002189,,
COL,Colombia,CO,2013,8279.10255642981,382.093697077685,52.6,9.9,17.3,43.0,16.5886742565759,14.8471977913712,9.05491435132587,10.53,,,,4.87855005264282,33.2851931387088,,
COL,Colombia,CO,2014,8187.20824890084,381.240864422406,52.5,9.0,16.1,40.8,16.0586109298,14.4034924502298,8.76733425727005,10.58,,,,4.62945985794067,30.1625917691368,,
COL,Colombia,CO,2015,6248.51490534512,293.492370193166,51.0,8.1,14.8,40.0,15.5586188879355,13.9841311469015,8.488607332173,10.64,,,,4.47038984298706,26.8156770552217,,
COL,Colombia,CO,2016,5959.84250367574,282.720100286228,50.6,8.0,14.6,40.1,15.053064358609,13.5551066073396,8.21897105285318,10.69,17.3,5.1,2.1,4.47721004486084,28.6308350994839,,
COL,Colombia,CO,2017,6479.53231292429,311.866875156879,49.7,7.3,14.0,39.6,14.5819671487327,13.1514259328365,7.96232101588743,10.76,,,,4.53551006317139,27.5049639074473,,
COL,Colombia,CO,2018,6816.96818309544,334.198218098276,50.4,7.4,14.1,39.6,14.1063187299282,12.7401871832129,7.70758880357889,10.82,,,,4.44910001754761,29.9717907219429,,
COL,Colombia,CO,2019,6472.54544924705,323.03170119284,51.3,8.8,15.6,40.3,13.6783528722579,12.3708858147807,7.46299507067064,10.89,,,,4.51069021224976,31.3047065647576,,
COL,Colombia,CO,2020,5339.68711357943,270.348342541465,53.5,13.5,21.4,48.0,13.240182232365,11.9903253452811,7.22363517428614,10.95,,,,5.26166009902954,36.5543934839744,,
COL,Colombia,CO,2021,6222.62164397614,318.524633225395,55.1,11.2,18.4,44.0,12.8055820078323,11.6119308460238,7.00301871701855,,,,,,35.6635486558905,,
COL,Colombia,CO,2022,6680.44506854481,345.632492851448,54.8,9.3,15.8,40.2,12.4191986512656,11.2759824361051,6.7731074980481,,,,,,32.3909610062162,,
COL,Colombia,CO,2023,7000.83660501046,366.291836137916,53.9,7.7,13.9,37.6,12.028780178557,10.9351427523186,6.54463377496523,,,,,,33.3358903472043,,
COM,Comoros,KM,2004,1091.27216412426,0.633706110795614,55.9,27.9,45.5,76.7,67.9923444721074,56.4671286969827,32.0756960239916,25.08,,,,,,,
COM,Comoros,KM,2014,1615.71718460209,1.14958762399594,45.3,31.4,47.7,76.7,49.708837673454,43.1731558718676,26.6012795243759,23.87,,,,2.74472999572754,,,
CPV,Cabo Verde,CV,2001,1223.33055331575,0.563090490377368,52.5,37.1,52.9,79.9,32.7820439190952,26.9805747287687,16.9240981565175,,,,,,,,
CPV,Cabo Verde,CV,2007,3324.57675212498,1.64962173863689,47.2,26.2,40.9,74.2,28.0156121125654,24.3260030775291,16.8795436800696,,,,,4.95981979370117,20.6243477490851,,
CPV,Cabo Verde,CV,2015,3415.06266730931,1.74985762035329,42.4,14.6,29.7,65.0,19.1341959846029,17.5591120927564,12.3176453059454,,,,,4.80622005462646,19.3035742972947,,
CRI,Costa Rica,CR,2000,3812.75388284924,15.0136296618969,47.4,9.8,15.8,41.4,13.1113050196529,11.2221129663367,7.62435062433031,8.33,,,,4.66695022583008,22.0341229122375,,
CRI,Costa Rica,CR,2001,3985.12984506207,15.9761743369721,51.5,7.6,12.5,32.1,12.5943745556627,10.7863786169354,7.47886824080788,8.37,,,,4.83202981948853,22.7586749018497,,
CRI,Costa Rica,CR,2002,4067.71851429092,16.5788206872881,51.8,6.6,11.4,31.8,12.1543349596073,10.416257110668,7.32162943303571,8.39,,,,5.15044021606445,24.5949165130501,,
CRI,Costa Rica,CR,2003,4173.14856415514,17.2717605069483,49.3,6.9,11.4,30.4,11.8002222572685,10.1200158571594,7.19013303383596,8.41,,,,5.13373994827271,23.6218984320408,,
CRI,Costa Rica,CR,2004,4431.0117207843,18.6105948462083,48.4,6.6,10.6,32.2,11.5357249896275,9.9007592434105,7.11577565692193,8.41,,,,4.89062976837158,22.5253860097279,,
CRI,Costa Rica,CR,2005,4703.00721784778,20.0406424769817,47.5,5.0,9.2,29.6,11.3449700788054,9.7453958790178,7.06971581805205,8.41,,,,,22.6463628110638,,
CRI,Costa Rica,CR,2006,5256.59640859159,22.7155403243032,49.3,5.2,9.1,29.4,11.198943415033,9.62901430219432,7.00125928769481,8.42,,,,4.61613988876343,21.6012303285134,,
CRI,Costa Rica,CR,2007,6137.71199925542,26.8847007093146,49.3,3.1,6.6,24.3,11.0736954454222,9.52959458953285,6.89435227517952,8.42,,,,4.6345100402832,21.1608078593404,,
CRI,Costa Rica,CR,2008,6937.24261596055,30.8017457004514,48.6,3.4,6.4,23.3,10.9281271607315,9.41153496437747,6.77466890699091,8.43,5.6,0.9,0.7,4.88697004318237,21.6689393887611,,
CRI,Costa Rica,CR,2009,6832.69829924138,30.7457143126417,50.6,3.6,6.6,22.8,10.7326050062314,9.25159050248926,6.67267557100804,8.46,,,,6.01030015945435,24.7449925071916,,
CRI,Costa Rica,CR,2010,8265.78820275899,37.6586169518182,48.0,2.2,4.5,18.8,10.4819724459871,9.04358222859049,6.58913675454071,8.48,,,,6.56574010848999,25.6136283336856,,
CRI,Costa Rica,CR,2011,9276.39107510528,42.7626136989258,48.8,2.7,5.2,19.8,10.1784283898374,8.78935708401439,6.5116558138548,8.5,,,,6.37988996505737,25.3785207083447,,Very_Low
CRI,Costa Rica,CR,2012,10126.999102414,47.231655431718,48.4,2.6,4.7,18.4,9.83745167537664,8.50284901690036,6.4323880472229,8.52,,,,6.58239984512329,25.9446831618168,,
CRI,Costa Rica,CR,2013,10803.2401961972,50.949668841575,49.2,2.6,4.7,18.4,9.50271471805029,8.22052175914684,6.34636275391132,8.54,,,,6.68739986419678,26.517739577498,,
CRI,Costa Rica,CR,2014,10911.4978783227,52.016408854212,48.6,2.4,4.7,18.3,9.21369386984026,7.97855451918097,6.26062709163283,8.56,,,,6.67952013015747,26.7358581094371,,
CRI,Costa Rica,CR,2015,11714.7105980803,56.4419208205538,48.4,2.4,4.7,17.5,8.99546466597261,7.79802670582561,6.18359876537607,8.58,,,,6.87349987030029,28.5548940715345,,
CRI,Costa Rica,CR,2016,12091.0301606335,58.8470196097429,48.7,2.4,4.4,17.0,8.8690238112751,7.69671728937761,6.13244605610169,8.6,,,,6.89395999908447,27.1467334170925,,
CRI,Costa Rica,CR,2017,12317.0902771322,60.5160446565298,48.3,1.7,3.6,15.8,8.85310563114231,7.69219075291799,6.11671248406513,8.61,,,,7.06980991363525,25.3967283752862,,
CRI,Costa Rica,CR,2018,12590.2493781628,62.4201649915444,48.0,2.3,4.3,16.5,8.93558713244007,7.77510853420402,6.15249698671879,8.64,9.0,2.9,1.8,6.76991987228394,28.9192248274512,0.251978188753128,
CRI,Costa Rica,CR,2019,12884.6859951947,64.4176705213339,48.2,1.7,3.8,16.7,9.10926183012802,7.93790736150969,6.24688363326654,8.67,,,,6.73808002471924,29.4571247516792,,
CRI,Costa Rica,CR,2020,12394.0493969354,62.3956107599798,49.2,3.4,6.4,23.3,9.3711499958544,8.17895865217411,6.40751984401964,8.72,,,,6.62898015975952,31.8896416510102,,
CRI,Costa Rica,CR,2021,12838.1185359009,64.9607257342361,48.7,2.2,4.1,17.8,9.71273397055681,8.49131100572203,6.64053940064566,,,,,6.24841976165771,30.8245979700089,,
CRI,Costa Rica,CR,2022,13625.9008491478,69.2436260286698,47.2,1.6,4.0,17.1,10.1043119614414,8.84881060534681,6.93044200492715,,,,,,28.7616125184835,,
CRI,Costa Rica,CR,2023,16942.0268119304,86.4979414389809,46.7,1.5,3.4,15.3,10.459823886318,9.17524320617979,7.19782861666845,,,,,,28.9089243953229,,
CRI,Costa Rica,CR,2024,18587.1532203614,95.350423176664,45.8,1.3,2.6,12.6,10.3804661501567,,,,,,,,,,
CYP,Cyprus,CY,2004,23792.619140625,17.32055125,30.1,0.1,0.1,0.3,4.97214381239268,4.25928392624757,2.75853685951751,,,,,6.11772012710571,37.4612788377622,,
CYP,Cyprus,CY,2005,24959.26171875,18.4334125108817,30.3,0.1,0.1,0.1,4.58780117007836,3.91865474635651,2.55183643529038,,,,,6.28667020797729,38.5371858780148,,
CYP,Cyprus,CY,2006,26729.28125,20.0727549868272,31.1,0.0,0.0,0.0,4.24024720150839,3.6110557795557,2.36252670557718,,,,,6.33027982711792,38.0300166381323,,
CYP,Cyprus,CY,2007,31244.87890625,23.9687270736381,31.1,0.0,0.0,0.1,3.93528005238706,3.34066408337903,2.20185873457064,,,,,6.28083992004395,37.3479175346651,,
CYP,Cyprus,CY,2008,35397.296875,27.844646257507,31.7,0.0,0.0,0.0,3.68027804426992,3.1143271029866,2.07449541640691,,,,,6.72277021408081,37.9683043356125,,
CYP,Cyprus,CY,2009,32236.44921875,26.0481799491741,32.1,0.1,0.1,0.2,3.47213257948138,2.92863612172764,1.97673085650039,,,,,7.20547008514404,40.8306069823963,,
CYP,Cyprus,CY,2010,31105.02734375,25.7999400776075,31.5,0.1,0.1,0.2,3.2988319680212,2.77367432951033,1.89666383820296,,,,,6.52559995651245,40.6065897416938,,
CYP,Cyprus,CY,2011,32485.796875,27.6415479097011,32.6,0.0,0.0,0.3,3.15685471747094,2.64645729356015,1.82906253813667,,,,,6.52042007446289,41.87062441853,,
CYP,Cyprus,CY,2012,28991.935546875,25.0474369746819,34.3,0.0,0.0,0.1,3.04379294225911,2.54353783251147,1.77490230303915,,,,,,52.6432632319096,,
CYP,Cyprus,CY,2013,27797.45703125,23.9597128608331,37.0,0.1,0.2,0.3,2.96026408277297,2.466245940849,1.73259680240809,,,,,6.46747016906738,44.9137727181064,,
CYP,Cyprus,CY,2014,27244.3515625,23.2259182599824,35.6,0.1,0.2,0.4,2.90871528187812,2.41620947624198,1.70459750874277,,,,,6.42111015319824,50.8825846479159,,
CYP,Cyprus,CY,2015,23487.228515625,19.9092784168574,34.0,0.0,0.1,0.2,2.89103822875155,2.39404736330472,1.68912418307961,,,,,6.30491018295288,41.7266838953056,,
CYP,Cyprus,CY,2016,24715.154296875,21.0464622805979,32.9,0.1,0.1,0.1,2.9071037533998,2.40030904222571,1.69362199675711,,,,,6.11811017990112,38.1375311510325,,
CYP,Cyprus,CY,2017,26696.990234375,22.9465706287576,31.4,0.1,0.1,0.2,2.9530899474477,2.42938536888047,1.71162636018674,,,,,5.69961977005005,36.8458898245716,,
CYP,Cyprus,CY,2018,29599.986328125,25.7540013675448,32.7,0.1,0.1,0.3,3.02415141692112,2.48065975095425,1.73894120176435,,,,,,40.3410835750321,,
CYP,Cyprus,CY,2019,29703.052734375,26.1966670995303,31.2,0.2,0.2,0.5,3.12102091876282,2.55162222898939,1.77419389272498,,,,,5.16293001174927,38.5058596579424,,
CYP,Cyprus,CY,2020,28649.015625,25.5550938542968,31.7,0.0,0.1,0.2,3.24023188872089,2.64029105362295,1.82132277606902,,,,,5.56462001800537,43.6947268030349,,
CYP,Cyprus,CY,2021,33734.03515625,30.3726425024897,31.3,0.0,0.1,0.1,3.3637527924336,2.73376581231484,1.87286474111105,,,,,5.08243989944458,40.6785279078526,,
CYP,Cyprus,CY,2022,33894.44921875,30.9355660766788,31.5,0.0,0.0,0.0,3.47316581701333,2.81645016689012,1.91860390812205,,,,,4.73588991165161,36.5311060063132,,
CYP,Cyprus,CY,2023,36551.41796875,33.8869307123394,31.8,0.0,0.0,0.1,3.53356411695025,2.8629257208862,1.94751028117392,,,,,,39.8082462632645,,
CZE,Czechia,CZ,2002,8101.26018588111,82.607869609574,26.6,0.0,0.0,1.2,4.977425399414,4.05064783857376,2.43898269080752,6.67,,,,3.93903994560242,36.8246818410733,,
CZE,Czechia,CZ,2004,11782.5546676117,120.147899983657,27.5,0.0,0.0,1.9,4.57418121444506,3.70705739670942,2.27690918230913,6.78,,,,3.98130011558533,34.539184662623,,
CZE,Czechia,CZ,2005,13442.4916284309,137.2641855961,26.9,0.0,0.1,1.1,4.36077859706664,3.52862665215706,2.19531674550939,6.84,,,,3.86250996589661,33.4491817376531,,
CZE,Czechia,CZ,2006,15259.0788162004,156.236258386589,26.7,0.1,0.1,1.0,4.14065537348265,3.34584150871214,2.10031562925583,6.89,,,,4.19624996185303,32.6086353042219,,
CZE,Czechia,CZ,2007,18452.6532812196,190.040702286917,26.0,0.1,0.2,0.8,3.92262607555093,3.16636784639429,1.9882569503516,6.95,,,,3.85006999969482,32.3810509125975,,
CZE,Czechia,CZ,2008,22774.7045076205,236.50626475395,26.3,0.1,0.1,0.9,3.71800295812009,2.9991683372944,1.86466667269658,7.02,,,,3.73207998275757,32.1223391133862,,
CZE,Czechia,CZ,2009,19817.4215836554,206.971882704716,26.2,0.0,0.1,1.0,3.53338347205967,2.84880579749548,1.75333935766618,7.09,,,,4.1553201675415,35.1186476762797,,
CZE,Czechia,CZ,2010,20160.4355077059,211.16866728627,26.6,0.0,0.1,1.1,3.37912075640685,2.7235034029773,1.67277683646233,7.17,,,,3.99341988563538,34.639613861013,,
CZE,Czechia,CZ,2011,22049.1080788682,231.429378717312,26.4,0.1,0.1,0.9,3.25922456391967,2.62639082225399,1.62057883943385,7.24,,,,4.2078800201416,34.6520142942431,,
CZE,Czechia,CZ,2012,20014.0354015165,210.363223087728,26.1,0.1,0.3,1.1,3.18083158751415,2.56346484573683,1.58861143787665,7.31,,,,4.19049978256226,36.3468844348247,,
CZE,Czechia,CZ,2013,20260.4954999375,213.024360541119,26.5,0.0,0.1,0.8,3.14433973536053,2.53472504443158,1.57240727786225,7.37,,,,4.02132987976074,34.5157400640104,,
CZE,Czechia,CZ,2014,20038.4163180257,210.911285077683,25.9,0.0,0.1,1.1,3.14296882322472,2.5347201635441,1.57387849675254,7.42,,,,3.93603992462158,34.2174755498584,,
CZE,Czechia,CZ,2015,17931.5987670768,189.107698561919,25.9,0.0,0.0,0.7,3.16573715243759,2.55469170364994,1.59448928163418,7.46,,,,5.71913003921509,33.0693000771957,,
CZE,Czechia,CZ,2016,18753.9686718096,198.160659303938,25.4,0.0,0.1,0.8,3.1867802612172,2.57354807930147,1.62089767422679,7.49,,,,5.50080013275146,32.5225943262792,,
CZE,Czechia,CZ,2017,20913.197632212,221.563575696217,24.9,0.0,0.1,0.5,3.17760347494044,2.56761420384924,1.6324525281999,7.52,,,,3.75573992729187,31.386098316698,,
CZE,Czechia,CZ,2018,23705.9329811299,251.992360762236,25.0,0.0,0.0,0.4,3.11983400961388,2.5223559794327,1.61531683906907,7.55,,,,4.21541023254395,31.8283646893324,,
CZE,Czechia,CZ,2019,24062.7190013343,256.79420902877,25.3,0.0,0.0,0.3,3.02372055829428,2.44592264829489,1.56983649384303,7.58,,,,4.46737003326416,32.0399044366584,,
CZE,Czechia,CZ,2020,23472.8915454417,251.109660602536,26.2,0.0,0.0,0.5,2.90584969315132,2.35093313285383,1.50347175340592,7.61,,,,4.62503004074097,37.6424553361707,,
CZE,Czechia,CZ,2021,27696.4619527544,290.972714482313,26.2,0.1,0.1,0.3,2.78473505262077,2.25356943005635,1.42883722621747,,,,,4.65163993835449,36.8457557403545,,
CZE,Czechia,CZ,2022,28282.2236715857,301.831228325556,25.9,0.0,0.1,0.6,2.66584608293291,2.15800548515585,1.36062482390544,,,,,4.30291986465454,34.4426537105922,,
CZE,Czechia,CZ,2023,31591.0568216357,343.206568134637,25.7,0.0,0.0,0.8,2.55939551170184,2.07313456590464,1.30512326283324,,,,,,,,
DEU,Germany,DE,2000,23925.8559901991,1966.9807011451,28.9,0.0,0.2,0.2,5.3549718459197,4.38075059771225,2.7681018139367,6.76,,,,,31.0107716724735,,
DEU,Germany,DE,2001,23878.3641471651,1966.38149664172,29.9,0.0,0.2,0.2,5.21689555274158,4.27473734871696,2.74470599673687,6.76,,,,,30.4174846164707,,
DEU,Germany,DE,2002,25486.5942008748,2102.35079830589,29.8,0.0,0.0,0.2,5.09105890620713,4.17899287580205,2.71596538195688,6.76,,,,,30.8239781232009,,
DEU,Germany,DE,2003,30711.1022511331,2534.71551834901,29.8,0.2,0.2,0.5,4.96966902262128,4.08666644932259,2.67573606351338,6.76,,,,,31.1635970921229,,
DEU,Germany,DE,2004,34566.7359143735,2852.31776806178,30.2,0.0,0.0,0.5,4.84997563752961,3.99593216554535,2.63632510973714,6.76,1.2,1.1,1.0,,29.9861755573387,,
DEU,Germany,DE,2005,35084.4363546269,2893.39318736187,31.7,0.0,0.2,0.2,4.72855201586173,3.90329267174368,2.60858773592008,6.76,,,,,30.0041707693565,,
DEU,Germany,DE,2006,36980.3349948954,3046.30875367058,31.0,0.0,0.0,0.2,4.60665813405946,3.8099159129694,2.57953575116742,6.77,,,,,28.6974997733062,,
DEU,Germany,DE,2007,42350.9217211489,3484.05668085491,31.2,0.0,0.0,0.2,4.4866338623787,3.717331785781,2.52348542770581,6.78,,,,,27.5320782623062,,
DEU,Germany,DE,2008,46386.3295924799,3808.7860223125,30.8,0.0,0.2,0.2,4.37220272919913,3.62876532700906,2.43836277771855,6.81,,,,4.47337007522583,27.801002440456,,
DEU,Germany,DE,2009,42487.2137101496,3479.80082086328,30.5,0.0,0.0,0.2,4.26766094193051,3.54809419670063,2.35648086513605,6.83,,,,,30.434571741213,,
DEU,Germany,DE,2010,42409.9356994694,3468.154343,30.2,0.0,0.2,0.2,4.17520631282798,3.477112292595,2.30620227017866,6.85,,,,4.99525022506714,30.7473070189522,,
DEU,Germany,DE,2011,47646.582043143,3824.82856352141,30.6,0.0,0.0,0.2,4.0975848557575,3.41820580871436,2.2873874556418,6.87,,,,4.88583993911743,28.3049046331442,,
DEU,Germany,DE,2012,44735.5882319701,3597.89650094531,31.1,0.0,0.0,0.2,4.03584885128424,3.37193501797166,2.28433856904876,6.87,,,,4.83153009414673,27.933530449439,,
DEU,Germany,DE,2013,47220.0102098851,3808.08629148236,31.5,0.0,0.0,0.2,3.9886719397391,3.33770691895689,2.28601766047968,6.86,,,,4.83911991119385,27.9891744091962,,
DEU,Germany,DE,2014,48971.0824722599,3965.80068630979,30.8,0.0,0.2,0.5,3.95131056838553,3.31087165973008,2.28881309323678,6.84,,,,4.82582998275757,27.5095890686293,,
DEU,Germany,DE,2015,41911.0109851054,3423.56845095702,31.7,0.0,0.0,0.2,3.92023643667215,3.28870333722191,2.28674185922349,6.81,,,,4.76157999038696,27.4487709234683,,
DEU,Germany,DE,2016,42961.0356905775,3537.78410798055,31.4,0.0,0.2,0.2,3.88697593449333,3.26402472628416,2.28140380354237,6.78,1.3,0.6,0.5,4.74631023406982,27.3671431834324,,
DEU,Germany,DE,2017,45526.5999576533,3763.09226375295,31.3,0.2,0.2,0.5,3.84546899004584,3.23170360090944,2.27641620444832,6.75,,,,4.77830982208252,27.5391986454965,,
DEU,Germany,DE,2018,48874.8595028454,4052.00844722353,31.9,0.0,0.2,0.5,3.79391455489899,3.19032533071801,2.27376468320001,6.73,,,,4.88400983810425,27.3876244852279,,
DEU,Germany,DE,2019,47623.8656074829,3957.20805521568,31.8,0.2,0.2,0.5,3.74133438319875,3.14713965151148,2.27116863028819,6.72,,,,5.02757978439331,27.899362920382,,
DEU,Germany,DE,2020,47379.765194548,3940.1425413541,32.4,0.2,0.2,0.5,3.69870924828686,3.11189605207082,2.26661207449702,6.71,,,,5.51600980758667,32.1608467019556,,
DJI,Djibouti,DJ,2002,743.013270420348,0.591122039601398,40.0,32.3,51.6,84.3,94.8347589591948,78.0027597889536,42.0653624953025,,,,,8.44760036468506,,,
DJI,Djibouti,DJ,2012,1400.19357858954,1.3536329415207,45.1,26.4,42.2,77.5,71.4415696817616,61.5998876110256,35.8588772608182,,,,,6.35127551762696,,,
DJI,Djibouti,DJ,2013,2075.94498424748,2.04444044316654,44.1,31.2,47.8,81.7,69.3002488421859,59.9485934321833,35.1651093718905,,28.0,26.0,13.9,4.64782533103312,,,
DJI,Djibouti,DJ,2017,2618.95521147369,2.76258133422612,41.6,25.4,43.7,80.8,61.272248240552,53.5019560804898,32.2794882980642,,,,,3.73344993591309,,,
DNK,Denmark,DK,2000,30722.0251837567,164.04381722359,23.8,0.0,0.0,0.2,5.6340143335809,4.67193697479038,3.49581282534829,5.46,,,,8.09000015258789,36.3295874040288,,
DNK,Denmark,DK,2003,40519.0974905924,218.421193436252,25.6,0.4,0.4,0.5,5.2178117830145,4.35664459574583,3.15104345861002,5.37,,,,8.10984039306641,35.767975389886,,
DNK,Denmark,DK,2004,46625.050098011,251.986155630852,24.9,0.3,0.3,0.4,5.03196254806939,4.21255187565572,3.14225168534142,5.33,,,,8.18766021728516,35.8307759102234,,
DNK,Denmark,DK,2005,48925.8076698784,265.150087711985,25.2,0.3,0.3,0.5,4.8366423860582,4.06000709528572,3.10352805434245,5.3,,,,8.0647497177124,33.8090842292666,,
DNK,Denmark,DK,2006,52119.1787984282,283.386151543687,25.9,0.2,0.2,0.3,4.64602898428945,3.9113300375213,3.01246397060727,5.26,,,,7.71623992919922,32.5510758502503,,
DNK,Denmark,DK,2007,58631.6566433635,320.213157595018,26.2,0.1,0.3,0.6,4.46967315622184,3.77379852963555,2.90408108620064,5.23,,,,7.59681987762451,34.9730643021222,,
DNK,Denmark,DK,2008,64616.6657583663,354.979471960142,25.2,0.3,0.4,0.8,4.31892371450604,3.65703733287466,2.81977299682967,5.2,,,,7.44195985794067,35.5704583622838,,
DNK,Denmark,DK,2009,58412.7472358513,322.619152194594,26.7,0.6,0.6,1.1,4.20193522594523,3.56838645363059,2.79029050016978,5.18,,,,8.41279983520508,40.7304528981614,,
DNK,Denmark,DK,2010,58104.5445594981,322.34559407547,27.2,0.1,0.1,0.3,4.12056605667231,3.51007107992137,2.84080422303337,5.15,,,,8.55025005340576,41.321624841298,,
DNK,Denmark,DK,2011,61809.737898222,344.315595263175,27.3,0.0,0.0,0.6,4.08066752962132,3.48668762955432,2.96093753163497,5.13,,,,8.47716045379639,41.3553765306718,,
DNK,Denmark,DK,2012,58443.7747103968,326.792574244963,27.8,0.0,0.0,0.9,4.07501129698184,3.49224694480811,3.07684782267016,5.09,,,,7.24570989608765,42.5735551510871,,
DNK,Denmark,DK,2013,61377.5940590412,344.63101696512,28.5,0.3,0.3,0.8,4.08315990447189,3.50960097270494,3.12809943674875,5.06,,,,8.46864032745361,40.3069360551146,,
DNK,Denmark,DK,2014,62520.4509747011,352.832602064452,28.4,0.2,0.2,0.9,4.08343308091952,3.51989918420905,3.11317967709923,5.02,,,,7.63833999633789,39.8534795726126,,
DNK,Denmark,DK,2015,53094.0133607574,301.758922337637,28.2,0.2,0.3,0.5,4.06786685472082,3.51669538858404,3.05089734365407,4.98,,,,,39.4680654843822,,
DNK,Denmark,DK,2016,54500.9260410217,312.181849372233,28.2,0.3,0.3,0.5,4.02815601131899,3.4921495660825,2.95660251484638,4.94,,,,7.71534013748169,37.3753237986279,,
DNK,Denmark,DK,2017,57521.5514992225,331.610593961988,28.7,0.1,0.2,0.3,3.96332984376964,3.44550563882995,2.83886270387589,4.9,,,,7.3700098991394,36.281185472149,,
DNK,Denmark,DK,2018,61324.7665045565,355.293374912393,28.2,0.2,0.2,0.3,3.87803959896128,3.3804414199725,2.70639234825841,4.87,,,,7.32746982574463,36.1767651513151,,
DNK,Denmark,DK,2019,59404.2663247723,345.401473012615,27.7,0.3,0.3,0.5,3.78250582264818,3.30633342278282,2.54685458689039,4.84,,,,7.27587985992432,35.294411019505,,
DNK,Denmark,DK,2020,60985.4885601514,355.631021931621,27.5,0.2,0.2,0.5,3.68715704648769,3.23073543700273,2.34565372591,4.81,,,,7.38573980331421,38.7585745073268,,
DNK,Denmark,DK,2021,69727.9873677012,408.378204639999,28.3,0.2,0.2,0.3,3.59544733811772,3.15857176915222,2.10478890243392,,,,,6.95915985107422,36.2155316033098,,
DNK,Denmark,DK,2022,68091.3191138669,401.945576107963,29.3,0.2,0.3,0.8,3.510567448292,3.09228418982023,1.88955722050895,,,,,6.35586977005005,32.0184253924653,,
DNK,Denmark,DK,2023,68453.8769281145,407.091920305404,29.9,0.4,0.4,0.6,3.42334612841016,3.02208307685169,1.75121601767033,,,,,,33.1387313045139,,
DOM,Dominican Republic,DO,2000,2831.45883638033,24.3057806286677,51.5,8.3,14.3,39.8,39.8241424079316,33.6343352687512,23.0324571736284,10.18,11.5,4.8,1.7,1.88829004764557,10.9875855185638,,
DOM,Dominican Republic,DO,2001,2935.89367312668,25.6018236875742,50.0,6.6,13.7,39.2,38.8008653527383,32.9048325673588,22.9807354215612,10.38,,,,1.96782994270325,12.1697108843683,,
DOM,Dominican Republic,DO,2002,3065.60329524196,27.1374407862562,49.7,9.0,15.6,39.0,37.9525991659311,32.3092853730086,22.9258989804502,10.57,13.6,5.4,2.9,1.9140100479126,12.4100701063605,,
DOM,Dominican Republic,DO,2003,2383.26171780393,21.4031678481444,52.1,10.7,19.0,47.8,37.2627303795925,31.8479564376563,22.9062124975981,10.75,,,,1.84465003013611,10.7120925866839,,
DOM,Dominican Republic,DO,2004,2451.69161616569,22.322387382494,52.1,14.6,24.9,55.6,36.6998700267038,31.4873488883025,22.9776352648675,10.91,,,,,13.3317198477445,,
DOM,Dominican Republic,DO,2005,3878.31206735244,35.7775606839366,50.0,9.9,18.6,46.6,36.2349355876328,31.2110003147689,23.0906203919274,11.04,,,,,13.5953672250726,,
DOM,Dominican Republic,DO,2006,4055.14270347371,37.8798300842627,52.0,8.1,15.9,43.5,35.8683728327939,31.0047621304577,23.2734944206233,11.18,9.4,3.6,1.8,,13.7597772413137,,
DOM,Dominican Republic,DO,2007,4649.64558875814,43.9654585085056,48.9,7.8,15.4,43.0,35.5965718317438,30.8704090044702,23.4561892481891,11.32,12.7,3.8,1.6,2.04678988456726,13.5862337522216,,
DOM,Dominican Republic,DO,2008,5023.58513403515,48.091433554186,48.1,7.1,15.9,44.2,35.3538593032762,30.7742702856001,23.652138031315,11.47,,,,,15.4066549591004,,
DOM,Dominican Republic,DO,2009,4973.95186999952,48.2237814768909,48.9,6.3,14.2,41.5,35.1896798237799,30.7384190791362,23.8045702322252,11.63,,,,,15.106208932521,,
DOM,Dominican Republic,DO,2010,5478.62470398954,53.8010533525005,47.3,5.5,14.1,42.0,35.0818176545464,30.7407888842119,23.9633305503049,11.79,,,,1.88728788680129,14.2243842044906,,
DOM,Dominican Republic,DO,2011,5826.51014109195,57.948261615957,47.7,5.3,11.7,40.2,34.9796759890601,30.7572393760353,24.0842111590898,11.95,,,,1.87925755786153,14.0356295447902,,Medium
DOM,Dominican Republic,DO,2012,6013.81965002603,60.5616355556383,46.1,5.4,12.1,39.6,34.9435445840328,30.822133158099,24.1765168731223,12.12,,,,,15.8662710050019,,
DOM,Dominican Republic,DO,2013,6136.59429329301,62.555417414582,47.7,4.4,11.6,39.3,34.9542905034766,30.9352390198162,24.2178208197816,12.27,6.6,3.9,2.7,3.62818152019188,15.4846483694906,0.4931831359863281,
DOM,Dominican Republic,DO,2014,6496.45166971142,67.0143290995549,44.3,4.1,8.8,33.5,34.9714880677532,31.0477092452106,24.268044470619,12.42,,,,3.62243443144513,15.6805638273879,,
DOM,Dominican Republic,DO,2015,6800.95309395474,70.9667825724386,45.2,3.3,7.5,29.4,34.9860653283213,31.1616151114298,24.3342522644042,12.57,,,,3.60400277306673,15.3612641247847,,
DOM,Dominican Republic,DO,2016,7160.44200982307,75.5529026357075,45.7,3.0,6.7,27.4,35.0179980453635,31.2687184594941,24.3763210011553,12.72,,,,3.85049560792469,16.4269789437784,,
DOM,Dominican Republic,DO,2017,7412.71571571512,79.0702747431658,42.2,1.5,4.2,23.8,34.963274757299,31.3072012775491,24.2973361292267,12.87,,,,3.92026752279272,16.8356837461838,,
DOM,Dominican Republic,DO,2018,7882.98221584944,84.9947320493461,43.7,1.1,3.0,20.9,34.7379166015156,31.174185002141,24.1116865787051,13.04,,,,3.92849467476802,16.0317825388458,,
DOM,Dominican Republic,DO,2019,8183.01623600375,89.146130744723,41.9,1.0,2.9,18.8,34.3479854756032,30.8824071119413,23.8153482284799,13.22,7.5,3.4,2.2,4.04276873126053,17.5016516701036,,
DOM,Dominican Republic,DO,2020,7135.22273255899,78.5466724068291,39.6,1.3,4.3,21.7,33.7506480278912,30.403621017653,23.3850667363717,13.44,,,,4.51769850778985,21.4214588048653,,
DOM,Dominican Republic,DO,2021,8527.0754858205,94.8507195167127,38.5,1.3,3.7,21.8,33.0724289069111,29.8399817989075,22.9001899992266,,,,,3.58043271614957,17.3592951719425,,
DOM,Dominican Republic,DO,2022,10104.2449349081,113.4780871348,37.0,1.0,3.2,20.2,32.2499409242581,29.138334814756,22.3120469433495,,,,,3.61088872070271,18.0569272165148,,
DOM,Dominican Republic,DO,2023,10630.431743829,120.456239153739,38.4,1.3,3.0,16.9,31.4113004792113,28.4130806330209,21.7404357729125,,,,,3.7606477375256,18.066236602366,,
DOM,Dominican Republic,DO,2024,10875.6618443092,124.282245638568,39.0,0.8,2.0,14.0,10.3804661501567,,,,,,,,,,
DZA,Algeria,DZ,2011,5916.31364364343,218.331946925304,27.6,0.0,4.7,41.8,27.2975349352438,23.7594784590522,17.6082238681534,6.89,,,,9.12453448642892,,,
ECU,Ecuador,EC,2000,1382.23421759909,17.5394547273637,56.3,34.1,48.6,76.6,29.6484766200013,24.1485222261685,14.1819685574343,11.5,,,,1.20265996456146,,,
ECU,Ecuador,EC,2003,2315.62215223014,30.965208,53.5,18.9,29.8,58.7,25.6522267101868,21.0677387104995,12.20941902161,11.39,,,,,,,
ECU,Ecuador,EC,2004,2586.20914663347,35.194947,53.9,19.4,30.9,59.7,24.6254901799733,20.2762686696394,11.6818485230546,11.33,29.2,6.7,2.0,,,,
ECU,Ecuador,EC,2005,2909.02606014388,40.278849,53.1,15.4,24.7,51.9,23.659683752764,19.5271775024173,11.1791775826688,11.28,,,,,,,
ECU,Ecuador,EC,2006,3243.67010359339,45.690762,52.3,10.9,19.4,46.8,22.7656178077769,18.8361059004367,10.7109142290008,11.24,25.9,6.8,2.1,,,,
ECU,Ecuador,EC,2007,3478.92488770671,49.848725,53.4,10.9,18.7,45.9,21.87186016581,18.1429624070283,10.2479264359463,11.2,,,,,,,
ECU,Ecuador,EC,2008,4194.75750661981,61.139438,49.8,9.8,17.7,43.4,20.9663613784701,17.4316799927277,9.79788028697454,11.15,,,,,,,
ECU,Ecuador,EC,2009,4053.36331139298,60.094978,48.5,9.3,16.9,44.4,20.048613199772,16.7063636560609,9.35319498598873,11.11,,,,4.51763010025024,,,
ECU,Ecuador,EC,2010,4520.30959039763,68.151329,48.8,7.8,14.4,39.7,19.1504874022757,15.9938089681887,8.93324734560247,11.05,,,,4.60028982162476,,,
ECU,Ecuador,EC,2011,5153.6916424375,78.986648,45.9,6.4,11.9,35.9,18.2703601434794,15.2901968615605,8.53480214271137,10.98,,,,4.74424982070923,,,Medium
ECU,Ecuador,EC,2012,5634.08393191094,87.735048,46.1,6.0,11.0,32.6,17.4220843089446,14.6050652365855,8.16874385136297,10.92,25.4,6.4,2.4,4.65310001373291,,,
ECU,Ecuador,EC,2013,6109.29031510341,96.570334,46.9,4.5,9.7,32.5,16.6318763631028,13.9661728609667,7.83613349680506,10.85,,,,4.92997980117798,33.5309774702576,,
ECU,Ecuador,EC,2014,6405.79979300441,102.717794,45.0,4.0,8.2,28.7,15.927440887913,13.3968959182718,7.53621242229865,10.8,23.9,5.1,1.6,5.21020984649658,33.3268796672496,,
ECU,Ecuador,EC,2015,5976.1596805651,97.209558,46.0,4.8,9.2,29.8,15.3345510321615,12.9155424806797,7.28160592736874,10.77,,,,5.10570001602173,34.0758538247243,,
ECU,Ecuador,EC,2016,5917.63771271481,97.671433,45.0,5.0,9.1,29.3,14.8425915403769,12.5172472987868,7.09025280510266,10.75,,,,4.46397668804552,35.0549572104551,,
ECU,Ecuador,EC,2017,6233.32244797718,104.467486,44.7,4.3,8.4,28.3,14.4361803245178,12.1874183039117,6.97814157935432,10.72,,,,4.60667733499397,31.5192679680287,,
ECU,Ecuador,EC,2018,6303.91886658338,107.478961,45.4,4.7,9.2,28.9,14.0910680985183,11.9117142838507,6.94368971947836,10.7,,,,4.6250260585881,33.7250449206698,,
ECU,Ecuador,EC,2019,6205.05765246766,107.59583,45.7,4.6,9.5,30.6,13.8034133371985,11.6826857173772,6.98280450567247,10.67,,,,4.2457799911499,33.1468964953936,,
ECU,Ecuador,EC,2020,5463.64515348598,95.865473,47.3,8.4,13.5,36.0,13.5631256795844,11.4904382374103,7.07541413223026,10.63,,,,4.26103019714355,34.0396754166882,,
ECU,Ecuador,EC,2021,6061.32350181711,107.179074,45.8,5.3,10.8,33.5,13.3655922455933,11.3340814302694,7.15102450089077,,,,,3.64776992797852,31.9261749303125,,
ECU,Ecuador,EC,2022,6515.58528418336,116.133121,45.5,4.4,9.2,30.9,13.2025824429791,11.20965146704,7.15625566683482,,,,,3.59897994995117,30.4365983203311,,
ECU,Ecuador,EC,2023,6737.84748379638,121.147057,44.6,4.7,10.0,30.8,13.0549329900104,11.0941988061286,7.09785976093807,,17.5,4.3,0.9,3.89365005493164,,,
ECU,Ecuador,EC,2024,6874.705739766,124.6760747,45.2,7.3,12.1,32.6,10.3804661501567,,,,17.4,4.9,0.7,,,,
EGY,"Egypt, Arab Rep.",EG,2004,991.255689145253,78.7824675324674,31.8,4.1,18.2,72.4,37.4588095240372,32.567949019816,19.7112345931276,,,,,4.67072010040283,26.8903770863383,,
EGY,"Egypt, Arab Rep.",EG,2008,1896.21594269779,162.818181818182,31.1,3.7,16.1,71.8,31.2415788952802,27.7235304178093,16.6461217197967,,31.6,6.7,7.2,3.76082992553711,30.3182043551089,,
EGY,"Egypt, Arab Rep.",EG,2010,2455.08194645282,218.983666061706,30.2,1.5,10.0,63.5,28.6097416741108,25.6209574986176,15.1882167162879,,,,,,28.8602519476214,,
EGY,"Egypt, Arab Rep.",EG,2012,2996.0677072015,279.116666666667,28.3,1.2,6.9,60.6,26.2497091799399,23.7060336720577,13.8733551491872,,,,,,28.6894966262614,,
EGY,"Egypt, Arab Rep.",EG,2015,3306.98159414141,329.366576819407,31.8,1.2,7.1,56.8,23.2541186796599,21.2013978594028,12.2772015042495,,,,,,30.2303694913867,,
EGY,"Egypt, Arab Rep.",EG,2017,2395.10333299491,248.36277173913,31.5,3.1,13.7,66.8,21.6242857113285,19.7861598298685,11.3937793014,,,,,,,,Low
EGY,"Egypt, Arab Rep.",EG,2019,2962.98892023003,318.678815489749,31.9,2.0,10.2,62.2,20.0925586252139,18.4370245091002,10.6011826631248,,,,,,,,
EGY,"Egypt, Arab Rep.",EG,2021,3827.35415374308,424.671765455704,28.5,1.4,7.1,58.5,18.7488654996652,17.2382153596811,9.91199686576009,,13.5,3.1,2.7,,,,
ESP,Spain,ES,2000,14743.2671031455,598.10285475608,34.1,0.9,1.1,3.0,5.42372074559108,4.35425566613174,2.81506465334781,8.88,,,,4.16786003112793,,,
ESP,Spain,ES,2003,21522.0170990262,907.963217057645,31.8,0.9,1.2,2.4,5.01887008994721,4.05448249622279,2.60652914005957,8.98,,,,4.17126989364624,,,
ESP,Spain,ES,2004,24925.0267844576,1069.82938251467,33.3,1.0,1.3,2.7,4.87510113237266,3.94793515151995,2.52024789293944,9.02,,,,4.15485000610352,28.879414086708,,
ESP,Spain,ES,2005,26450.9530130382,1154.66755177588,32.4,0.9,1.1,2.8,4.7154437376146,3.82770832648236,2.4287875222231,9.05,,,,4.14090013504028,27.2791723501867,,
ESP,Spain,ES,2006,28421.686527407,1261.84668327529,33.5,0.9,1.1,3.1,4.54261816395034,3.69551343270726,2.33533374431016,9.09,,,,4.18001985549927,27.1897040327331,,
ESP,Spain,ES,2007,32652.015594702,1476.74627685451,34.1,0.6,0.7,1.9,4.36405108725664,3.55771114052861,2.24338376342845,9.15,,,,4.24615001678467,27.4124140055924,,
ESP,Spain,ES,2008,35603.248328071,1636.1154476125,34.2,0.6,0.9,2.1,4.18527749740142,3.41895325046289,2.17094932928873,9.21,,,,4.51629018783569,28.6016583485552,,
ESP,Spain,ES,2009,32279.8208476151,1496.58759084765,34.9,0.9,1.1,2.7,4.01084111821802,3.28367777806785,2.13299142590361,9.29,,,,4.89520978927612,32.4055210206992,,
ESP,Spain,ES,2010,30658.7422282912,1427.98907891667,35.2,0.7,1.1,3.1,3.84647877106481,3.15609391793858,2.11722211901233,9.37,,,,4.8360800743103,31.4678153823301,,
ESP,Spain,ES,2011,31824.6219134777,1487.56865924125,35.7,1.3,1.7,3.4,3.69672302264787,3.03964958536933,2.09900264388178,9.45,,,,4.71897983551025,31.1937980143915,,
ESP,Spain,ES,2012,28456.4438151477,1330.99481167031,35.4,1.0,1.6,3.7,3.56545493728705,2.93805150248897,2.06772415435083,9.51,,,,4.46011018753052,38.0321130850107,,
ESP,Spain,ES,2013,29228.846559842,1362.18692315765,36.2,1.3,1.7,4.2,3.45616502658078,2.8537268013758,2.02643150940793,9.57,,,,4.32851982116699,35.3397643645213,,
ESP,Spain,ES,2014,29707.765509467,1380.24456136196,36.1,0.9,1.5,4.3,3.372364563896,2.78964277392973,1.98088508399262,9.6,,,,4.27524995803833,34.5306651240821,,
ESP,Spain,ES,2015,25982.4416197775,1206.16477755312,36.2,1.1,1.5,3.8,3.31052217299629,2.74312407325843,1.93802049000013,9.61,,,,4.24902009963989,32.6560648764801,,
ESP,Spain,ES,2016,26755.6061149398,1243.01566791712,35.8,1.3,1.7,4.0,3.26603302754659,2.70967648549955,1.90456057280995,9.61,,,,4.19328022003174,32.4323867041507,,
ESP,Spain,ES,2017,28381.3425596906,1321.75408881883,34.7,0.8,1.1,2.9,3.23431873391326,2.68589030578215,1.88323500027966,9.6,,,,4.17845010757446,31.3619207811122,,
ESP,Spain,ES,2018,30602.4212881113,1431.64280932706,34.7,1.0,1.2,3.2,3.20853802455548,2.66569538391672,1.86547730637946,9.61,,,,4.15046977996826,31.7256136391383,,
ESP,Spain,ES,2019,29786.5245689007,1403.49638768627,34.3,0.9,1.2,2.9,3.18191078099551,2.64400747189567,1.84355388704941,9.62,,,,4.20255994796753,32.1149229088067,,
ESP,Spain,ES,2020,27233.9426461608,1289.78383697121,34.9,1.1,1.5,3.4,3.15729372589792,2.62316799718353,1.81429687604179,9.64,,,,4.85116004943848,40.3694073931071,,
ESP,Spain,ES,2021,30799.4775937775,1461.24490185269,33.9,0.7,0.9,2.2,3.13949704346832,2.60789560500566,1.7791261818314,,,,,4.81315994262695,38.3621185067432,,
ESP,Spain,ES,2022,30270.2687017458,1446.49814774903,33.6,0.8,1.0,2.4,3.1310395303079,2.60026985017016,1.73909587021124,,,,,4.58553981781006,35.3952923242011,,
ESP,Spain,ES,2023,33509.0127982139,1620.09073495689,33.4,0.8,1.0,2.3,3.11564700190687,2.58753517440546,1.69893560602327,,,,,,34.0313577036742,,
EST,Estonia,EE,2000,4070.60902410208,5.68657974753524,35.8,3.0,7.2,35.9,11.0400030183235,8.78675645358573,5.3229968014214,4.45,,,,5.33945989608765,33.3557746759575,,
EST,Estonia,EE,2001,4502.66614992392,6.25021842270164,36.0,3.0,7.7,38.5,10.1456388300438,8.06995509918977,4.8629072484395,4.45,,,,5.23217010498047,31.3400559343088,,
EST,Estonia,EE,2002,5343.18310760735,7.3701196194782,35.8,2.9,7.2,36.0,9.299698199765,7.38990714454888,4.42815586204852,4.44,,,,5.433030128479,30.7417797848293,,
EST,Estonia,EE,2003,7205.40703313243,9.87659552845528,37.2,3.6,6.1,20.7,8.50738756581175,6.75219566000027,4.02661808179204,4.42,,,,5.27171993255615,30.7361176707181,,
EST,Estonia,EE,2004,8916.0728274602,12.1485950310559,33.6,1.6,3.6,14.6,7.77760393422401,6.16424912535825,3.66398886884228,4.4,,,,4.87566995620728,30.616734660113,,
EST,Estonia,EE,2005,10414.6381183565,14.1094913567964,33.4,1.1,2.2,10.1,7.10597641113849,5.62401604891787,3.3360944340539,4.38,,,,4.80935001373291,30.0129338284044,,
EST,Estonia,EE,2006,12641.4800976473,17.0256718103124,33.7,1.1,1.5,6.3,6.48997406617634,5.12793328285382,3.03574989119701,4.37,,,,,29.6002634409446,,
EST,Estonia,EE,2007,16745.4308011148,22.4502641664385,31.2,0.6,1.0,4.1,5.92796368283783,4.67398019047471,2.76043094739329,4.38,,,,4.6196699142456,29.2674813681586,,
EST,Estonia,EE,2008,18205.9064113446,24.3429354035447,31.9,0.6,1.1,4.1,5.42015819561124,4.26481834812675,2.51170815516764,4.4,,,,5.48375988006592,34.3818931215876,,
EST,Estonia,EE,2009,14712.4494217916,19.6339844401222,31.4,0.8,1.3,5.0,4.96133400027778,3.89406241929806,2.28458582780871,4.43,,,,5.9597601890564,40.9388487930904,,
EST,Estonia,EE,2010,14663.7041018705,19.524355419038,32.0,1.0,2.1,7.2,4.55789895045451,3.56932184481777,2.08656246861942,4.45,,,,5.51753997802734,38.2430436082081,,
EST,Estonia,EE,2011,17555.5455239426,23.3039157947569,32.5,1.2,1.8,6.1,4.20080816438466,3.28126296515779,1.91595846432389,4.47,,,,4.99514007568359,34.8527645409945,,
EST,Estonia,EE,2012,17568.2137969714,23.2374061163988,32.9,1.0,1.7,5.2,3.88813535810554,3.02919239950149,1.76783442177558,4.47,,,,4.67340993881226,34.1955592548035,,
EST,Estonia,EE,2013,19310.3874900757,25.4510327807573,35.1,1.1,1.9,5.3,3.61926965665906,2.81206379973478,1.63923210789882,4.46,,,,4.78006982803345,34.1148108061736,,
EST,Estonia,EE,2014,20581.7898991695,27.0556890030038,34.6,1.0,1.7,5.0,3.38266757837714,2.62119748353597,1.52716478057452,4.44,0.0,1.0,1.6,4.32586002349854,33.6145594674937,,
EST,Estonia,EE,2015,17722.1557669523,23.3118477509394,32.7,0.7,1.0,2.9,3.17345860366203,2.45274133226925,1.42782509582338,4.4,,,,5.05127000808716,35.8209566136791,,
EST,Estonia,EE,2016,18666.3736521706,24.5610277877896,31.2,0.6,0.8,2.4,2.98704947822386,2.30257306990593,1.34364861114128,4.19,,,,5.05511999130249,35.8214191120908,,
EST,Estonia,EE,2017,20851.5223496861,27.4694619191189,30.4,0.5,0.6,1.8,2.81985895894571,2.16749275899562,1.27049945780711,4.18,,,,4.86288022994995,34.6983825831746,,
EST,Estonia,EE,2018,23618.1361254581,31.2226327407247,30.3,0.4,0.5,1.3,2.67103177232396,2.04871354147514,1.20871331879493,4.17,,,,5.13962984085083,35.2168612467468,,
EST,Estonia,EE,2019,24021.2501413306,31.8737487700313,30.8,0.7,0.9,1.7,2.53891155311482,1.94218923685611,1.15522648316889,4.17,,,,5.16415023803711,35.6510871727138,,
EST,Estonia,EE,2020,23933.9939421065,31.8207714938974,30.7,0.4,0.5,1.6,2.41655435753784,1.84419866349025,1.10778927651575,4.17,,,,5.44180011749268,40.9084381155599,,
EST,Estonia,EE,2021,27953.7670230126,37.2045630514723,31.8,0.3,0.4,1.0,2.30555655543244,1.75518561705284,1.06383327324214,,,,,5.21514987945557,38.2324778803824,,
EST,Estonia,EE,2022,28451.1477825175,38.376046174971,32.3,0.5,0.7,2.0,2.20157336805942,1.67224744396338,1.02394640469102,,,,,5.20733976364136,35.2785687051257,,
EST,Estonia,EE,2023,30133.304450454,41.2912452221948,30.7,0.3,0.6,1.3,2.10635857247632,1.59796163433279,0.984971375942999,,,,,,37.8519021937307,,
ETH,Ethiopia,ET,2004,7972.5366498646,10.1311872614421,29.8,41.3,69.9,95.7,114.988490183906,77.9355739227739,44.1729685876568,,,,,,16.1670492299566,,
ETH,Ethiopia,ET,2010,7972.5366498646,29.9337903343418,33.2,37.4,64.4,93.2,83.2262484418287,59.3226554619716,38.6537894294919,,,,,4.49659013748169,12.5031975516212,,
ETH,Ethiopia,ET,2015,7972.5366498646,64.5893285505953,35.0,33.0,56.1,89.9,64.8988183829584,48.025889395394,33.8544839804108,,,,,4.73791868878759,10.3776370135472,,
ETH,Ethiopia,ET,2021,7972.5366498646,111.261888668864,31.1,38.6,63.7,93.5,50.0499044116251,38.2512336211056,28.864723288891,,,,,4.06524874309096,8.41741927672894,,
FIN,Finland,FI,2000,24335.9225082659,125.967821110589,27.2,0.0,0.0,0.2,4.28030593044595,3.51112465197775,2.48110830299682,4.35,,,,5.71163988113403,33.9177041631839,,
FIN,Finland,FI,2003,32920.0857192568,171.612867735686,27.7,0.0,0.1,0.2,3.96654143264375,3.23738865907619,2.21513896567301,4.25,,,,6.168869972229,34.9011956708016,,
FIN,Finland,FI,2004,37768.1334202029,197.458297639769,27.9,0.0,0.1,0.2,3.8648048593469,3.14875399497698,2.14369889537516,4.22,,,,6.15823984146118,34.5966070517384,,
FIN,Finland,FI,2005,39049.8703780223,204.859368790661,27.6,0.1,0.1,0.2,3.74743872443298,3.04830494413141,2.07448614180463,4.19,,,,6.02582979202271,34.6883995481763,,
FIN,Finland,FI,2006,41214.0187765069,217.044068234117,28.0,0.1,0.1,0.2,3.61350420898192,2.93400875996974,2.00606867453671,4.16,,,,5.92960977554321,34.2865076564407,,
FIN,Finland,FI,2007,48473.0240091455,256.360251537648,28.3,0.1,0.1,0.1,3.46793578109526,2.8109009386187,1.93024966484338,4.15,,,,5.67164993286133,32.6421075703388,,
FIN,Finland,FI,2008,53769.4726240385,285.698662071094,27.8,0.1,0.1,0.2,3.31749319067636,2.68446387954303,1.8462335666882,4.14,,,,5.83046007156372,33.3724575682229,,
FIN,Finland,FI,2009,47478.3495310999,253.480783439453,27.5,0.1,0.1,0.1,3.16712762872192,2.55837628452891,1.75494756431486,4.13,,,,6.45998001098633,38.2259883896883,,
FIN,Finland,FI,2010,46506.2919016566,249.429613683334,27.7,0.1,0.1,0.2,3.02188657525448,2.43718173507686,1.65994364160988,4.13,,,,6.504310131073,38.4162383668089,,
FIN,Finland,FI,2011,51060.3242589767,275.126915515565,27.6,0.1,0.1,0.1,2.88487882603139,2.32285557542843,1.5684873411601,4.13,,,,6.45624017715454,37.9949912726721,,
FIN,Finland,FI,2012,47551.6740841369,257.443384492969,27.1,0.1,0.1,0.2,2.76015806972231,2.21880458521297,1.49383797783539,4.13,,,,7.1715497970581,39.0731517432053,,
FIN,Finland,FI,2013,49691.0145200739,270.268036626275,27.2,0.1,0.1,0.2,2.64912492906379,2.1267819978105,1.4409254136768,4.13,1.8,,1.2,7.15288019180298,40.2865889914839,,
FIN,Finland,FI,2014,50073.7760815871,273.478528954901,26.8,0.1,0.1,0.2,2.5558762660405,2.04846647769979,1.40683510306331,4.14,1.8,,1.2,7.13832998275757,40.7932768210634,,
FIN,Finland,FI,2015,42560.3456767103,233.21073350625,27.1,0.1,0.1,0.2,2.48343777926275,1.98790394555164,1.38843955937676,4.13,1.7,,1.2,7.07199001312256,40.6832800487174,,
FIN,Finland,FI,2016,43451.2562442158,238.777818792608,27.1,0.0,0.1,0.2,2.42892341364783,1.94165121992653,1.38000742954276,4.13,1.7,,1.2,6.90873003005981,39.9389014310416,,
FIN,Finland,FI,2017,46085.0174739036,253.84613844,27.4,0.1,0.1,0.2,2.38940836132052,1.90777845183398,1.37409256993615,4.11,1.3,,1.0,6.40826988220215,38.1729904853453,,
FIN,Finland,FI,2018,49654.2497035329,273.869255596078,27.3,0.1,0.1,0.2,2.36007808505712,1.881380519935,1.36761592593827,4.1,1.3,,1.1,6.31771993637085,37.678359673142,,
FIN,Finland,FI,2019,48358.1807773701,267.014821129411,27.7,0.0,0.1,0.2,2.33971538891506,1.86283004973801,1.35954012650135,4.08,1.3,,1.2,6.45300006866455,37.3099724129835,,
FIN,Finland,FI,2020,48828.6846862799,270.000311606226,27.1,0.0,0.0,0.1,2.32422846354997,1.84825413860726,1.35052067346225,4.07,1.3,,1.1,6.6812801361084,41.4819765892371,,
FIN,Finland,FI,2021,53099.1351400148,294.223210496119,27.7,0.0,0.0,0.2,2.31323379944176,1.83743916887302,1.34111511672564,,1.3,,1.4,6.58820009231567,40.1026675885578,,
FIN,Finland,FI,2022,50440.560224974,280.25309930934,27.9,0.1,0.1,0.3,2.30412634763535,1.82863868738841,1.33069649594998,,1.8,,1.6,6.37603998184204,37.9345069231781,,
FIN,Finland,FI,2023,52821.5114340717,294.950618733339,27.4,0.2,0.2,0.4,2.2934689795889,1.81890113673971,1.31986978609425,,2.8,,1.6,,44.9428481351409,,
FJI,Fiji,FJ,2002,2136.56794118683,1.83327998536741,38.1,5.4,14.9,52.4,22.6634888051648,16.6687670291121,10.4963985996338,7.31,,,,6.27586984634399,,,
FJI,Fiji,FJ,2008,3899.92231512129,3.52318591955826,40.4,3.8,11.5,48.9,23.221600158498,17.3842546093019,10.1409847713513,7.39,,,,4.25357007980347,21.4422073844431,,
FJI,Fiji,FJ,2013,4572.44377544245,4.18996799851424,36.7,1.6,7.9,46.7,20.6945878848991,15.9217038223611,8.12613616744692,7.42,,,,3.88288998603821,24.3834617971389,,
FJI,Fiji,FJ,2019,5950.82866866702,5.44440719813478,30.7,4.7,15.1,61.3,25.7146678062797,20.6150482019045,12.5584424182058,7.4,,,,5.15273175975853,27.4167667777084,,
FRA,France,FR,2000,22340.5939516217,1360.95906947749,32.6,0.0,0.2,0.5,5.37918425539061,4.08451500677548,2.74623928247275,7.57,,,,,44.7395900950739,,
FRA,France,FR,2001,22331.7948343036,1370.37667729886,32.5,0.0,0.2,0.2,5.2460966375377,3.92399604839957,2.7258041349977,7.57,,,,,45.1259611564405,,
FRA,France,FR,2002,24144.5727019529,1492.42775638242,31.8,0.0,0.0,0.2,5.09476856913302,3.76016423687764,2.68893402901357,7.58,,,,,46.1481322288413,,
FRA,France,FR,2003,29479.5222101175,1835.09598304909,31.4,0.2,0.2,0.5,4.92839311466716,3.60017868654719,2.61377668829258,7.59,,,,,46.378152228103,,
FRA,France,FR,2004,33644.9282220364,2109.79229723703,30.6,0.1,0.1,0.3,4.76576145142269,3.45792018657751,2.52431050320118,7.59,,,,,45.7123683832106,,
FRA,France,FR,2005,34696.3718316971,2192.14640302817,29.8,0.1,0.1,0.3,4.63133048920171,3.35122012588747,2.44585779818091,7.58,,,,,45.7486480076561,,
FRA,France,FR,2006,36431.5658906555,2317.86154469082,29.7,0.0,0.1,0.2,4.52477934998548,3.27579919576534,2.39039859613687,7.57,,,,,45.247946285329,,
FRA,France,FR,2007,41486.1907828787,2655.81691186656,32.4,0.0,0.0,0.1,4.43765611286812,3.2231001691803,2.36086859287034,7.56,,,,,44.9111535137718,,
FRA,France,FR,2008,45464.8181385158,2926.80294158586,33.0,0.0,0.0,0.1,4.36017110397869,3.18160371338914,2.35386289568344,7.55,,,,,45.2341073217247,,
FRA,France,FR,2009,41728.0884164132,2700.07588251898,32.7,0.1,0.1,0.4,4.28817219769848,3.14692453379537,2.34978085717584,7.55,,,,,48.4059324731452,,
FRA,France,FR,2010,40694.8211697025,2646.23002798834,33.7,0.1,0.1,0.4,4.21647920690702,3.11289595891411,2.33288445371875,7.54,,,,,49.6925291037396,,
FRA,France,FR,2011,43929.7840873812,2870.40855399028,33.3,0.0,0.1,0.2,4.15385252654903,3.08594050004726,2.31148909065346,7.54,,,,,47.927974289251,,
FRA,France,FR,2012,40863.5814412333,2683.00709578723,33.1,0.1,0.1,0.3,4.11702995609944,3.07932696605033,2.30691349875228,7.54,,,,,48.5371716441042,,
FRA,France,FR,2013,42669.1795111893,2816.07760787526,32.5,0.1,0.1,0.2,4.11336127258162,3.09879087805787,2.3323911010248,7.53,,,,,49.0717319139337,,
FRA,France,FR,2014,43148.0459288416,2861.23611255242,32.3,0.0,0.0,0.2,4.13410265343127,3.13806960046411,2.37881260049005,7.53,,,,,49.1207847434763,,
FRA,France,FR,2015,36702.4323733379,2442.4834526425,32.7,0.1,0.2,0.4,4.16779685121871,3.18723865868306,2.43558077504397,7.52,,,,,48.4491880082217,,
FRA,France,FR,2016,37024.2157133669,2470.40761977713,31.9,0.1,0.1,0.3,4.20364579483023,3.23712156694081,2.49251049538486,7.5,,,,,48.1500427991658,,
FRA,France,FR,2017,38687.1626407164,2588.86832333471,31.6,0.0,0.0,0.1,4.2281429230871,3.27610048634423,2.53509136814705,7.48,,,,5.46482992172241,48.466341621356,,
FRA,France,FR,2018,41418.1766484844,2781.57632088439,32.4,0.0,0.1,0.1,4.23580369514235,3.29885876839718,2.55507159288437,7.46,,,,5.42540979385376,47.1000773214216,,
FRA,France,FR,2019,40408.2848574751,2722.79351517176,31.2,0.1,0.1,0.4,4.23808474818672,3.314058399894,2.56290128276865,7.44,,,,5.36638021469116,45.8897902925031,,
FRA,France,FR,2020,39169.8606000707,2647.92605511004,30.7,0.1,0.2,0.4,4.24496642313891,3.32988378853608,2.56969435371084,7.43,,,,5.65872001647949,51.9636314257982,,
FRA,France,FR,2021,43725.0999521245,2966.43369200809,31.5,0.1,0.2,0.6,4.26071280108956,3.35076470627849,2.59302617805114,,,,,5.41742992401123,49.9944440065304,,
FRA,France,FR,2022,41082.8119320747,2796.30221039884,31.2,0.1,0.1,0.4,4.28810427350141,3.37913651344073,2.65334063158525,,,,,5.32435989379883,48.8338671441779,,
FRA,France,FR,2023,44690.9345395117,3051.83161138476,31.8,0.1,0.1,0.3,4.32146435845036,3.41165976544901,2.7470345710882,,,,,,47.3264654106394,,
FSM,"Micronesia, Fed. Sts.",FM,2005,2246.45370337127,0.2502819,42.4,15.8,29.2,64.9,35.8905392413684,31.4612835715807,18.9512379432191,,,,,,,,
FSM,"Micronesia, Fed. Sts.",FM,2013,2933.88333441237,0.3172144,40.1,26.1,43.8,78.1,31.6331853246103,28.1173239350751,16.6037498219416,,,,,12.3438831906748,18.1961632258813,,
GAB,Gabon,GA,2005,6547.87613955186,9.58278399085345,42.2,9.2,20.3,56.9,63.9232813298953,44.3566859862135,26.9814631598283,15.04,,,,,,,
GAB,Gabon,GA,2017,6921.73373135624,14.9294874851623,38.0,3.8,8.0,32.9,41.006227509063,31.6948472184359,20.162859911409,14.68,,,,3.55570801059931,15.6674947805283,,
GBR,United Kingdom,GB,2000,28280.926786099,1665.53487668331,38.8,0.2,0.2,0.7,6.54599490555629,5.54034511425475,3.80321466059463,7.55,,,,4.01821994781494,34.096871956626,,
GBR,United Kingdom,GB,2001,27906.5695029641,1649.82726356701,37.1,0.2,0.5,0.7,6.44528936865955,5.46024291491841,3.70765886372099,7.51,,,,4.10014009475708,34.392458131023,,
GBR,United Kingdom,GB,2002,30077.741432188,1785.72991606714,35.1,0.2,0.5,1.0,6.34778714790143,5.38353045730416,3.60536012740391,7.48,,,,4.61192989349365,35.7521450951329,,
GBR,United Kingdom,GB,2003,34442.6875402308,2054.42285714286,34.9,0.2,0.2,0.7,6.25086579917983,5.30731984304183,3.54934478194721,7.43,,,,4.8012900352478,36.9533049254014,,
GBR,United Kingdom,GB,2004,40366.8886650968,2421.5250823874,34.8,0.2,0.2,0.5,6.14982410882401,5.22770005542774,3.52433950429362,7.39,,,,4.73554992675781,37.4139692145313,,
GBR,United Kingdom,GB,2005,42104.7884375024,2543.18,35.5,0.2,0.5,0.7,6.03709188448064,5.13906063926107,3.48691515962201,7.34,,,,4.92976999282837,37.8516088304621,,
GBR,United Kingdom,GB,2006,44512.4590296865,2708.44158233671,35.9,0.2,0.2,0.7,5.90619478639552,5.03503984874929,3.41500092100954,7.29,,,,4.97649002075195,38.1085270896539,,
GBR,United Kingdom,GB,2007,50397.6854954706,3090.51020408163,34.4,0.2,0.5,0.7,5.75320132735694,4.91203533351264,3.32151281018607,7.26,2.3,0.5,0.4,4.9244499206543,38.4127144435877,,
GBR,United Kingdom,GB,2008,47396.1202078484,2929.41176470588,35.4,0.2,0.5,0.7,5.57447379466195,4.76759003519565,3.22262398803147,7.23,1.8,0.4,0.3,4.90973997116089,41.2181852409639,,
GBR,United Kingdom,GB,2009,38744.131693043,2412.8400062315,35.1,0.2,0.5,0.7,5.37547045336627,4.60552004413149,3.11946293966363,7.21,1.7,0.4,0.3,5.06263017654419,43.7888122561825,,
GBR,United Kingdom,GB,2010,39598.957119545,2485.48259618471,33.7,0.2,0.5,0.7,5.16871390394082,4.43671262871087,3.00975831591719,7.19,1.8,0.3,0.2,5.69867992401123,44.1378058416477,,
GBR,United Kingdom,GB,2011,42109.6418795749,2663.80583482806,33.2,0.2,0.5,0.7,4.96717494734753,4.27238571670162,2.89533132952918,7.17,1.7,0.3,0.2,5.57218980789185,42.7003650930175,,
GBR,United Kingdom,GB,2012,42490.1465463521,2707.08972661464,33.1,0.5,0.5,0.7,4.78795495539835,4.12720256635901,2.7899115959575,7.14,2.1,0.5,0.3,,43.3321176508346,,
GBR,United Kingdom,GB,2013,43419.0352598932,2784.85350253429,32.7,0.2,0.2,0.5,4.64271996267955,4.01111389339696,2.70346506624288,7.11,2.1,0.6,0.4,5.52530002593994,40.2043718258118,,
GBR,United Kingdom,GB,2014,47426.6209829995,3064.70824792143,33.1,0.2,0.5,0.7,4.53434298286603,3.92718685832611,2.65020347345349,7.06,2.0,0.6,0.4,5.60134983062744,39.4099587976251,,
GBR,United Kingdom,GB,2015,44983.885522934,2927.91114091673,33.3,0.2,0.5,0.7,4.45963435479001,3.87206949253857,2.64230124249955,7.02,2.0,0.6,0.4,5.55452013015747,38.4439779571719,,
GBR,United Kingdom,GB,2016,40988.1044233026,2689.10656689961,33.1,0.2,0.5,0.7,4.4124540555389,3.84146045512194,2.67656401676809,6.98,2.0,0.6,0.4,5.42795991897583,37.2555349974519,,
GBR,United Kingdom,GB,2017,40629.2340347345,2680.1480523353,32.6,0.2,0.5,0.7,4.38582443915267,3.82868028545453,2.72206216409546,6.93,1.9,0.5,0.4,5.45256996154785,37.1041862546711,,
GBR,United Kingdom,GB,2018,43315.4874501318,2871.34034758179,33.7,0.5,0.5,0.7,4.37433011503814,3.82941320509105,2.74912626141126,6.9,2.0,0.6,0.4,5.20437002182007,37.5296891145489,,
GBR,United Kingdom,GB,2019,42794.0022648288,2851.40716490781,32.8,0.5,0.5,0.7,4.37734639220796,3.84238162939688,2.75344238149691,6.86,2.0,0.6,0.4,5.26115989685059,36.7161596135226,,
GBR,United Kingdom,GB,2020,40404.8062238951,2696.77838660764,32.6,0.5,0.5,1.0,4.39967432191142,3.87237817516578,2.74462113959999,6.83,,,,5.43935012817383,48.0124897432167,,
GBR,United Kingdom,GB,2021,46926.475736105,3143.32305070726,32.4,0.5,0.5,1.0,4.43538987615719,3.914373150306,2.72822186086927,,,,,5.90682983398438,43.6472827513783,,
GEO,Georgia,GE,2000,749.908534993961,3.05747533518846,40.5,35.0,53.8,86.0,36.2813069206589,29.3724248543354,22.643370896117,6.02,,,,2.18105006217956,15.0783538250236,,
GEO,Georgia,GE,2001,801.98383707929,3.2194622620075,39.6,36.7,57.1,87.7,33.8598959615748,27.4386846556078,21.4760712273113,6.11,,,,2.13750004768372,16.059334731795,,
GEO,Georgia,GE,2002,853.526171868939,3.39576667767315,37.2,22.3,39.7,78.7,31.308700807563,25.4052003197646,20.1778982477103,6.19,,,,2.23501992225647,15.4117489270386,,
GEO,Georgia,GE,2003,1010.03151630868,3.99137790413162,36.6,22.3,40.1,78.3,28.6626509672941,23.2992749714756,18.7664310401759,6.27,,,,2.06559991836548,14.580633107974,,
GEO,Georgia,GE,2004,1305.04748557208,5.12536519198664,36.2,20.9,37.1,77.0,26.0417814121612,21.2074244433247,17.2751107671877,6.35,,,,2.91420006752014,19.7530612868092,,
GEO,Georgia,GE,2005,1642.78359414797,6.41091204987105,37.4,22.3,39.2,77.3,23.516272717993,19.1950528730378,15.8261601205474,6.43,14.6,2.4,3.0,2.48431992530823,21.7521878684095,,
GEO,Georgia,GE,2006,1996.02013272284,7.74525073395067,36.9,22.5,40.0,78.5,21.1637723260597,17.3180564850011,14.426581609438,6.51,,,,3.00364995002747,23.427290988332,,
GEO,Georgia,GE,2007,2635.36650276116,10.1729310885655,38.1,23.9,42.1,79.8,19.0351243373713,15.6190928054455,13.1386554108779,6.6,,,,2.69687008857727,26.1307064929563,,
GEO,Georgia,GE,2008,3324.7537205015,12.7951451309103,38.5,21.7,38.1,76.6,17.1564593893629,14.1231941011358,11.9844558953297,6.68,,,,2.9195499420166,29.5356725330146,,
GEO,Georgia,GE,2009,2822.68939668797,10.7669200658251,38.2,21.1,38.5,76.7,15.5248656763131,12.8243503566815,10.963216116354,6.75,11.8,1.1,1.3,3.22237992286682,31.3132436339375,,
GEO,Georgia,GE,2010,3281.72930937343,12.4269079671578,39.5,23.6,39.5,76.7,14.1457925740392,11.7259610731089,10.0842113315382,6.82,,,,2.76179333360622,25.0571131879543,,
GEO,Georgia,GE,2011,4119.66818307193,15.4752904692869,39.6,21.6,37.3,75.6,13.0215332884685,10.833168886575,9.32738573581467,6.87,,,,2.5149199962616,23.1399670485459,,
GEO,Georgia,GE,2012,4530.69533409431,16.8943920332256,39.0,18.8,34.1,72.1,12.1195092623836,10.119659773243,8.64005566915418,6.92,,,,1.86033999919891,24.2728608810983,,
GEO,Georgia,GE,2013,4712.00229382665,17.5176601436859,38.6,14.9,29.0,66.6,11.4239336329029,9.57340315896667,7.96640231560133,6.98,,,,2.8330966857175,24.601894433386,,
GEO,Georgia,GE,2014,4830.33486170249,17.9660151093042,37.6,12.0,25.1,64.8,10.8958515498035,9.16626805800718,7.31078569370621,7.04,,,,2.94113947736272,26.2373116449152,,
GEO,Georgia,GE,2015,4086.6223465965,15.2237961488396,36.5,10.6,23.8,63.1,10.5116577913169,8.87637533544288,6.7114234823388,7.1,,,,3.10870368877345,27.6875651267801,,
GEO,Georgia,GE,2016,4143.40125686315,15.4445489019637,36.6,10.5,23.2,64.0,10.2221020320339,8.66406579787723,6.19731092722426,7.16,,,,3.52338004112244,28.6748009739283,,
GEO,Georgia,GE,2017,4418.75206546679,16.4731253750684,37.9,11.1,23.4,61.5,10.0150131078644,8.5177703691302,5.81099392102731,7.22,,,,3.52442002296448,26.8621190130624,,
GEO,Georgia,GE,2018,4804.0546040444,17.9025448806471,36.4,11.0,22.4,62.0,9.84246200623357,8.39918580159975,5.56215717091262,7.28,5.8,2.1,0.6,3.46094989776611,23.7175474941597,,
GEO,Georgia,GE,2019,4741.2832715876,17.6383371169126,35.9,9.7,21.9,62.5,9.69425629307991,8.30231598889774,5.44031904799862,7.35,,,,3.82985997200012,24.3635120460121,,
GEO,Georgia,GE,2020,4300.85701291207,16.01086921568,34.5,12.0,25.2,66.4,9.57235349918813,8.22609987134998,5.39922527623132,7.42,,,,3.80951130708125,29.0090180561971,,
GEO,Georgia,GE,2021,5083.60695484577,18.8531155888106,34.2,10.8,22.3,64.6,9.46386174884658,8.16160206881971,5.39411927727156,,,,,3.59441995620727,27.2044002371385,,
GEO,Georgia,GE,2022,6729.84659930283,24.984568959605,33.5,7.7,17.8,56.6,9.33416208295188,8.07489487547289,5.38064199347999,,,,,3.75498008728027,24.9364534724128,,
GEO,Georgia,GE,2023,8283.66960652261,30.7778336006515,34.8,5.8,14.0,49.1,9.16633651675949,7.95144845890907,5.32011933897114,,,,,3.70918011665344,25.241719707501,,
GEO,Georgia,GE,2024,9193.66366361489,33.7761412505716,33.9,4.2,11.0,45.6,10.3804661501567,,,,,,,3.98011682083814,,,
GHA,Ghana,GH,2005,478.611909191028,10.7445683814456,42.8,60.9,76.7,94.1,82.2146492186515,53.4305428407651,32.4447695932324,15.61,,,,7.42208003997803,22.7457889920708,,
GHA,Ghana,GH,2012,1543.77524235764,41.271701060954,42.4,41.8,59.8,86.3,60.2227451255023,42.1328444783954,27.1863675637508,14.88,,,,7.91913986206055,26.8839178478186,,
GHA,Ghana,GH,2016,1912.47991339951,56.1441793978516,43.5,39.0,56.3,85.4,50.2228708286619,36.3811255104195,24.4526240581764,14.62,,,,4.3945198059082,18.2895853622151,,
GIN,Guinea,GN,2002,495.916073559269,4.30160875251396,43.0,50.3,68.1,90.9,152.179949527007,89.7250929405772,42.4564801183478,,,,,1.77897000312805,,,
GIN,Guinea,GN,2007,650.148575304743,6.28191822634408,39.4,44.0,63.0,88.8,129.388354137991,77.6808817263794,37.5420705189527,,34.0,16.4,7.2,,,,
GIN,Guinea,GN,2012,699.353377212197,7.63804455684656,33.7,21.3,42.7,83.8,118.383680007566,72.9109577193684,35.1960415749784,,34.4,16.0,5.1,1.83370995521545,,,
GIN,Guinea,GN,2018,933.273615633705,11.8570303667891,29.6,11.7,29.2,76.6,108.037299538771,68.4948960938574,32.6327688562221,,30.3,16.3,9.2,2.38432002067566,,1.520884037017822,
GMB,"Gambia, The",GM,2003,308.719123437587,0.487038685045495,47.3,55.2,69.4,89.8,99.4801194541347,66.0666673620238,38.1713969935247,14.25,,,,1.36337995529175,,,
GMB,"Gambia, The",GM,2010,801.033372714536,1.543294926873,43.6,34.2,52.9,85.0,73.1203305441328,51.6792456964247,32.9669133610472,13.79,23.4,17.4,11.0,2.56322002410889,,,
GMB,"Gambia, The",GM,2015,619.536364296461,1.37817660893204,35.9,17.1,37.7,78.7,59.33402986359,43.7521636908278,29.1502145757459,13.58,,,,2.16002988815308,,,
GMB,"Gambia, The",GM,2020,720.335143352133,1.81217089119069,38.8,22.0,40.2,78.2,48.9415350310901,37.2044260051539,25.5667577713749,13.25,17.5,11.6,4.3,2.88734569797808,,,
GNB,Guinea-Bissau,GW,2002,362.034574570354,0.466773711235579,35.6,68.2,84.3,97.6,162.78788631686,94.5436929661849,53.2665783512508,24.03,,,,,,,
GNB,Guinea-Bissau,GW,2010,600.194298540768,0.940112538936436,50.6,75.7,85.3,94.9,114.2044748029,67.8018042009883,44.7120647885066,22.24,41.1,21.8,7.0,1.68220996856689,,,
GNB,Guinea-Bissau,GW,2018,808.531613218504,1.55413359391699,34.8,37.1,59.4,89.5,82.0868667730897,49.9675083804466,36.6257796768471,20.13,,,,,12.8106751284621,,
GNB,Guinea-Bissau,GW,2021,912.484104692847,1.87865968658993,33.4,39.9,62.1,91.4,74.1469843448644,45.6791695067652,34.1277397866369,,,,,,14.4512773400472,,
GNQ,Equatorial Guinea,GQ,2022,7589.29964909381,13.6876434356249,38.5,8.8,21.5,58.1,73.3993786558073,50.8778117149016,27.9404437214728,,,,,,11.0452921646904,,
GRC,Greece,GR,2000,11638.2010697215,125.760166224805,34.4,0.2,0.7,3.2,6.40891981069982,5.5206100641223,3.9316094482832,9.78,,,,3.35085010528564,44.4473263233025,,
GRC,Greece,GR,2002,13782.195640943,150.253800085864,35.5,0.2,0.7,3.0,5.56943105188051,4.76943033283385,3.26649902917397,9.96,,,,3.52254009246826,43.2026585802198,,
GRC,Greece,GR,2003,18020.612039764,196.930509813384,32.8,0.6,0.7,2.2,5.19606830784431,4.43687234279285,2.95275946578331,10.04,1.5,0.5,1.5,3.52407002449036,43.1830691765025,,
GRC,Greece,GR,2004,21449.2552764245,234.979615898225,33.6,0.9,1.0,2.2,4.86175571252444,4.14053361083298,2.69802873222704,10.11,,,,3.76058006286621,44.5593874599535,,
GRC,Greece,GR,2005,22054.1315756886,242.315668619405,34.6,0.4,0.6,2.4,4.56737193515146,3.88076603358318,2.51202272929359,10.19,,,,4.05491018295288,43.928487332671,,
GRC,Greece,GR,2006,24416.0232970275,269.073415333676,35.1,0.7,0.9,2.7,4.3217707362902,3.66367641877664,2.36530354659665,10.26,,,,,43.1248180840893,,
GRC,Greece,GR,2007,28440.7625328955,314.226996944107,34.0,0.6,0.8,2.0,4.13367774282078,3.49857887681243,2.23560570434877,10.34,,,,,44.7050606293494,,
GRC,Greece,GR,2008,31695.8331092209,351.121399546485,33.6,0.4,0.5,1.8,4.01415331399645,3.39243433279459,2.14217518749007,10.43,,,,,47.8546535471323,,
GRC,Greece,GR,2009,29425.4573200263,326.829054686306,33.6,0.6,0.7,2.2,3.95618838575362,3.34039145695448,2.10904216504963,10.54,,,,,51.9680969068081,,
GRC,Greece,GR,2010,26653.0488008626,296.417644404034,34.1,1.1,1.4,3.2,3.94567531036083,3.32950497259904,2.14153886481101,10.67,,,,,51.078647377558,,
GRC,Greece,GR,2011,25504.7866510124,283.228079776041,34.8,1.5,2.2,6.4,3.97610805078591,3.35468538550218,2.22273799599706,10.8,,,,,54.7841287756502,,
GRC,Greece,GR,2012,21624.346052551,238.841140018233,36.3,2.1,3.1,9.0,4.040048485015,3.40890038959625,2.3340758372206,10.91,,,,,57.3762666302254,,
GRC,Greece,GR,2013,21573.3449762805,236.556279640705,36.1,1.5,2.8,10.3,4.13618932452842,3.49118328658031,2.45560206357055,11.01,,,,,61.3545612333663,,
GRC,Greece,GR,2014,21474.7257123892,233.911581521062,35.8,2.0,3.4,9.5,4.23842395006646,3.57913479180368,2.55369040419594,11.1,,,,,49.7478747922233,,
GRC,Greece,GR,2015,17980.7298238137,194.567373678099,36.0,2.0,3.1,9.2,4.30357791721904,3.63649584774418,2.59653159006159,11.18,,,,3.68239998817444,52.2111640982534,,
GRC,Greece,GR,2016,17919.2426377048,193.09723900587,35.0,1.4,2.2,8.0,4.31267557486791,3.64640837865465,2.58601503396509,11.25,,,,,48.8551944521521,,
GRC,Greece,GR,2017,18631.9930129293,200.381103984298,34.4,1.1,1.7,6.9,4.27244990230024,3.61412936690468,2.55626838960172,11.3,,,,3.46778011322021,47.670388743995,,
GRC,Greece,GR,2018,19873.4015238771,213.298873494394,32.9,0.2,0.3,5.1,4.19927964253155,3.55425797011359,2.51688612546769,11.34,,,,3.57627010345459,48.0218614049715,,
GRC,Greece,GR,2019,19335.3602002969,207.305649887019,33.1,1.0,1.4,4.8,4.10920415511074,3.47997171176603,2.4712433232798,11.37,,,,3.55062007904053,46.9259260449285,,
GRC,Greece,GR,2020,17886.733165236,191.36298555486,33.6,1.1,1.6,5.1,4.01391274623857,3.40079041121891,2.42401711054473,11.41,,,,,58.0698817576878,,
GRC,Greece,GR,2021,20654.7001960815,218.303801895326,32.9,0.7,1.2,3.6,3.92569546993478,3.32851185290831,2.37585429537914,,,,,,54.8325762184431,,
GRC,Greece,GR,2022,20971.8349258283,218.880566444349,33.4,0.6,1.0,3.6,3.83937255894887,3.25779142161459,2.32590697247148,,,,,3.37547993659973,50.5946031348852,,
GRC,Greece,GR,2023,23400.7278817691,243.498333237802,33.4,0.6,0.8,3.2,3.74471124257334,3.17987562640643,2.26739724418254,,,,,,47.1947012803121,,
GRD,Grenada,GD,2018,10083.021279225,1.16651481481481,43.8,0.8,2.9,19.6,18.3373747839273,16.5845399271063,12.2373984556452,,,,,3.55919341882594,,,
GTM,Guatemala,GT,2000,1648.96578971559,19.2889290300508,54.2,8.8,15.7,41.7,52.0660945924954,40.7787270687192,21.3262318934906,13.92,58.1,23.6,4.1,,10.9399955148495,,
GTM,Guatemala,GT,2006,2225.1234753878,29.7442468271839,54.5,10.5,18.2,40.2,40.9566252925543,32.8040382887812,18.1735516465552,14.17,,,,3.03285002708435,13.2246497707628,,High
GTM,Guatemala,GT,2014,3689.14471813777,57.852152955039,48.3,8.0,16.9,44.8,29.4318325245714,24.1427339641583,13.8367350737338,14.46,,,,2.98562002182007,13.2836110565518,1.468559622764587,
GTM,Guatemala,GT,2023,5758.30876298845,104.368413483146,45.2,9.7,17.6,47.3,21.3588419804629,17.8698583581282,10.0011405959974,,,,,3.10633993148804,13.5008011009196,,
HND,Honduras,HN,2001,1132.1648753329,7.6511623023456,55.4,26.5,35.7,59.9,35.6626161724393,28.4347277610892,17.4460370892189,11.54,35.5,12.8,1.3,,,,
HND,Honduras,HN,2002,1132.49965345317,7.85825541286038,55.7,29.0,40.4,65.8,34.0661038409511,27.2606272493696,16.8833604010165,11.62,,,,,,,
HND,Honduras,HN,2003,1156.08162681357,8.23039134667228,58.1,34.0,45.3,69.1,32.5567738288925,26.1505121171395,16.3800467357272,11.69,,,,,20.9025765695873,,
HND,Honduras,HN,2004,1215.13995412761,8.8692992343377,58.1,33.3,44.4,67.9,31.1488282917557,25.1107152377564,15.9696275680902,11.76,31.5,11.5,2.1,,19.5412906521369,,
HND,Honduras,HN,2005,1304.70039153826,9.75701269656212,59.5,31.3,41.6,66.1,29.8367610432986,24.1473208064936,15.5987811012919,11.81,,,,,19.8815874401488,,
HND,Honduras,HN,2006,1425.84780051892,10.9174770661429,57.5,27.3,37.0,60.8,28.6245938792334,23.2540303856327,15.2817565717918,11.88,29.8,8.7,1.4,,19.9082108508493,,
HND,Honduras,HN,2007,1577.73789197407,12.3612576805627,55.8,22.0,32.2,58.5,27.4948679940596,22.4166944796137,14.9898507513209,11.95,,,,,22.4238553187263,,
HND,Honduras,HN,2008,1732.49062702803,13.8817318757466,55.5,20.9,30.5,55.6,26.4533565830912,21.6446055927657,14.6525237097908,12.05,,,,,22.0470007838672,,
HND,Honduras,HN,2009,1781.15703614674,14.5874962291811,51.3,18.1,27.5,52.9,25.4869036945412,20.9365132811786,14.2808450078961,12.18,,,,,23.6076191388379,,
HND,Honduras,HN,2010,1893.32722662035,15.8393445919842,53.1,19.6,29.5,55.5,24.5589105794695,20.2492352806551,13.873415557251,12.3,,,,,22.7480069231437,,High
HND,Honduras,HN,2011,2073.66121088074,17.7102756854074,52.6,20.1,29.8,56.2,23.6887971621089,19.6010549207423,13.4638934431972,12.43,,,,,22.5041523742209,1.026449918746948,
HND,Honduras,HN,2012,2126.03474686503,18.5285543975695,53.4,24.0,35.3,61.0,22.8415421660586,18.9657660420639,13.0343241266038,12.54,22.6,7.1,1.4,6.29972793577391,23.4992682867094,,
HND,Honduras,HN,2013,2081.12843527945,18.499729214904,50.0,20.8,31.2,59.1,22.0331474234696,18.3466796640876,12.6004666389672,12.64,,,,5.87492990493774,23.8938403917359,,
HND,Honduras,HN,2014,2179.88171977271,19.7565339718698,49.9,20.6,31.1,58.2,21.2479614792462,17.7571583362545,12.1524823188085,12.72,,,,7.0901198387146,24.2419177349486,,
HND,Honduras,HN,2015,2271.20265980349,20.979791685416,49.2,19.9,30.6,58.0,20.4944975857803,17.1948071317071,11.7178050618626,12.79,,,,6.41297006607056,21.9760874717836,,
HND,Honduras,HN,2016,2307.34468351082,21.7176049521835,49.8,19.8,30.1,55.4,19.7566239461196,16.6245332470727,11.3044615764411,12.84,,,,6.09509492079297,,,
HND,Honduras,HN,2017,2413.0076562942,23.1362479905977,49.4,19.3,29.1,56.4,19.0501120717785,16.0821221787045,10.8885422111512,12.89,,,,5.74434396129576,,,
HND,Honduras,HN,2018,2464.64241531918,24.067750760499,48.9,19.8,29.2,56.1,18.3853815611983,15.5701118601322,10.5017167381275,12.95,,,,6.05646991729736,,,
HND,Honduras,HN,2019,2502.32744328073,24.8822257418119,48.2,18.8,28.4,54.5,17.7644782397889,15.0821499576292,10.119104019787,13.02,18.7,7.1,1.9,5.98198266311593,,,
HND,Honduras,HN,2023,3227.45762509776,34.3558055279795,46.8,17.0,26.6,53.3,15.5105947245687,13.2807125542426,8.82779969881241,,,,,4.54962037172702,,,
HND,Honduras,HN,2024,3426.43483328923,37.0935658540437,45.7,15.7,23.5,49.8,10.3804661501567,,,,,,,,,,
HRV,Croatia,HR,2000,4953.65158789022,22.134411297473,31.3,0.0,0.0,3.9,8.33978934856649,7.19254352640488,5.54758391039371,5.08,,,,,47.221470373472,,
HRV,Croatia,HR,2001,5364.83824691607,23.0668838496467,31.1,0.0,0.0,5.6,8.03211385139451,6.92148165762675,5.30771137653425,5.06,,,,,43.7125003016312,,
HRV,Croatia,HR,2004,9718.97322801967,41.8362921573335,29.7,0.0,0.1,0.6,7.05789426064092,6.06761577493219,4.4835343714014,4.99,,,,3.82386994361877,40.084253165942,,
HRV,Croatia,HR,2008,15889.4347074759,68.4787762059826,33.7,0.0,0.1,0.9,5.89043164684997,5.04540698964829,3.7791174119775,4.97,,,,4.2783899307251,37.9607687490283,,
HRV,Croatia,HR,2009,14475.9632928725,62.3216421251721,32.6,1.0,1.7,6.3,5.66047373588013,4.84398529597,3.67631904557216,4.99,,,,4.36217021942139,40.100543762702,,
HRV,Croatia,HR,2010,13731.2865213989,58.981738868753,32.4,1.4,2.3,7.9,5.45826569986544,4.66612089027125,3.5429501003592,5.01,,,,4.20651006698608,41.1447376444262,,
HRV,Croatia,HR,2011,14694.9993201417,62.9037373797834,32.3,1.0,2.1,8.8,5.28890166128469,4.51810869960184,3.39442770539427,5.03,,,,4.10584020614624,42.0175237781233,,
HRV,Croatia,HR,2012,13508.6836989693,57.5519637532104,32.5,1.1,2.3,10.3,5.15597650883905,4.40021033286335,3.27768104503984,5.05,,,,,40.2275034908042,,
HRV,Croatia,HR,2013,14136.3967669505,59.8524012723204,32.0,1.2,2.1,9.4,5.05262225856973,4.30798334044213,3.20808178773656,5.05,,,,4.50127983093262,40.2770017829429,,
HRV,Croatia,HR,2014,14187.9694531493,59.6121440784133,32.1,1.2,1.8,7.9,4.97459324978483,4.23788991423432,3.15467490656069,5.06,,,,,42.1284735209224,,
HRV,Croatia,HR,2015,12285.3032582105,51.0052006696941,31.1,0.7,1.3,7.5,4.9114601547691,4.18023802675808,3.08199277404605,5.06,,,,,41.5341344683407,,
HRV,Croatia,HR,2016,12821.1738140304,52.6548556381057,30.9,0.9,1.4,6.0,4.85944025298274,4.13272963392791,3.00798036978443,5.04,,,,,40.0856341620754,,
HRV,Croatia,HR,2017,13902.6310485422,56.1861904379959,30.4,0.6,1.2,5.6,4.81219200056659,4.08881861028387,2.96350065331288,5.03,,,,3.87207007408142,39.0459451626294,,
HRV,Croatia,HR,2018,15460.4183295843,61.6681301225878,29.7,0.5,0.8,3.5,4.76732650139714,4.04709685976803,2.95756071058841,5.02,,,,3.92432999610901,38.2935611473092,,
HRV,Croatia,HR,2019,15563.8167397199,61.4675821936824,28.9,0.4,0.6,3.1,4.72508915770342,4.00714196367762,2.96099109178888,5.0,,,,3.94555997848511,38.4682725930331,,
HRV,Croatia,HR,2020,14808.4620188819,57.9633708850798,29.5,0.4,0.8,2.7,4.68462849430892,3.97025953505374,2.94194251505606,4.99,,,,4.40854978561401,44.893989430739,,
HRV,Croatia,HR,2021,17789.9304736722,69.0068022986956,28.9,0.3,0.4,2.0,4.64519521411871,3.93345774304631,2.90207328618947,,,,,4.0916600227356,40.6582440623582,,
HRV,Croatia,HR,2022,18466.0955472648,71.1986351019514,30.0,0.4,0.6,2.4,4.61066609748704,3.90121254991733,2.85248096742248,,,,,,37.8374255036955,,
HRV,Croatia,HR,2023,21865.4562838641,84.393795502442,30.1,0.3,0.6,2.0,4.56840290804215,3.86255566937786,2.80504213482242,,,,,,38.6809228180323,,
HTI,Haiti,HT,2001,748.821159844528,6.33197032431022,59.0,75.1,83.5,93.6,99.9887533225635,68.520883753872,29.4110970490154,,,,,,,,
HTI,Haiti,HT,2012,1361.39396587374,13.7089254771304,41.1,40.4,59.2,88.2,75.564244373169,53.4153250775672,28.0160161144606,,23.4,10.6,4.1,,,,
HUN,Hungary,HU,2000,4629.91760812548,47.2759544289586,27.2,0.1,1.6,21.7,10.1160157280898,8.65849687313736,5.72782609189637,8.55,,,,4.86840009689331,41.3067900842643,,
HUN,Hungary,HU,2001,5280.94887987063,53.8000680657969,26.9,0.0,1.0,14.4,9.53758014593109,8.1447139198461,5.44905983430284,8.52,,,,4.9310097694397,40.9013869872712,,
HUN,Hungary,HU,2002,6658.04494326809,67.6364686250428,26.8,0.1,0.4,13.7,8.96188847324063,7.6375014013623,5.13078385844797,8.49,,,,5.17923021316528,42.9000107390859,,
HUN,Hungary,HU,2003,8410.09248198479,85.190469121074,30.9,0.2,1.1,13.9,8.42931484846256,7.17017079842734,4.76235185991997,8.46,,,,5.7923002243042,42.7185066058332,,
HUN,Hungary,HU,2004,10291.2694721409,104.015363080271,29.9,0.3,0.6,9.4,7.95154728582797,6.75280936866414,4.40982002485032,8.43,,,,5.32762002944946,41.6525350711884,,
HUN,Hungary,HU,2005,11212.2046968994,113.098237570929,34.7,1.0,1.8,10.4,7.54442396446693,6.39790253103851,4.12973053979963,8.41,,,,5.3200798034668,41.8290207048608,,
HUN,Hungary,HU,2006,11478.4891640501,115.604111412139,28.3,0.2,0.4,7.0,7.18317899857541,6.08471112485276,3.92150802929516,8.39,,,,5.28974008560181,42.8712723639047,,
HUN,Hungary,HU,2007,13934.605460375,140.123326896329,27.9,0.2,0.6,6.9,6.8414720616486,5.78833796704297,3.76337099939606,8.39,,,,5.13495016098022,42.3943125638305,,
HUN,Hungary,HU,2008,15762.6322515113,158.228265915534,27.5,0.1,0.3,6.7,6.51567187926479,5.50660705226938,3.6333630700322,8.39,,,,4.9676399230957,44.3161063509676,,
HUN,Hungary,HU,2009,13051.1831777184,130.80744107616,27.0,0.1,0.3,7.7,6.24009102195505,5.26800749353466,3.51584468425242,8.41,,,,4.94636011123657,45.0899961462607,,
HUN,Hungary,HU,2010,13189.8433874768,131.898737241166,29.4,0.2,0.4,9.0,6.03354496180888,5.08864848090921,3.39778755537227,8.43,,,,4.72375011444092,43.6185257806077,,
HUN,Hungary,HU,2011,14211.460557822,141.712804953868,29.2,0.2,0.7,8.7,5.88019516533664,4.95376843110583,3.2767527450873,8.44,,,,4.5631799697876,45.0546657406546,,
HUN,Hungary,HU,2012,12950.1594488143,128.470269689958,30.8,0.5,1.4,11.6,5.73626866499156,4.82702473191755,3.15020278174621,8.45,,,,4.14249992370605,44.7191558906917,,
HUN,Hungary,HU,2013,13739.4620151401,135.646053778582,31.5,0.5,1.2,10.6,5.56711370771514,4.67929739403254,3.01368079387836,8.45,,,,4.18921995162964,46.9455294709772,,
HUN,Hungary,HU,2014,14352.501883174,141.128696412321,30.9,1.0,1.4,8.3,5.34452085157053,4.48680755363207,2.86165889335557,8.44,,,,4.60187005996704,44.9912537785472,,
HUN,Hungary,HU,2015,12782.9412577973,125.244126623289,30.4,1.0,1.5,6.4,5.05305457027315,4.23685096433348,2.69274994520719,8.43,,,,4.49539995193481,43.2456220345119,,
HUN,Hungary,HU,2016,13215.8605277789,128.983560865293,30.3,1.6,2.1,4.3,4.74018249404316,3.96961821782988,2.52693042685313,8.4,,,,4.61547994613647,43.3907474005341,,
HUN,Hungary,HU,2017,14736.1668157258,143.335098991862,30.6,0.9,1.8,4.9,4.47105302246628,3.7396536770136,2.38426006302289,8.38,,,,4.64757013320923,42.0163819189322,,
IDN,Indonesia,ID,2000,763.711124950924,165.021012077809,30.3,65.7,84.3,97.6,51.9315068829522,41.2741604590672,22.7388113022593,10.85,42.3,24.7,5.5,,,,
IDN,Indonesia,ID,2001,732.307093405708,160.446947784909,31.2,62.3,81.9,96.8,49.5590287001213,39.4678703026853,21.9751283328967,10.82,41.6,23.4,5.4,2.46003007888794,,,
IDN,Indonesia,ID,2002,881.002913569131,195.660611165183,30.2,46.8,73.1,94.9,47.3165437426938,37.7479397768227,21.321229644415,10.79,,23.0,,2.64568996429443,15.7134455872859,,
IDN,Indonesia,ID,2003,1043.2105838671,234.772463823808,29.3,45.5,71.3,95.4,45.1973135935087,36.119355324048,20.7598620758951,10.77,,23.1,,3.21799993515015,16.2579278221086,,
IDN,Indonesia,ID,2004,1126.84004447173,256.836875295452,30.4,45.4,71.7,94.8,49.128571945663,36.6902914386563,20.3684301501983,10.75,28.6,19.7,14.4,2.7484700679779,16.8539365479843,,
IDN,Indonesia,ID,2005,1238.21447629488,285.868619196085,29.9,41.1,68.6,94.6,41.3507966893984,33.1613747223629,19.8363263763608,10.73,,24.4,,2.87281990051269,,,
IDN,Indonesia,ID,2006,1558.31562847163,364.570515618357,31.5,46.8,71.8,95.3,39.5965276805306,31.7981036101976,19.4468892262526,10.7,,,,,,,
IDN,Indonesia,ID,2007,1823.21976255073,432.216737774861,33.2,41.1,66.0,92.6,37.9531893877457,30.5254319251923,19.0591130933801,10.68,,,,3.04425001144409,,,
IDN,Indonesia,ID,2008,2124.55483920618,510.228634992258,32.6,38.0,63.4,92.4,36.4235648255597,29.3366991597547,18.5802267586406,10.65,40.1,19.6,14.8,2.90190005302429,18.4485650887534,,
IDN,Indonesia,ID,2009,2218.48541852977,539.580085612401,33.4,37.9,63.8,92.1,34.9684279889138,28.1967971832768,17.9344480740405,10.63,,,,3.52513003349304,15.3672983977382,,
IDN,Indonesia,ID,2010,3065.68348377765,755.094157621936,34.6,34.1,56.7,88.9,33.5730411489185,27.1059773159787,17.282293221902,10.6,39.2,18.6,12.3,2.81227993965149,,,
IDN,Indonesia,ID,2011,3579.46442466152,892.969104563171,37.9,31.2,53.6,85.8,32.2417093027179,26.0630757018232,16.6048719584333,10.56,,,,3.18944001197815,,,
IDN,Indonesia,ID,2012,3632.27254030331,917.869913332649,37.1,26.6,49.9,84.7,30.9589542294765,25.0524930520007,15.9324014323496,10.5,,,,3.40748000144958,,,
IDN,Indonesia,ID,2013,3566.60284506078,912.524136718018,38.9,27.2,49.7,82.6,29.7310084826236,24.0900645772528,15.2738521879056,10.43,36.4,19.9,13.5,3.35904002189636,,,
IDN,Indonesia,ID,2014,3441.06808464008,890.814755533537,38.8,25.7,47.7,82.0,28.555935127556,23.1659482394226,14.6385671751304,10.36,,,,3.28800988197327,,,
IDN,Indonesia,ID,2015,3288.22269725538,860.854232686214,38.2,21.6,43.4,81.9,27.436344288463,22.2912383846408,14.0397904952274,10.28,,,,3.58360004425049,,,
IDN,Indonesia,ID,2016,3521.46943457574,931.877364037698,36.9,18.0,38.7,77.5,26.3736158471263,21.4548021610159,13.4894744854518,10.19,,,,1.21023452496964,,,
IDN,Indonesia,ID,2017,3798.88326174526,1015.61874415973,36.4,14.8,34.1,74.1,25.3760076145971,20.6619381706364,12.9692880839413,10.11,,,,1.05324382490056,,,
IDN,Indonesia,ID,2018,3860.95353090726,1042.27153298863,36.3,12.5,30.3,71.2,24.4573635086892,19.9383512821929,12.492449071636,10.03,30.0,17.7,10.5,0.994436460846179,,,
IDN,Indonesia,ID,2019,4106.94856160358,1119.0998713502,35.4,10.8,28.3,70.4,23.6121136317793,19.2715111314062,12.0355164893517,9.97,26.6,17.9,8.6,0.964399077622927,,,
IDN,Indonesia,ID,2020,3853.70288774146,1059.05484269848,35.3,9.8,26.4,69.4,22.7879767553902,18.6303821137451,11.6209365129978,9.93,,,,1.01593221347809,,,
IDN,Indonesia,ID,2021,4287.17313995098,1186.50969108673,35.5,8.6,24.2,68.5,22.0200222214196,18.0332650117037,11.2203860484319,,24.4,17.0,7.1,1.03221750658374,,,
IDN,Indonesia,ID,2022,4730.83484836107,1319.10118338015,35.5,7.9,23.7,70.3,21.292702315721,17.4676063658511,10.8623985161194,,21.6,16.8,7.5,0.863943349575907,,,
IDN,Indonesia,ID,2023,4876.30774512252,1371.16930156362,36.1,6.7,21.9,69.6,20.6243807013703,16.9543299889316,10.526099951548,,22.0,15.9,8.4,1.27517088245674,,,
IDN,Indonesia,ID,2024,4925.43048751861,1396.30009819097,34.9,5.4,19.9,68.3,10.3804661501567,,,,,,,,,,
IND,India,IN,2004,624.258826510066,709.152728830775,27.7,46.4,74.5,96.3,77.7162633133537,58.599186731348,39.0424565237003,31.58,,,,3.35254001617432,15.1334829998657,,
IND,India,IN,2009,1094.94974598436,1341.8880169949,27.8,34.6,66.1,95.0,61.3790886156486,48.7478519578807,33.0380920202157,30.25,,,,3.27824997901917,16.8518927116001,,
IND,India,IN,2011,1445.46127486037,1823.05182989455,28.8,27.1,57.7,92.5,55.0327220842112,44.563274499757,30.6371946770522,29.74,,,,3.79618000984192,14.4898394030493,,
IND,India,IN,2022,2347.44829434623,3346.10728773093,25.5,5.3,23.9,82.1,29.0806666674609,25.5765820827405,18.1446217633598,,,,,4.09865814174589,13.3335178491336,,
IRL,Ireland,IE,2000,26334.5672050501,100.207610429909,33.0,0.2,0.2,0.7,7.16125045219765,5.99239124450581,4.03382719553136,4.79,,,,4.13225984573364,27.6892879653051,,
IRL,Ireland,IE,2002,32705.4345565698,128.596035288401,32.3,0.2,0.5,1.5,6.50168604262782,5.456743397761,3.72344822370343,4.85,,,,4.10487985610962,29.4745512750367,,
IRL,Ireland,IE,2003,41203.5295847568,164.670771259602,32.9,0.2,0.2,0.7,6.04539069636655,5.08141984433983,3.50273371276156,4.88,,,,4.20493984222412,29.7254665223086,,
IRL,Ireland,IE,2004,47754.2023194244,194.372115041065,33.6,0.1,0.1,0.7,5.58881918429598,4.70562162512937,3.25393053426598,4.92,,,,4.48296022415161,29.7186782043724,,
IRL,Ireland,IE,2005,50933.0216095589,211.876989655907,33.8,0.1,0.2,0.3,5.17978800700318,4.36910381464546,2.98823624527232,4.96,,,,4.51898002624512,30.4253603783737,,
IRL,Ireland,IE,2006,54329.1618599624,232.180617162279,32.7,0.5,0.5,0.7,4.85291075590915,4.1017354122324,2.75140087796053,5.01,,,,4.54742002487183,30.6619440672932,,
IRL,Ireland,IE,2007,61396.417461176,270.0792794195,31.9,0.1,0.2,0.6,4.6131996197161,3.90786429746127,2.58691707737887,5.08,,,,4.71541023254395,31.9281112527488,,
IRL,Ireland,IE,2008,61353.1065629523,275.447471451063,30.9,0.2,0.4,1.0,4.43434458181262,3.76534428529989,2.49833237891318,5.17,,,,5.45828008651733,37.0695232892569,,
IRL,Ireland,IE,2009,52133.0909237885,236.443117248477,32.7,0.6,0.8,1.8,4.29070596297046,3.65276166432731,2.46764599987911,5.26,,,,6.15610980987549,44.0437588279555,,
IRL,Ireland,IE,2010,48679.4026820361,221.9856215375,32.3,0.7,1.0,2.0,4.16901413451393,3.55906142705473,2.47885992873674,5.34,,,,6.04836988449097,62.3394926416466,,
IRL,Ireland,IE,2011,52692.7813135606,241.337364609738,32.9,0.7,0.9,1.9,4.06243304772167,3.47797432920469,2.5058877370129,5.42,2.2,0.5,0.4,5.77199983596802,44.403718449446,,
IRL,Ireland,IE,2012,49411.7387476787,227.270922957327,33.2,0.5,0.7,1.6,3.96658920828688,3.40616899764012,2.5156933837715,5.47,,,,5.70777988433838,39.9228071664291,,
IRL,Ireland,IE,2013,52619.2123745817,243.301556084989,33.5,0.7,1.0,1.9,3.86864575482931,3.33194859304052,2.49383183424576,5.5,,,,5.23177003860474,37.5703117460126,,
IRL,Ireland,IE,2014,57278.2590911107,266.78723849903,31.9,0.4,0.6,1.3,3.76670185243177,3.25345466934394,2.44797011134132,5.52,,,,4.73554992675781,34.3552997419652,,
IRL,Ireland,IE,2015,64311.8234684057,302.391428540034,31.8,0.4,0.5,0.9,3.66128990179631,3.1715793254767,2.39346853656629,5.52,,,,3.62438011169434,26.5632407453683,,
IRL,Ireland,IE,2016,64192.9418053178,305.733136180906,32.8,0.3,0.5,0.9,3.56232241385004,3.09499396946926,2.33812856967774,5.52,,,,3.65882992744446,25.7140756122021,,
IRL,Ireland,IE,2017,72198.1076995377,348.532394023595,31.4,0.3,0.3,0.6,3.47792073613151,3.03083860356132,2.29216865075385,5.54,,,,3.37737989425659,23.7360954155754,,
IRL,Ireland,IE,2018,80738.9628834696,395.461216460418,30.6,0.1,0.1,0.1,3.42890973217796,2.99715376035826,2.26788386912986,5.56,,,,3.30347990989685,23.073079952408,,
IRL,Ireland,IE,2019,81810.1926481407,407.124824064995,30.3,0.1,0.1,0.2,3.43546378108957,3.0123437793605,2.27588069049264,5.6,,,,3.22984004020691,22.0031826278797,,
IRL,Ireland,IE,2020,86622.5067251295,436.555518400451,29.2,0.2,0.2,0.2,3.49147422961898,3.07011297922174,2.31538326193811,5.65,,,,3.19163990020752,25.09442647814,,
IRL,Ireland,IE,2021,103961.976350649,531.306516907984,29.4,0.1,0.2,0.3,3.58544101059847,3.16205595187574,2.38004991872274,,,,,2.904629945755,22.2211414269678,,
IRL,Ireland,IE,2022,105234.511567597,548.570250341987,29.9,0.2,0.2,0.3,3.70133508270838,3.27300077817548,2.45639797226674,,,,,,19.2347136594726,,
IRL,Ireland,IE,2023,103887.800388081,551.394889339777,29.0,0.1,0.1,0.3,3.80372048966499,3.3723667603159,2.52504560231674,,,,,,,,
IRN,"Iran, Islamic Rep.",IR,2005,3132.05081925856,224.970371328826,43.6,4.5,10.7,37.7,26.4593306534006,23.2533739970742,16.0390220263303,,,,,4.05650997161865,19.4202431883925,,
IRN,"Iran, Islamic Rep.",IR,2006,3618.9160136791,265.602187406199,44.8,4.5,11.3,38.2,24.7562384749764,21.8180575482391,15.36909040085,,,,,4.28998994827271,20.7178833949627,,
IRN,"Iran, Islamic Rep.",IR,2009,5415.52280554144,414.059094949597,42.1,4.9,10.5,36.9,20.4213155848648,18.1290636843674,13.2269983300233,,,,,3.84244990348816,19.6373860775632,,
IRN,"Iran, Islamic Rep.",IR,2011,8025.68743364356,629.082257472368,34.7,2.3,7.2,38.3,18.3851780973964,16.3851724391299,11.9406171388204,,,,,3.48497009277344,,,
IRN,"Iran, Islamic Rep.",IR,2012,8114.08099831877,644.01931500354,34.4,1.8,6.3,37.2,17.5467638948943,15.6662341874703,11.341828020061,,,,,2.93899989128113,,,
IRN,"Iran, Islamic Rep.",IR,2013,6222.74194840326,500.399839839877,34.0,1.9,6.9,39.8,16.7886909740903,15.0111834995301,10.8488022265206,,,,,2.85279011726379,,,
IRN,"Iran, Islamic Rep.",IR,2014,5672.06372896319,462.284793280825,34.8,3.3,8.8,42.1,16.1093169283664,14.4257526730784,10.400721093248,,,,,2.61668992042542,,,
IRN,"Iran, Islamic Rep.",IR,2015,4952.73355532178,409.191686496677,35.3,3.0,8.4,41.5,15.5411455465735,13.9365203513572,9.97827260509531,,,,,2.62911009788513,,,
IRN,"Iran, Islamic Rep.",IR,2016,5477.03712389913,459.042684192698,35.9,3.0,8.6,41.7,14.9921423884499,13.4578169212559,9.61623322582851,,,,,3.17396998405456,,,
IRN,"Iran, Islamic Rep.",IR,2017,5753.11544659399,489.168731811147,36.7,2.7,8.1,38.6,14.4590406348119,12.9923005705113,9.23805756084241,,4.8,4.3,4.3,3.45956993103027,,,
IRN,"Iran, Islamic Rep.",IR,2018,4631.78709016514,398.880231367268,37.4,3.2,9.3,42.1,13.9478955592194,12.5452648404794,8.850364107373,,,,,3.61979007720947,,,
IRN,"Iran, Islamic Rep.",IR,2019,3831.27894763337,333.51914633919,36.5,4.3,12.1,47.4,13.4720113832698,12.133384849163,8.52825637191835,,,,,3.24005007743835,,,
IRN,"Iran, Islamic Rep.",IR,2020,2988.78122414716,262.186179355944,35.8,4.6,12.2,48.4,13.0219004781241,11.7422870198756,8.22236269377614,,,,,3.20495009422302,,,
IRN,"Iran, Islamic Rep.",IR,2021,4334.79268631354,383.436202446695,35.5,3.7,10.1,42.8,12.5902359721896,11.3671927425453,7.93856688793114,,,,,,,,
IRN,"Iran, Islamic Rep.",IR,2022,4405.09291519791,394.362621793035,34.8,2.8,8.2,39.0,12.1758347323086,11.0067817265856,7.67407732132749,,,,,2.6699800491333,,,
IRN,"Iran, Islamic Rep.",IR,2023,4465.63766853306,404.625655076275,35.9,2.5,7.5,36.0,11.7733135336402,10.6559153378133,7.40202795861102,,,,,2.82443290958712,,,
IRQ,Iraq,IQ,2006,2276.55435744086,65.1470519180219,28.6,0.6,2.7,35.2,38.7628976622304,34.2973797892209,21.76287221474,10.57,27.5,7.1,5.8,,,,
IRQ,Iraq,IQ,2012,6477.59618450955,218.002476129472,29.5,0.6,3.1,32.0,32.4306491220037,29.2155169531077,18.4504761645214,10.77,,,,,,,
IRQ,Iraq,IQ,2023,5965.31835077761,268.881051643549,29.8,0.5,2.4,28.0,22.6162569834139,20.8247556344108,12.8556223659222,,,,,,,,
ISL,Iceland,IS,2003,39476.6978486684,11.4293330378443,26.8,0.0,0.1,0.4,3.41606807573367,2.69435309899482,1.78122568055215,3.64,,,,7.24507999420166,31.9399809870368,,
ISL,Iceland,IS,2004,47334.9306537723,13.8253025357699,28.0,0.2,0.2,0.4,3.25647927229863,2.56063817010967,1.68604892679072,3.66,,,,7.16118001937866,30.5119648305271,,
ISL,Iceland,IS,2005,56794.8501588953,16.8529630670496,29.0,0.0,0.1,0.2,3.11789936008038,2.44400451332432,1.6044933616746,3.68,,,,7.33843994140625,33.3084001371758,,
ISL,Iceland,IS,2006,57492.9342498703,17.4653185522941,30.2,0.2,0.3,0.5,2.99994133991319,2.34479015879316,1.53159467786242,3.7,,,,7.19521999359131,32.6414473036405,,
ISL,Iceland,IS,2007,69495.7267376825,21.6525055967528,29.5,0.1,0.1,0.3,2.89798770799973,2.25804993002096,1.46941702490582,3.72,,,,6.9443302154541,32.3696975274777,,
ISL,Iceland,IS,2008,56943.3704468563,18.0746229870185,31.8,0.1,0.1,0.2,2.81392739981956,2.18554306525967,1.41779123505859,3.74,,,,7.03601980209351,50.8152764024909,,
ISL,Iceland,IS,2009,41301.273219718,13.154414219207,28.7,0.1,0.1,0.3,2.74618301391813,2.12553959277558,1.37726154881207,3.75,,,,7.18984985351562,41.655225912802,,
ISL,Iceland,IS,2010,43237.0729488958,13.7511619177398,26.2,0.1,0.2,0.6,2.69246148521007,2.07698293335956,1.34945324899937,3.77,,,,6.9442400932312,37.9621517564777,,
ISL,Iceland,IS,2011,47714.5922308485,15.2216229259319,26.8,0.2,0.2,0.8,2.65573358773402,2.0406261642453,1.33117843735289,3.79,,,,6.78997993469238,38.4544582354193,,
ISL,Iceland,IS,2012,45995.5478789467,14.7515081335443,26.8,0.0,0.1,0.4,2.63158725197355,2.01484558894247,1.32100378012717,3.81,,,,7.58223009109497,37.0690714217926,,
ISL,Iceland,IS,2013,49804.9829978371,16.1250605153117,25.4,0.1,0.1,0.2,2.62001424778778,1.99974366723865,1.31686110855614,3.83,,,,7.44868993759155,34.6598035258339,,
ISL,Iceland,IS,2014,54576.7448146565,17.8676621778911,27.8,0.0,0.1,0.2,2.614578774266,1.98899304069035,1.3182137601874,3.86,,,,7.6414098739624,34.3342435576371,,
ISL,Iceland,IS,2015,52951.6815110898,17.5172105190912,26.8,0.0,0.0,0.2,2.61850502248488,1.98612368800082,1.32291563454775,3.88,,,,7.4579701423645,32.2106446925694,,
ISL,Iceland,IS,2016,61987.9263620283,20.7931680309524,27.2,0.0,0.1,0.2,2.63168505631069,1.98898128652538,1.33135314419917,3.9,,,,7.43219995498657,35.4887565854464,,
ISL,Iceland,IS,2017,72010.1490316258,24.7282851774603,26.1,0.0,0.0,0.1,2.64732933327783,1.99422716282336,1.3417199999186,3.93,,,,7.58385992050171,31.4502546624909,,
ISL,Iceland,IS,2018,74452.1890731447,26.2608505820687,26.6,0.3,0.3,0.6,2.66544433831886,2.00252611955045,1.35419829185328,3.95,,,,7.56349992752075,30.864744351571,,
ISL,Iceland,IS,2019,68452.23622306,24.6813436492952,26.8,0.1,0.1,0.4,2.67604165808587,2.00760912643129,1.36261857998881,3.97,,,,7.60129976272583,31.0706971338718,,
ISR,Israel,IL,2001,20966.3052667971,135.002039612906,38.9,0.2,0.7,6.7,6.61547944093881,5.3615092067114,3.45537910784879,9.93,,,,6.19384002685547,42.356296104524,,
ISR,Israel,IL,2002,19076.4584298321,125.332331883997,39.6,0.7,2.0,12.0,6.34924454940519,5.13794655575627,3.30610391996302,9.9,,,,6.26308012008667,45.7473535431317,,
ISR,Israel,IL,2003,19643.4690380742,131.408914824005,40.7,0.9,2.2,11.2,6.08520262989003,4.91653791999771,3.12694270792559,9.86,,,,6.13924980163574,41.3671180494724,,
ISR,Israel,IL,2004,20568.0694088834,140.047984605087,41.5,1.0,2.5,12.7,5.82476721973382,4.70020721144419,2.93452544751615,9.81,,,,5.75651979446411,40.0759316724949,,
ISR,Israel,IL,2005,21286.8388636595,147.519922009047,42.3,1.0,1.7,12.0,5.57006202406571,4.49002785391754,2.74548721825163,9.75,,,,5.58064985275269,39.2915800691632,,
ISR,Israel,IL,2006,22527.2619795719,158.900547825306,41.6,0.5,1.5,11.5,5.33121270552908,4.29373134266779,2.58777134931233,9.69,,,,5.59034013748169,38.3312504742011,,
ISR,Israel,IL,2007,25721.2594077311,184.68121467345,41.1,0.5,1.5,9.5,5.10883343298349,4.11177038121914,2.48867596639649,9.63,,,,5.34945011138916,36.9085620855462,,
ISR,Israel,IL,2008,30269.217773489,221.231658862876,41.6,0.7,1.7,9.2,4.90753096665495,3.9477748114146,2.44887632016669,9.58,,,,5.42382001876831,37.4969372592649,,
ISR,Israel,IL,2009,28508.4938886475,213.40318185286,42.6,0.7,2.2,10.2,4.72704563676295,3.80140826557109,2.42867668866617,9.54,,,,5.36561012268066,37.9207348611601,,
ISR,Israel,IL,2010,31439.0887027614,239.679036634372,42.6,0.5,1.5,10.2,4.56111127058935,3.66711668867623,2.39296245372205,9.49,,,,5.4214301109314,36.5624705305174,,
ISR,Israel,IL,2011,34522.5215979073,268.094998225028,41.4,0.3,1.7,9.2,4.40850003630249,3.54340704553534,2.33714583537458,9.45,,,,5.44327020645142,36.1077745336826,,
ISR,Israel,IL,2012,33321.4300881602,263.589172712391,41.3,0.7,1.5,8.5,4.26891324976323,3.42997129042789,2.27585473201078,9.4,,,,5.57541990280151,36.2501054846915,,
ISR,Israel,IL,2013,37034.3161080785,298.478070673058,39.9,0.5,1.2,6.7,4.14185992572437,3.32713207587955,2.21450680566477,9.35,,,,5.78606986999512,36.164927835,,
ISR,Israel,IL,2014,38343.3046626235,315.017088116716,39.8,0.7,1.2,7.2,4.02694789471359,3.23328710560575,2.15239448621391,9.29,,,,5.70907020568848,34.8737307897912,,
ISR,Israel,IL,2015,36213.1041481958,303.469434072296,39.7,0.5,1.0,6.7,3.92369679271042,3.14875681607315,2.08999623999457,9.24,,,,5.81091022491455,34.4575468006613,,
ISR,Israel,IL,2016,37671.5389138798,321.940971558016,39.0,0.5,1.0,5.7,3.82918895305435,3.07078902440917,2.02667431196413,9.18,,,,5.82047986984253,34.4770513794653,,
ISR,Israel,IL,2017,41138.470964272,358.451839052991,38.2,0.7,1.2,5.5,3.73969498634569,2.99681852876332,1.96959307901184,9.12,,,,6.0248498916626,35.5449327749618,,
ISR,Israel,IL,2018,42362.6652754196,376.299083108497,38.6,0.7,1.0,4.5,3.65410930899171,2.92581683961104,1.91733625027612,9.07,,,,6.08776998519897,35.8193719010885,,
ISR,Israel,IL,2019,44250.6313628073,400.645216358857,38.3,1.0,1.5,5.2,3.57701185538996,2.8612298865677,1.87040910484364,9.03,,,,6.08409023284912,35.2507340669333,,
ISR,Israel,IL,2020,44575.5719045492,410.768352657612,37.8,0.7,1.0,4.4,3.51358193337547,2.80774000919633,1.82897237192017,8.98,,,,6.50303983688354,41.7968222478408,,
ISR,Israel,IL,2021,52270.9040241956,489.851549972346,37.9,0.7,1.0,4.2,3.46324864320842,2.76475919448783,1.79258846922206,,,,,6.16908979415894,38.1911260679267,,
ITA,Italy,IT,2000,20190.0035636084,1149.66136343937,35.2,1.2,1.7,3.5,5.56620309176568,4.72707439753287,3.47562107101181,6.55,,,,4.27994012832642,39.3753190414545,,
ITA,Italy,IT,2002,22451.3964379368,1281.74627119604,34.7,1.7,1.7,3.2,5.0557244340788,4.28952762886415,3.0661619444466,6.62,,,,4.41520023345947,39.343137327951,,
ITA,Italy,IT,2003,27577.5700319855,1582.93001653882,34.9,0.9,1.1,2.3,4.83096724974095,4.09776486438482,2.92987996061676,6.65,,,,4.52655982971191,39.5095420420099,,
ITA,Italy,IT,2004,31348.1901841445,1812.80875329475,34.3,0.8,0.9,1.8,4.63433721899005,3.93031705287433,2.82969684338848,6.69,,,,4.37003993988037,38.712773171034,,
ITA,Italy,IT,2005,32062.723833669,1864.98226128685,33.8,0.8,1.0,2.1,4.47254370195877,3.79313104426543,2.7317279047751,6.73,,,,4.22292995452881,39.0437931279002,,
ITA,Italy,IT,2006,33537.1286994269,1958.56365438564,33.7,0.8,0.9,1.8,4.34103174779415,3.68178158415268,2.619920944222,6.77,,,,4.50463008880615,39.604793801922,,
ITA,Italy,IT,2007,37826.1754554823,2222.52410812765,32.9,0.8,1.1,1.9,4.23378040345673,3.5918797806636,2.5252808337381,6.82,,,,4.08762979507446,39.0743870144837,,
ITA,Italy,IT,2008,40828.5795580937,2417.50841418719,33.8,0.9,1.1,1.9,4.14187337924247,3.51512520328503,2.47429866126174,6.87,,,,4.37188005447388,40.556207059261,,
ITA,Italy,IT,2009,37099.6133958219,2209.48431901265,33.8,1.1,1.3,2.2,4.05548151211546,3.44326092923059,2.45070818491015,6.93,,,,4.50415992736816,44.0374979767778,,
ITA,Italy,IT,2010,35856.8625485539,2144.936254535,34.7,1.4,1.6,2.9,3.96417754745648,3.36690444219165,2.41892566767405,6.99,,,,4.31625986099243,42.6929919174617,,
ITA,Italy,IT,2011,38432.3742820019,2306.97402027821,35.1,1.3,1.5,2.8,3.86941931084687,3.28749237345321,2.36445884381547,7.05,,,,4.09430980682373,41.8281531942746,,
ITA,Italy,IT,2012,34854.3949441965,2097.92949512168,35.2,1.4,1.8,3.2,3.7749665382724,3.20818635852468,2.30085896903615,7.1,,,,4.03481006622315,43.4989070049363,,
ITA,Italy,IT,2013,35701.6746002376,2153.22558194146,34.9,1.6,2.0,3.4,3.68469566038312,3.13241641403567,2.2420323580372,7.15,,,,4.12192010879517,43.7480535980426,,
ITA,Italy,IT,2014,36028.3494022349,2173.25550798584,34.7,1.4,1.8,3.3,3.59665503709871,3.05854988328794,2.18608453217216,7.18,,,,4.04026985168457,43.5698249256497,,
ITA,Italy,IT,2015,30639.8829751432,1845.4280488391,35.4,2.1,2.6,4.0,3.51000872066967,2.98536041009376,2.12926691570427,7.19,,,,4.05422019958496,43.5293517131866,,
ITA,Italy,IT,2016,31391.5692898108,1887.11118817693,35.2,1.8,2.3,3.5,3.4185253341699,2.90781294772656,2.0654210641559,7.2,,,,3.795490026474,43.2014022058276,,
ITA,Italy,IT,2017,32844.115660604,1970.72090458471,35.9,1.5,1.9,3.5,3.31344202553173,2.81817377908861,1.99078804156885,7.2,,,,4.02662992477417,42.9465753087,,
ITA,Italy,IT,2018,34904.1081923834,2099.43526645867,35.2,1.7,2.1,3.3,3.19577331604874,2.71784401961216,1.90669063970735,7.2,,,,4.24093008041382,42.5027354888588,,
ITA,Italy,IT,2019,33812.788724868,2019.60679658353,34.6,1.0,1.3,2.9,3.07877888818832,2.61777556923087,1.82485143180503,7.2,,,,4.07843017578125,42.2948307679073,,
ITA,Italy,IT,2020,32091.4866621366,1907.48109407923,35.2,0.9,1.2,2.4,2.97409905606829,2.52789201296786,1.75435919158165,7.21,,,,4.41802978515625,50.3444915572159,,
ITA,Italy,IT,2021,36852.5425414951,2179.20777359609,34.8,0.9,1.0,1.7,2.88575862202504,2.45212662245944,1.69811357570775,,,,,4.17118978500366,49.6527178126937,,
ITA,Italy,IT,2022,35653.9042103495,2104.06763031946,33.7,0.7,0.7,1.6,2.81384849195682,2.38994650581967,1.65532404559947,,,,,4.0698299407959,48.3702644238252,,
ITA,Italy,IT,2023,39065.4244365633,2304.60513986279,34.3,0.9,1.0,1.9,2.75590246778776,2.33998956080825,1.62187017288518,,,,,,47.529218022042,,
JAM,Jamaica,JM,2002,3680.64551727724,9.71900949484779,48.3,6.4,14.8,46.6,19.6537186998487,18.1779992554888,15.6667512641396,14.79,7.2,2.8,2.5,5.37522983551025,29.9816975698909,,
JAM,Jamaica,JM,2004,3807.56293124552,10.1746648539476,45.5,4.5,12.0,44.3,19.2445760657427,17.8795667276392,15.4677434223967,14.7,5.9,3.6,5.1,3.91254997253418,30.2543359869977,,
JAM,Jamaica,JM,2018,5578.10347525832,15.7307928762656,35.3,0.4,2.0,18.3,18.7196521546316,17.7056770037164,14.0318242024091,13.87,5.0,2.8,1.5,5.41380977630615,26.5577947196904,,
JAM,Jamaica,JM,2021,5165.33782130331,14.6575861594316,39.9,1.4,5.1,22.9,19.131172120412,18.1213042125906,14.3931042145281,,,,,5.63123989105225,,,
JOR,Jordan,JO,2002,1706.26744384401,9.58251057827927,37.0,1.0,4.2,32.7,24.237295187837,21.5582206404573,14.6638958947154,15.09,22.5,6.8,4.6,,28.3367677362379,,
JOR,Jordan,JO,2006,2342.63459574933,15.0569816643159,33.9,0.3,1.7,22.4,21.3290359819307,19.0974925708352,13.0044897072957,15.75,,,,,32.7536204732375,,
JOR,Jordan,JO,2008,3241.6524135556,22.6587159893302,32.6,0.1,1.2,20.4,20.038269259405,18.0095920337811,12.1129879596519,16.07,,,,,30.4680126289922,,
JOR,Jordan,JO,2010,3718.46571622945,27.1338042253521,33.7,0.1,0.9,15.3,18.8858804981346,17.046416124249,11.3077117118907,16.49,,,,3.16850989003323,26.2403308465959,,
JPN,Japan,JP,2008,39876.3039685725,5106.6791151273,34.6,1.0,1.7,3.7,3.4449881020895,2.5177509725497,1.22556574431461,11.02,,,,3.27241992950439,15.2644121011595,,
JPN,Japan,JP,2009,41308.9968370512,5289.49311799388,33.0,0.9,1.5,3.2,3.35424916826124,2.44752451683018,1.17003674169405,11.03,,,,,18.2117006884089,,
JPN,Japan,JP,2010,44968.1562349739,5759.07176901311,31.5,0.7,1.0,2.0,3.26312547803144,2.37784328967346,1.11663596475536,11.03,7.1,3.4,2.4,3.59951996803284,17.2217468141394,,
JPN,Japan,JP,2011,48760.0789494211,6233.14717234135,33.0,0.5,1.2,2.7,3.27603014347955,2.33037640106745,1.06776154449093,11.04,,,,3.60527992248535,18.5956788727445,,
JPN,Japan,JP,2012,49145.2804308193,6272.36299610503,32.5,1.5,1.5,2.4,3.06822956570079,2.23241404642776,1.02196794861965,11.05,,,,3.41945004463196,18.1117047475127,,
JPN,Japan,JP,2013,40898.6478964744,5212.32818116618,31.5,1.0,1.2,3.7,2.9610255173165,2.15522977241109,0.985368173496106,11.06,,,,3.40875005722046,18.1406509054638,,
JPN,Japan,JP,2014,38475.3952461838,4896.99440535329,31.3,0.7,0.9,1.7,2.85571857854497,2.08086929498076,0.953173074314313,11.07,,,,3.41529989242554,17.5741647729135,,
JPN,Japan,JP,2015,34960.6393843385,4444.93065196418,30.7,0.4,0.6,2.0,2.75976701616614,2.01488560033771,0.92424719798874,11.09,,,,3.31221008300781,16.9738508264281,,
JPN,Japan,JP,2016,39375.4731620781,5003.67762754424,31.8,0.7,1.2,2.6,2.67409816466788,1.95770373952024,0.8982078365514,11.12,,,,3.14643001556396,16.7112446327333,,
JPN,Japan,JP,2017,38834.0529341227,4930.83736915142,31.8,0.6,1.2,2.0,2.59636256673955,1.90675677961509,0.877559925212313,11.16,,,,3.13057994842529,16.1953485344611,,
JPN,Japan,JP,2018,39751.1330982711,5040.88093932486,32.9,1.0,1.7,3.2,2.52524077781325,1.86084634313044,0.862274889869938,11.2,,,,3.07782006263733,16.0713191758764,,
JPN,Japan,JP,2019,40415.9567649547,5117.99385301651,33.0,1.2,1.7,3.7,2.46372768410503,1.82176419484727,0.849731815787588,11.25,,,,3.15533995628357,16.4238978704123,,
JPN,Japan,JP,2020,40028.7341726762,5054.06800537628,32.3,1.2,1.5,3.2,2.41376957564972,1.79089906459308,0.836319802640398,11.3,,,,3.30628991127014,23.6059009054084,,
KAZ,Kazakhstan,KZ,2001,1422.27331810957,22.1526891798815,36.0,20.7,38.3,77.4,39.9258440156968,33.737581069509,23.2022601502922,6.53,,,,,13.5682160853528,,
KAZ,Kazakhstan,KZ,2002,1573.55219932325,24.6365985274437,34.8,16.2,34.2,75.6,37.5775314665117,31.673771154704,22.571038519303,6.42,,,,3.02970004081726,12.6910979763059,,
KAZ,Kazakhstan,KZ,2003,1958.02050246511,30.8336929001091,33.7,12.3,28.7,71.0,35.3785424514594,29.7388603354988,21.7156022216756,6.32,,,,,13.887221837463,,
KAZ,Kazakhstan,KZ,2004,2722.47407755402,43.1516470026095,31.8,7.6,22.3,68.3,33.250586147928,27.8676141638473,20.7422708939004,6.22,,,,2.25590991973877,14.0707427767027,,
KAZ,Kazakhstan,KZ,2005,3577.35804001782,57.1236717338952,39.8,14.6,29.1,64.7,31.1610715236573,26.0356914966043,19.7344974105868,6.13,,,,2.26353001594544,,,
KAZ,Kazakhstan,KZ,2006,5030.13494711519,81.003864630018,30.2,2.4,9.0,55.7,29.0478130725009,24.1863124631015,18.5488139675082,6.06,21.6,6.4,3.9,2.62678003311157,,,
KAZ,Kazakhstan,KZ,2007,6449.43931096532,104.849915058376,30.1,1.1,4.6,43.3,26.8916066819921,22.3044483953634,17.0566943938184,5.99,,,,2.83138990402222,,,
KAZ,Kazakhstan,KZ,2008,8123.54705891736,133.441648851982,28.5,0.8,3.5,42.3,24.6844918962455,20.3895861663009,15.2964246869701,5.93,,,,2.58945989608765,,,
KAZ,Kazakhstan,KZ,2009,6938.01175663001,115.30868694138,28.2,0.8,4.2,43.1,22.4885380002309,18.495417803159,13.4709661812537,5.87,,,,3.06071996688843,,,
KAZ,Kazakhstan,KZ,2010,8793.07589980782,148.047348240643,28.0,0.5,3.0,37.5,20.3507200765676,16.6595845306645,11.7527488355857,5.82,14.4,3.9,5.1,3.58735481721566,16.4678319854926,,
KAZ,Kazakhstan,KZ,2011,11287.1464926039,192.626464617071,28.0,0.2,1.1,23.9,18.3002114986256,14.9086079642247,10.155920377934,5.76,,,,3.6143401736456,15.2070759191101,,
KAZ,Kazakhstan,KZ,2012,12018.7966527993,207.998568865789,28.2,0.1,1.0,23.6,16.3480739361345,13.2540043280588,8.65580600634941,5.7,,,,3.90163701288194,15.7960435478034,,
KAZ,Kazakhstan,KZ,2013,13478.459627612,236.634603409088,27.1,0.1,0.5,18.0,14.5531835832344,11.7438986969129,7.29790192572397,5.63,,,,3.44564886564109,14.6089815385558,,
KAZ,Kazakhstan,KZ,2014,12427.7094576939,221.415613595468,27.0,0.1,0.5,19.3,13.0378415561688,10.4759788864114,6.21631662997791,5.57,,,,3.42903954512824,15.308914994467,,
KAZ,Kazakhstan,KZ,2015,10196.1226255982,184.388404706042,26.8,0.1,0.7,22.2,11.8662025331267,9.49576249134223,5.47996207623693,5.52,9.9,3.5,3.1,2.7885799407959,15.487142712709,,
KAZ,Kazakhstan,KZ,2016,7475.56688689424,137.278320084171,27.2,0.2,1.3,29.1,11.0434884770144,8.80731368762281,5.03312342123542,5.47,,,,2.97810006141663,16.3309403041021,,
KAZ,Kazakhstan,KZ,2017,8943.08416791984,166.805788827233,27.5,0.1,0.8,23.6,10.5477854158198,8.38848977997628,4.79865406896215,5.43,,,,2.75081992149353,19.0261392086365,,
KAZ,Kazakhstan,KZ,2018,9472.48527327758,179.339977690484,27.8,0.1,0.5,18.8,10.3155707362224,8.18441937139938,4.71981008251054,5.38,,,,2.61595010757446,14.7050433078792,,
KAZ,Kazakhstan,KZ,2019,9457.12614657136,181.667184854501,28.0,0.1,0.5,19.3,10.2161045943455,8.08922369714981,4.73408570496194,5.34,,,,2.8569700717926,16.0642125509365,,
KAZ,Kazakhstan,KZ,2020,8781.50797787648,171.082365861423,28.7,0.0,0.4,18.6,10.1191857746263,7.99821254100819,4.78304168653964,5.29,,,,4.44620380169618,16.8328642687514,,
KAZ,Kazakhstan,KZ,2021,9983.60103576902,197.112255360612,29.2,0.0,0.3,15.2,9.9898421059869,7.88201278699717,4.77975836573105,,,,,4.38569397571466,17.1165193502456,,
KEN,Kenya,KE,2005,523.456312433863,18.7378955127378,46.4,44.6,61.9,87.5,71.5338515405265,49.409467603195,24.8415700080061,11.25,40.3,18.0,6.9,7.3356499671936,,,
KEN,Kenya,KE,2015,1489.11959777284,70.1204468968359,40.8,37.7,56.8,85.8,47.4077126680973,39.0785045447219,23.5350135424505,10.56,,,,4.74350023269653,20.7150711505236,,
KEN,Kenya,KE,2020,1927.66459027849,100.657505750545,36.2,44.4,65.6,91.0,42.7785766907303,36.8955109518025,22.3587480705787,9.97,,,,5.04574892454155,19.9941461757389,,
KEN,Kenya,KE,2021,2061.35622089594,109.703658904994,38.7,46.4,67.9,91.3,41.9127667725179,36.3560009924248,22.1034564505886,,,,,4.89040202257195,23.5910069698036,,
KEN,Kenya,KE,2022,2109.56288513137,114.448978152637,37.7,46.9,67.0,90.9,41.0915613388345,35.7563195519879,21.8357327411475,,17.6,18.7,4.5,4.51101801829815,25.0629334714739,,
KGZ,Kyrgyz Republic,KG,2000,279.621738464365,1.36968849806778,31.0,66.2,82.9,97.6,50.7649594665998,43.9801520587274,20.8632490550063,7.2,,,,,,,
KGZ,Kyrgyz Republic,KG,2001,308.41129550148,1.52511637027939,30.2,61.5,79.9,97.7,48.1393207394101,41.7016124016111,20.3273282354177,7.14,,,,,,,
KGZ,Kyrgyz Republic,KG,2002,321.726775366804,1.60564310473021,30.3,58.1,79.1,97.5,45.6535634235003,39.549440735685,19.9141594116411,7.07,,,,,,,
KGZ,Kyrgyz Republic,KG,2003,380.505828812441,1.91900809049641,28.7,56.6,76.4,97.1,43.3281503407997,37.5318033736332,19.616180331656,7.0,,,,,,,
KGZ,Kyrgyz Republic,KG,2004,433.233873286,2.2115345850034,34.8,32.5,54.2,86.8,41.1951749826136,35.6808720473196,19.4296781952799,6.93,,,,,,,
KGZ,Kyrgyz Republic,KG,2005,476.548193640077,2.46024676641401,32.6,36.6,61.3,91.2,39.3296468102923,34.0803148397707,19.2885338311817,6.85,,,,,,,
KGZ,Kyrgyz Republic,KG,2006,543.113512472219,2.83416888942019,37.4,26.0,47.5,81.9,37.5833806357587,32.5886643062744,19.1712282506956,6.77,20.2,2.5,5.4,,,,
KGZ,Kyrgyz Republic,KG,2007,721.771577544361,3.80257055256105,33.9,23.3,45.8,84.2,35.7288991330041,30.9970076669979,18.8229662439153,6.69,,,,,,,
KGZ,Kyrgyz Republic,KG,2008,966.388569370494,5.13995890917936,31.5,13.8,34.4,80.6,33.7034642393785,29.2584254870028,18.1977412172259,6.62,,,,,,,
KGZ,Kyrgyz Republic,KG,2009,870.198894546917,4.69006138060252,29.9,9.8,31.3,80.1,31.6096999769968,27.4432307308045,17.4544086726387,6.56,26.1,5.5,1.2,,,,Medium
KGZ,Kyrgyz Republic,KG,2010,876.954476440354,4.79436186301352,30.1,12.6,32.9,82.5,29.5596214931257,25.6700094699898,16.6303366051806,6.51,,,,,,,
KGZ,Kyrgyz Republic,KG,2011,1117.40174350185,6.19776598428468,27.8,9.3,31.9,83.5,27.6693566243245,24.0492842036587,15.8390341983587,6.46,,,,,,,
KGZ,Kyrgyz Republic,KG,2012,1168.62244675446,6.60514288436215,27.4,10.5,32.5,85.2,26.0412265815498,22.6516074203166,15.1382272014659,6.4,18.6,5.3,2.7,,,,
KGZ,Kyrgyz Republic,KG,2013,1269.66303464348,7.33503380059056,28.8,13.5,37.2,85.1,24.6867146440455,21.4914841469298,14.5603332594481,6.35,,,,,,,
KGZ,Kyrgyz Republic,KG,2014,1264.52668823891,7.46810241268237,26.8,8.1,30.8,84.1,23.4506344890742,20.4396352929264,14.0283216702638,6.3,18.1,3.5,3.1,,25.9976655502703,,
KGZ,Kyrgyz Republic,KG,2015,1105.65193844261,6.67817751166312,29.0,11.0,34.6,85.1,22.2356780172985,19.3960390239506,13.4787400787209,6.25,,,,,27.2419483499478,,
KGZ,Kyrgyz Republic,KG,2016,1103.27489428412,6.8130953791187,26.8,8.0,29.9,83.7,21.0563916304703,18.3912304452694,12.8991126146545,6.21,,,,,27.0350965882562,,
KGZ,Kyrgyz Republic,KG,2017,1221.39046807082,7.70293837942036,27.3,8.2,30.5,83.5,19.9906182312549,17.4788461810219,12.3676108640199,6.16,,,,,26.0497698575071,,
KGZ,Kyrgyz Republic,KG,2018,1283.5203037417,8.27110623541552,27.7,5.9,26.0,80.3,19.0825646872542,16.6971866230514,11.901006364431,6.12,14.2,1.0,1.5,,25.4852528760826,0.5343056917190552,
KGZ,Kyrgyz Republic,KG,2019,1421.99927504102,9.37127526436735,29.7,4.9,23.2,78.9,18.3594370723756,16.0813850907271,11.5462920574856,6.08,,,,,23.2122999587777,,
KGZ,Kyrgyz Republic,KG,2020,1229.51766602907,8.27046861424051,29.0,9.4,31.8,81.3,17.8453339507594,15.6402779607476,11.287941508042,6.04,,,,,25.7762999997186,,
KGZ,Kyrgyz Republic,KG,2021,1349.99730650542,9.24913394626531,28.8,5.6,23.3,76.9,17.4828937365646,15.3413293567522,11.1094511820138,,8.6,1.0,0.9,,23.4050916041465,,
KGZ,Kyrgyz Republic,KG,2022,1739.72018344174,12.1349310179465,26.4,4.5,22.1,76.8,17.2216486582906,15.1268815942206,10.9617140227053,,,,,,23.8319458168086,,
KGZ,Kyrgyz Republic,KG,2023,2138.22210211478,15.1808423694894,27.2,2.7,16.4,72.1,16.9818849846389,14.9348501972846,10.8333393048984,,17.4,4.9,2.8,,23.7050047610836,,
KIR,Kiribati,KI,2006,1123.19258990684,0.112338353264712,37.0,21.3,40.0,82.7,60.277453715615,43.9650770970612,24.2359922182442,9.36,,,,,,,
KIR,Kiribati,KI,2019,1750.9977188915,0.216985388322754,27.8,6.1,22.0,74.9,59.2997770024295,42.4018778673405,23.6826403582737,9.03,,,,14.5197413461539,70.0780797246063,,
KOR,"Korea, Rep.",KR,2006,21743.4774514254,1053.21690988756,31.7,0.5,0.7,2.7,5.17524892436328,4.05595550829942,2.18781524252676,5.54,,,,,18.5519015236155,,
KOR,"Korea, Rep.",KR,2008,21350.427979823,1047.33901022525,32.3,0.5,0.7,2.2,4.53878787330403,3.58230621870544,1.8802472074034,5.76,,,0.7,,18.317231472605,,
KOR,"Korea, Rep.",KR,2010,23079.2601257735,1143.67224114972,32.0,0.5,1.0,2.7,4.12840245842878,3.28531893553636,1.75272653685478,6.0,,,,,17.6271254923594,,
KOR,"Korea, Rep.",KR,2012,25459.1689000965,1278.04653628701,31.6,0.5,0.7,2.2,3.84580282410149,3.0878517872501,1.71014436126276,6.25,,,,,24.6334415518133,,
KOR,"Korea, Rep.",KR,2014,29252.9312377352,1484.4885262718,31.2,0.2,0.5,2.0,3.6166794619151,2.92943041346824,1.66385797638181,6.53,1.6,1.0,0.6,,23.6188944543038,,
KOR,"Korea, Rep.",KR,2016,29280.4403170048,1499.67982390961,35.2,0.2,0.5,1.2,3.41641029709841,2.78945327304957,1.59608113499917,6.82,,,,4.33309984207153,23.5045488696898,,
KOR,"Korea, Rep.",KR,2017,31600.7358741365,1623.07418350189,34.9,0.2,0.2,1.2,3.32452785935286,2.72430205554589,1.56224734099484,6.97,2.3,0.9,0.9,4.32823991775513,23.9628732652167,,
KOR,"Korea, Rep.",KR,2018,33447.1562836166,1725.37349682543,33.7,0.2,0.2,1.0,3.23165545721146,2.65720769336058,1.5164511740382,7.13,,,,4.45807981491089,24.9180357987045,,
KOR,"Korea, Rep.",KR,2019,31902.4169048194,1651.42293244777,33.2,0.2,0.2,0.5,3.13468365269099,2.58600859574421,1.44942613640355,7.29,,,,4.68465995788574,27.5124513514783,,
KOR,"Korea, Rep.",KR,2020,31721.2989141857,1644.31283190617,32.7,0.0,0.2,0.5,3.03479198094647,2.511218772454,1.36759479029996,7.46,0.9,0.4,0.2,4.8017201423645,29.7259285261153,,
KOR,"Korea, Rep.",KR,2021,35125.5224984723,1818.43210688004,32.9,0.2,0.2,0.5,2.9387543997093,2.43926108898011,1.2898324353132,,,,,4.86627006530762,30.4912143759034,,
LAO,Lao PDR,LA,2002,313.350817148131,1.75817665307746,32.6,43.1,68.5,93.6,99.1363616037267,81.3098767380868,36.5851965140062,17.55,,,,2.82522010803223,,,
LAO,Lao PDR,LA,2007,697.323013673925,4.22315273904052,35.4,36.0,61.1,90.2,78.8356833070396,66.9125700505585,31.7942750632332,17.33,,,,3.07841992378235,,,
LAO,Lao PDR,LA,2012,1563.5650771337,10.1928463394029,36.0,21.7,43.2,82.5,61.5325495247157,53.6974454312909,27.0350700587616,17.2,,,,1.82147002220154,10.9849961277883,,
LAO,Lao PDR,LA,2018,2545.1075420815,18.1416410897963,38.8,15.7,35.0,75.3,46.8372713039163,41.8637008210925,22.6436240650476,16.88,,,,2.33501229018316,12.310264175207,,
LBN,Lebanon,LB,2011,7834.96257108993,39.9271259615257,31.8,0.1,0.3,5.5,12.4996118549555,10.973408190552,7.40981735699402,12.16,,,,,26.3970134807849,,
LBN,Lebanon,LB,2022,3654.35845534878,20.9924219488081,35.3,5.9,16.0,50.7,17.3097193713219,15.1243749177179,10.508831646302,,,,,,,,
LBR,Liberia,LR,2007,374.211308104278,1.373,36.4,61.1,79.5,96.2,118.019691905644,78.7308252613009,36.9298576718962,19.79,43.3,21.3,7.2,,,,
LBR,Liberia,LR,2014,706.714490064507,3.225652,33.2,31.7,54.7,89.6,95.0387974540335,66.5067012679528,33.4399123657158,19.69,,,,,,,
LBR,Liberia,LR,2016,714.613063145659,3.3984196,35.3,33.6,55.0,88.3,88.2531094954885,61.8069722583701,33.0009404517221,19.76,30.1,13.6,4.3,,,,
LCA,St. Lucia,LC,2015,10334.9860823918,1.80764074074074,43.7,0.1,0.3,7.8,17.3542707993723,15.6473473320462,12.0638255350298,16.11,,,,3.88088011741638,18.1927333151663,,
LKA,Sri Lanka,LK,2002,834.936014905338,16.5365356470834,40.2,20.7,42.5,78.9,15.5039779967454,12.3915881436951,9.16761975283414,19.28,,,,,22.9069749065198,,
LKA,Sri Lanka,LK,2006,1389.50625583936,28.2798024059138,39.7,12.2,30.2,72.2,13.3117393850544,10.6682635650735,6.58154871483489,19.02,,,,,21.1477261899901,,
LKA,Sri Lanka,LK,2009,2026.65939950702,42.0662240930065,36.1,7.8,24.2,70.9,20.7704206040435,13.0127987874801,6.66166667422829,18.76,20.8,22.8,12.0,2.05590009689331,20.9584196862527,,
LKA,Sri Lanka,LK,2012,3327.77612404326,70.4472168913366,38.7,6.4,20.1,64.9,10.3227219003391,8.54036862106731,6.04303184178107,18.46,14.9,27.0,21.9,1.45342004299164,15.0683571125145,,
LKA,Sri Lanka,LK,2016,4149.19190775593,88.0002111715956,39.3,3.8,14.1,56.6,8.30073805737625,7.03646359531676,5.1783961098065,18.19,17.7,21.2,15.5,3.22929000854492,15.6608133524657,,
LKA,Sri Lanka,LK,2019,4081.94772722003,88.9987062965782,37.7,2.7,11.5,53.3,7.23682857762512,6.23896367182152,4.80563935099026,18.02,8.4,14.0,9.9,,15.9340645141306,,
LSO,Lesotho,LS,2002,388.92334985135,0.77577723855814,51.2,74.9,85.2,95.9,112.397802007847,78.4888239456889,38.1176518444368,14.94,,,,10.1004495620728,34.5229646631857,,
LSO,Lesotho,LS,2017,1069.36673247542,2.30674167229006,44.9,41.9,56.8,83.8,71.1642118470342,68.2119444387095,32.7989360101925,14.64,,,,8.1553201675415,39.7153423495164,,
LTU,Lithuania,LT,2000,3300.63634928559,11.5506957272335,31.7,1.2,5.3,31.9,10.7108183101484,8.56930414898977,4.52172565934273,4.67,,,,,37.4674522199748,,
LTU,Lithuania,LT,2001,3532.52787363242,12.2607613293051,32.0,1.6,5.4,32.1,10.2787309269382,8.23517388062833,4.37735829310336,4.69,,,,5.83644008636475,35.0300462711731,,
LTU,Lithuania,LT,2002,4148.13091485015,14.2822926646004,31.9,1.4,5.4,32.2,9.9007829109279,7.94506528906571,4.3320601906341,4.7,,,,5.79093980789185,33.1650769477528,,
LTU,Lithuania,LT,2003,5507.47434187652,18.8091979695431,35.5,0.4,2.1,19.3,9.57547709729648,7.69676093912376,4.35084131111179,4.71,,,,5.1067099571228,31.8339169241579,,
LTU,Lithuania,LT,2004,6734.57487061946,22.7431644311972,37.0,4.0,7.8,24.6,9.29043712588352,7.48038612922141,4.34851970501246,4.71,,,,5.14797019958496,31.6494542941449,,
LTU,Lithuania,LT,2005,7857.03148786492,26.1052071153129,35.3,2.7,4.7,17.0,9.00198437181125,7.26089483683825,4.23832207795083,4.69,,,,4.87698984146118,31.0555010641392,,
LTU,Lithuania,LT,2006,9210.10118229413,30.1161927468942,34.4,1.8,2.9,10.0,8.60890966240119,6.95715635491606,4.00226063227148,4.67,,,,4.83653020858765,31.0409417759317,,
LTU,Lithuania,LT,2007,12295.1212779366,39.7291516146689,34.8,1.6,2.0,7.5,8.04050304102378,6.510566909802,3.68300858385083,4.66,,,,4.59159994125366,31.3207961517203,,
LTU,Lithuania,LT,2008,14955.5345462921,47.8312542075223,35.7,1.8,2.3,6.1,7.36383153605,5.97486830205011,3.35814188375112,4.66,,,,4.83649015426636,34.4453291695499,,
LTU,Lithuania,LT,2009,11854.3711053096,37.4943800389213,37.2,2.7,4.3,12.6,6.66620640225368,5.42058492244056,3.06999224366125,4.67,,,,5.56941986083984,41.6913560616276,,
LTU,Lithuania,LT,2010,11829.122609457,36.6381285340643,33.6,2.0,3.4,11.9,6.03640981948797,4.91970229933254,2.85135161366158,4.69,,,,5.36880016326904,40.1309540962991,,
LTU,Lithuania,LT,2011,14261.8433787325,43.1865018627907,32.5,0.9,1.6,8.9,5.55784045332005,4.54018985290262,2.70037915928304,4.69,,,,5.15469980239868,36.8394354331654,,
LTU,Lithuania,LT,2012,14288.1853493139,42.7093720668627,35.1,1.1,2.1,8.7,5.2743836511733,4.31892466960541,2.59423004420205,4.7,,,,4.78232002258301,34.1253096267013,,
LTU,Lithuania,LT,2013,15636.5252586048,46.3036604220434,35.3,1.2,2.2,7.0,5.1398144607437,4.21835457625647,2.50098583209915,4.69,,,,4.62416982650757,33.065868762446,,
LTU,Lithuania,LT,2014,16446.1647181663,48.3065466569281,37.7,1.7,2.7,7.8,5.07936344105047,4.17994245522788,2.43083021870648,4.69,,,,4.5076699256897,32.7568188511499,,
LTU,Lithuania,LT,2015,14269.8039878287,41.5409548172039,37.4,1.0,1.5,6.8,5.02211320317334,4.14235589532433,2.39362515514748,4.68,,,,4.21646022796631,32.6692487755442,,
LTU,Lithuania,LT,2016,14934.2702840428,42.9707492450336,38.4,1.5,2.2,5.6,4.87378980212216,4.03028493880675,2.36071082219719,4.68,,,,4.01143980026245,32.6841126186918,,
LTU,Lithuania,LT,2017,16800.1510246099,47.756764508446,37.3,1.2,1.6,5.0,4.58485526048131,3.80108151013152,2.31310175046985,4.66,,,,3.81236004829407,31.072121854115,,
LTU,Lithuania,LT,2018,19247.2315367967,54.2617951485372,35.7,1.0,1.3,3.4,4.22831894992368,3.51385033420416,2.25229842552539,4.64,,,,3.85628008842468,31.6775234640563,,
LTU,Lithuania,LT,2019,19608.7943945553,55.122066225796,35.3,0.6,0.7,2.3,3.91211489340312,3.2583566362532,2.18774108278287,4.6,,,,3.9415500164032,32.3841356342817,,
LTU,Lithuania,LT,2020,20428.6478157394,57.4120385332718,36.0,0.5,0.7,1.8,3.69729303270767,3.08664845366067,2.11853276990145,4.4,,,,4.47348022460938,38.9088887136828,,
LTU,Lithuania,LT,2021,23870.4594851722,67.0373210089679,36.7,0.3,0.4,1.4,3.55232813763988,2.97328455100777,2.05044033542334,,0.7,1.1,4.9,4.23977994918823,35.1889889533921,,
LTU,Lithuania,LT,2022,25085.784063499,71.0338844997823,36.6,0.8,1.1,2.6,3.4509259082547,2.89432917261178,1.99196671995201,,0.9,,,4.25285005569458,34.0464636044902,,
LTU,Lithuania,LT,2023,27786.0057829276,79.7898774161681,36.0,1.1,1.2,3.2,3.38030727139981,2.84108359860714,1.9486169970956,,1.0,,,,34.1003296593768,,
LUX,Luxembourg,LU,2000,48659.5988753233,21.2301829893036,30.1,0.0,0.0,0.0,4.6879079465924,3.905748645109,2.38513808964419,6.98,,,,,34.1171051439207,,
LUX,Luxembourg,LU,2001,48440.1420151355,21.3875337032327,30.9,0.0,0.0,0.0,4.41394412575839,3.67886384870774,2.25127305933082,7.0,,,,3.53973007202148,35.249163009091,,
LUX,Luxembourg,LU,2002,53005.7339209179,23.6498333321655,31.1,0.0,0.0,0.0,4.1507033319106,3.46023341364867,2.11479771703833,7.03,,,,,36.6812063478711,,
LUX,Luxembourg,LU,2003,65689.3214536911,29.6672682481305,30.2,0.1,0.1,0.5,3.90360396782742,3.25456939427387,1.98057497546517,7.07,,,,,38.2197785077809,,
LUX,Luxembourg,LU,2004,76544.9170868473,35.0648437928992,30.2,0.0,0.0,0.1,3.67611995839438,3.06585119681229,1.8566094769112,7.08,,,,,38.7992367482131,,
LUX,Luxembourg,LU,2005,80988.1376230858,37.6722801204794,30.8,0.0,0.1,0.1,3.46903167491324,2.89408180177058,1.75130413102053,7.1,,,,,38.1755303476578,,
LUX,Luxembourg,LU,2006,90788.8004876145,42.9101462960646,30.9,0.0,0.0,0.1,3.28702985757121,2.74423689976055,1.66713772879689,7.13,,,,,35.7178490913472,,
LUX,Luxembourg,LU,2007,107475.320297978,51.5874014157872,31.1,0.0,0.0,0.0,3.1331057988297,2.6165462944096,1.61235881823034,7.16,,,,,33.9888793613862,,
LUX,Luxembourg,LU,2008,120422.137934157,58.8442777015258,32.6,0.0,0.0,0.2,3.00477541127084,2.51122188254789,1.57846334458135,7.23,,,,,34.6285196495168,,
LUX,Luxembourg,LU,2009,109419.746953106,54.4672898975582,31.2,0.0,0.1,0.3,2.89816029736088,2.42341311464752,1.55469343674556,7.32,,,,,38.6720324373854,,
LUX,Luxembourg,LU,2010,110885.991378721,56.2139859874168,30.5,0.0,0.0,0.3,2.81263236067389,2.35370093873846,1.54309685846967,7.39,,,,,37.5877794617632,,
LUX,Luxembourg,LU,2011,119025.057203467,61.6962813262453,32.1,0.1,0.1,0.2,2.74166380398764,2.29716724328393,1.53594671094916,7.47,,,,,37.7583197126326,,
LUX,Luxembourg,LU,2012,112584.676270958,59.7763835273602,34.3,0.0,0.1,0.3,2.68825221767668,2.25512658748329,1.53210311127457,7.53,,,,3.87815999984741,38.6174033671065,,
LUX,Luxembourg,LU,2013,120000.140729859,65.2032764669763,32.0,0.1,0.1,0.3,2.64368715633237,2.21974523022764,1.53202117479859,7.56,,,,,38.5515245916909,,
LUX,Luxembourg,LU,2014,123678.702143275,68.8048118976445,31.2,0.2,0.2,0.3,2.60606434800371,2.19136734515178,1.53449366394129,7.59,,,,3.85569000244141,37.7373163017542,,
LUX,Luxembourg,LU,2015,105462.012584423,60.0715842161374,32.9,0.3,0.4,0.8,2.5743611224295,2.1671051898609,1.54181585013946,7.62,,,,3.76792001724243,37.2151192531445,,
LUX,Luxembourg,LU,2016,106899.293549552,62.2168854359488,31.7,0.1,0.2,0.6,2.54875714864606,2.14781095287433,1.55608396490334,7.64,,,,,36.8348917454341,,
LUX,Luxembourg,LU,2017,110193.213797228,65.7121803429836,34.5,0.3,0.4,1.1,2.5240539502908,2.130365870879,1.5801890543355,7.67,,,,3.48645997047424,37.758533855547,,
LUX,Luxembourg,LU,2018,116926.759593905,71.0856234951145,35.4,0.3,0.4,0.8,2.50392877866615,2.11615011947345,1.60918722503406,7.69,,,,3.66211009025574,38.8273820155222,,
LUX,Luxembourg,LU,2019,112696.649059674,69.8720351136469,34.2,0.1,0.1,0.3,2.48219613654691,2.10030434850452,1.64444758177734,7.72,,,,3.73606991767883,39.4793914222263,,
LUX,Luxembourg,LU,2020,116860.02817236,73.6707821003909,33.4,0.0,0.0,0.0,2.45946320011754,2.08437399220917,1.67172670356474,7.75,,,,3.85349988937378,42.9034537011063,,
LUX,Luxembourg,LU,2021,134965.815442152,86.3867596951653,32.7,0.1,0.1,0.5,2.42569748784485,2.05872551302387,1.68327838533288,,,,,3.71989011764526,39.0091777601048,,
LUX,Luxembourg,LU,2022,123719.658915996,80.8016803970139,34.1,0.1,0.1,0.2,2.38557777298844,2.02795338293321,1.67462451693744,,,,,3.70599007606506,40.8988847365143,,
LUX,Luxembourg,LU,2023,131407.681364513,87.5740210917525,33.6,0.1,0.1,0.2,2.33584018415173,1.98884671317432,1.64806588256137,,,,,,42.8180347226987,,
LVA,Latvia,LV,2002,4003.60935783538,9.24903024101864,35.1,1.5,4.2,24.7,12.5614611993069,10.2527878462136,6.17398328668082,5.05,,,,,29.795769058541,,
LVA,Latvia,LV,2003,4914.57992829302,11.2443377198377,36.5,1.5,3.7,19.4,11.886078959514,9.72579920759944,5.81519921064579,4.97,,,,,28.447972720743,,
LVA,Latvia,LV,2004,6109.73265186817,13.8270703785612,36.4,3.7,6.2,23.1,11.1861972395616,9.17614086066224,5.55961874148992,4.88,,,,,28.2719544290178,,
LVA,Latvia,LV,2005,7283.78738127622,16.3069359054138,39.0,3.1,5.7,20.3,10.4801371689551,8.61871838912238,5.36185074706783,4.8,,,,,28.2232954424469,,
LVA,Latvia,LV,2006,9211.7374468148,20.4349222473037,35.6,1.9,2.9,11.1,9.85498642927937,8.123851753446,5.18290844088072,4.73,,,,,27.8064170996318,,
LVA,Latvia,LV,2007,13370.9789452508,29.4204992477089,37.5,0.8,1.9,7.3,9.32108868738769,7.70229594218265,5.00036103796376,4.68,,,,,26.1011141817687,,
LVA,Latvia,LV,2008,15677.6080864506,34.1352009940067,37.2,1.6,2.6,9.2,8.82400099354865,7.30750949985573,4.78796747660085,4.65,,,,,30.6437067559111,,
LVA,Latvia,LV,2009,11996.0322729773,25.691530442035,35.9,2.6,4.2,14.0,8.32277135072255,6.907440994331,4.52772694129797,4.63,,,,,37.825780697154,,
LVA,Latvia,LV,2010,11188.4191700977,23.4683245723343,35.0,2.6,4.1,14.6,7.79281615408988,6.48129491004657,4.2157324058887,4.61,,,,,39.5781686309654,,
LVA,Latvia,LV,2011,12902.574053337,26.5755479008247,35.8,1.7,3.4,13.7,7.21479559900426,6.01172819406579,3.86723072198001,4.58,,,,,35.1497338007643,,
LVA,Latvia,LV,2012,13329.3499931271,27.1161499486683,35.2,1.4,3.1,12.5,6.61835713338186,5.52604069642214,3.51384706125576,4.55,,,,,31.9341020414488,,
LVA,Latvia,LV,2013,14484.4715282132,29.1521281678438,35.5,1.5,2.7,10.0,6.03721450596035,5.04884304478162,3.18324857425291,4.51,,,,,31.6898152607786,,
LVA,Latvia,LV,2014,15185.814581236,30.2772037674058,35.1,1.1,2.2,8.4,5.51743142498603,4.62293763512889,2.91433356273315,4.47,,,,,32.2820402619424,,
LVA,Latvia,LV,2015,13321.9753140616,26.3445658768902,34.2,1.0,1.7,5.7,5.07365532279712,4.25759915595342,2.708672517178,4.43,,,,,31.2338058250113,,
LVA,Latvia,LV,2016,13838.5266823272,27.1171050595074,34.3,1.0,1.5,5.5,4.72030176127225,3.96741149712487,2.55225989803092,4.39,,,,,30.6890668667795,,
LVA,Latvia,LV,2017,15132.4958333982,29.3910597674259,35.6,1.0,1.7,5.4,4.45148690099435,3.74733545627145,2.4333557178681,4.35,,,,,30.425906349079,,
LVA,Latvia,LV,2018,17252.1710428626,33.2479354773576,35.1,0.6,1.0,3.6,4.21546606702018,3.55456710950437,2.3148427123834,4.31,,,,,30.6512990258421,,
LVA,Latvia,LV,2019,17294.9751600969,33.099503950847,34.5,0.3,0.8,3.3,3.97380927887994,3.35554930757564,2.16864344082564,4.27,,,,,31.7652338159017,,
LVA,Latvia,LV,2020,17564.2321549354,33.3799274346149,35.7,0.5,0.8,2.9,3.72778173648513,3.1516810876193,1.99839509290271,4.23,,,,,36.2189154656701,,
LVA,Latvia,LV,2021,20261.8887788916,38.1833267849335,34.3,0.5,0.8,2.4,3.4695675634873,2.93832388677018,1.8199279700185,,1.2,0.0,0.0,,38.5271346331543,,
LVA,Latvia,LV,2022,20227.2307431581,38.0147135957686,33.7,0.4,0.7,2.9,3.20624005844129,2.72001956370958,1.64910638036229,,,,,,36.3433742824555,,
LVA,Latvia,LV,2023,22675.5786295407,42.572151720138,34.0,0.4,0.7,2.8,2.96386748885158,2.51861679567881,1.50338999965871,,,,,,34.3617827813944,,
MAR,Morocco,MA,2000,1499.107421875,43.0174554018445,40.6,16.8,35.5,73.2,52.2443921246927,45.1898368217027,28.369260816302,18.34,,,,,,,
MAR,Morocco,MA,2006,2438.12646484375,75.8838233008545,40.7,9.4,23.2,65.1,39.1435047270879,34.8858587710435,23.6088244746983,17.27,,,,,22.9442388326041,,
MAR,Morocco,MA,2013,3379.7431640625,115.73928730508,39.5,3.7,11.6,49.0,26.1820537808253,23.9695932654448,16.1394754573414,15.95,,,,,25.6987161499953,,
MDA,Moldova,MD,2000,440.538683980372,1.28842939179951,36.4,41.0,62.8,91.2,31.3046535608672,27.8604616024916,20.2278209652067,6.66,,,,4.48639011383057,28.9252674761688,,
MDA,Moldova,MD,2001,507.404076252819,1.48067359405602,38.0,32.2,53.3,86.4,28.4790778630397,25.3797183731404,18.6491889684539,6.64,,,,4.84684991836548,22.279049384535,,
MDA,Moldova,MD,2002,570.799866188293,1.6618181684226,35.8,19.9,38.4,77.6,25.8099955899343,23.0427178728299,17.0591770176118,6.6,,,,5.4979100227356,,,
MDA,Moldova,MD,2003,682.319095965299,1.98090743476826,34.9,10.0,25.9,70.8,23.4387156156083,20.9656934227878,15.6598340540759,6.56,,,,5.42489004135132,22.2165900286035,,
MDA,Moldova,MD,2004,897.178494749468,2.59824955589984,35.0,11.6,26.8,71.4,21.552554697716,19.3191744687217,14.5968948452471,6.53,,,,6.77103996276855,27.2583666333666,,
MDA,Moldova,MD,2005,1034.39197746993,2.98834290703096,36.3,16.6,34.1,76.2,20.1024841859082,18.0487982745744,13.840019451372,6.5,16.1,5.2,6.4,7.16270017623901,29.3182301072984,,
MDA,Moldova,MD,2006,1183.02481442894,3.4082554505509,35.4,3.4,9.6,43.1,19.0752207750846,17.1582112542578,13.3380639949548,6.49,,,,7.49899005889893,31.8666487911695,,
MDA,Moldova,MD,2007,1531.21618590748,4.40117315193767,34.4,1.6,6.0,33.7,18.2973237002267,16.4809956154428,13.0124223236424,6.49,,,,8.29337024688721,32.409507767172,,
MDA,Moldova,MD,2008,2110.55305353857,6.05482424824221,34.7,1.7,6.6,35.4,17.7276532624282,16.000593161844,12.7953311105867,6.49,,,,8.23727035522461,32.7791551444646,,
MDA,Moldova,MD,2009,1898.43975710988,5.43943427178807,32.9,1.5,6.1,34.3,17.2951890985599,15.6359316584016,12.6209590315553,6.5,,,,9.5097599029541,38.0409977507291,,
MDA,Moldova,MD,2010,2436.79935102421,6.97498236960155,32.1,0.8,3.8,31.7,16.9375117418889,15.3398662147264,12.4564609565418,6.51,,,,7.5922999382019,29.1436569247624,,
MDA,Moldova,MD,2011,2941.36224066021,8.41435202049442,30.6,0.5,2.7,28.0,16.6406795953928,15.0912911741853,12.264718474559,6.51,,,,7.13638019561768,27.3599576796909,,
MDA,Moldova,MD,2012,3044.8084324815,8.70913863482921,29.2,0.5,2.1,27.3,16.3412163144886,14.838970956392,12.058031066961,6.51,11.0,3.3,1.5,6.98338985443115,27.8544262189137,,
MDA,Moldova,MD,2013,3321.04397795719,9.49671787551932,28.5,0.1,1.5,22.5,16.0428649079007,14.5813926037855,11.8464214526423,6.51,,,,5.90975516494477,27.1282700817793,,
MDA,Moldova,MD,2014,3289.95758568777,9.4020901377423,26.8,0.0,0.7,21.4,15.8064841745721,14.3829095923201,11.6535995155945,6.51,,,,6.33806991577148,29.3674215047913,,
MDA,Moldova,MD,2015,2749.55137054338,7.79766719673087,27.0,0.1,0.8,19.0,15.5389796827112,14.1578936004882,11.46574105093,6.52,,,,5.76665405944246,28.3300680569036,,
MDA,Moldova,MD,2016,2847.08794770479,7.9809170757748,26.3,0.2,0.9,19.1,15.3439877219751,13.9967682790851,11.3207513636808,6.51,,,,5.67208003997803,26.6745413540011,,
MDA,Moldova,MD,2017,3453.26727720294,9.51440401620949,25.9,0.1,0.6,18.8,15.1843793061231,13.8729293741546,11.1877484913369,6.49,,,,5.71016979217529,27.2406325954008,,
MDA,Moldova,MD,2018,4156.44981956646,11.2523534208798,25.7,0.0,0.4,15.5,15.0647885776212,13.7810719483934,11.0825595597254,6.48,,,,5.53887987136841,27.7835978216092,,
MDA,Moldova,MD,2019,4405.33418162155,11.7367970546965,26.0,0.0,0.4,16.1,14.992520408115,13.7253567729618,10.985091655021,6.47,,,,6.22576999664307,28.2718051226835,,
MDA,Moldova,MD,2020,4375.7788930524,11.5307462344492,25.0,0.0,0.2,16.7,14.9274092664875,13.6809176929583,10.9101405538143,6.47,,,,6.6012601852417,32.7222723725292,,
MDA,Moldova,MD,2021,5274.60582195352,13.6918692640794,25.7,0.2,0.3,15.4,14.8439395635389,13.6219359518813,10.8690689756847,,,,,5.82405996322632,29.9554323731733,,
MDA,Moldova,MD,2022,5744.29618434435,14.5253375237271,25.9,0.0,0.3,19.7,14.7669163908374,13.5654068184582,10.8205956280887,,,,,6.11053991317749,32.2453730893208,,
MDA,Moldova,MD,2023,6799.58594644576,16.7119067462133,26.8,0.1,0.8,20.4,14.6743139532414,13.4925110116344,10.7700741547029,,,,,6.62547016143799,34.4725442262112,,
MDG,Madagascar,MG,2001,319.283278235657,5.43833260190798,47.4,57.5,70.5,89.1,100.363099634858,62.9872938755148,30.4097430673918,20.01,,,,2.707200050354,,,
MDG,Madagascar,MG,2005,305.812074924388,5.85926975261332,39.9,55.3,73.8,93.1,84.6446924630766,54.1984953045321,27.7082036921295,19.86,,,,3.3096399307251,9.49790798658622,,
MDG,Madagascar,MG,2010,450.009391645726,9.98271133807029,42.4,65.3,79.8,94.2,70.7387363722992,46.2079810670371,25.1535663596879,19.58,,,,2.28856151148168,8.57346348699551,,
MDG,Madagascar,MG,2012,493.511162904211,11.5789750619479,42.6,67.3,80.5,94.5,67.739833552997,44.5600774243275,24.532421759896,19.5,50.4,34.1,7.9,2.34067010879517,8.75653017319682,,
MDG,Madagascar,MG,2021,483.469463351371,14.354731964331,36.8,69.2,83.9,96.6,66.2117852965213,44.8558801515677,24.1179804247388,,40.6,22.8,7.2,3.19807542117225,10.6901257901105,,
MDV,Maldives,MV,2002,3076.07007160101,0.89703125,41.3,18.8,40.5,81.4,30.7848927772021,26.4703369513438,17.5777903186305,13.96,,,,5.79186010360718,18.3713638738896,,
MDV,Maldives,MV,2009,6734.03165601895,2.345294875,38.4,13.1,25.9,65.0,14.8792345038065,12.843120529014,8.41735300041421,13.8,19.0,17.7,10.6,5.08168983459473,29.1970881699897,,
MDV,Maldives,MV,2016,9947.80744731739,4.40994262385538,31.3,0.1,0.6,11.7,9.19466709461259,7.9736688769592,5.76992403202931,13.81,,,,3.66123008728027,24.2042777622576,0.4226116240024566,
MDV,Maldives,MV,2019,11740.2724029785,5.72609479937709,29.3,0.0,0.0,11.2,7.40431525294222,6.43604930954204,5.05306973321323,13.72,,,,4.12356944795488,25.4133270384298,,
MEX,Mexico,MX,2000,7524.0271380091,742.061329749126,53.4,16.3,26.2,55.1,28.0919890856832,23.7364277515795,14.2278213656478,9.95,,,,3.80870008468628,12.0964929315521,,
MEX,Mexico,MX,2002,7983.03398381759,810.666116401915,50.6,12.8,23.3,52.9,25.6708509521936,21.7106270813187,12.254842444639,10.02,32.0,6.8,2.7,4.24307012557983,,,
MEX,Mexico,MX,2004,7849.66759649565,819.459227375022,50.3,11.0,19.7,50.4,23.6262521796302,19.988830921104,10.4503385855964,10.06,,,,4.51204013824463,,,
MEX,Mexico,MX,2005,8671.75891885163,917.571853529104,50.9,11.7,19.9,48.4,22.7170921488871,19.227277726511,9.76981059768883,10.07,29.4,9.2,5.4,4.63395023345947,,,
MEX,Mexico,MX,2006,9512.63575346699,1020.26505788201,49.7,9.0,17.0,45.9,21.894915014563,18.539804346445,9.35458497493419,10.08,33.7,6.2,1.6,4.4931697845459,,,
MEX,Mexico,MX,2008,10523.7685427665,1161.55345998465,50.8,10.1,18.7,46.0,20.4318195275518,17.3274511495669,9.15912801680302,10.12,,,,4.60609006881714,,,
MEX,Mexico,MX,2010,9728.80078237782,1105.42423857281,47.7,8.4,16.3,46.3,19.1200820973707,16.2462464207923,9.00469286326908,10.15,,,,4.93695020675659,20.4815497561358,,Low
MEX,Mexico,MX,2012,10744.1335229686,1255.11042466592,49.6,7.3,15.3,44.1,17.9096367765308,15.2486807784634,8.65069813912697,10.16,25.6,6.0,1.9,4.88348007202148,20.9324326043308,,
MEX,Mexico,MX,2014,11391.3773510244,1364.5077177646,48.9,7.2,15.1,46.6,16.7787677792909,14.3182210504978,8.34297069514184,10.16,,,,5.06808996200562,20.9971763620163,,
MEX,Mexico,MX,2016,9097.92397674769,1112.2334974527,46.9,4.4,10.5,37.8,15.7233313639955,13.450762088057,8.40748301833743,10.15,19.9,6.2,2.6,4.75795984268188,20.3281994162596,,
MEX,Mexico,MX,2018,10084.7937553679,1256.3001827758,46.0,3.9,9.1,35.3,14.7206472110957,12.6284847770754,8.70214802223355,10.16,,,,4.13945007324219,19.8697097115272,,
MEX,Mexico,MX,2020,8841.2707511328,1121.06476740151,44.6,4.3,9.6,36.5,13.7606483028622,11.8390871317382,8.41949767803091,10.15,18.6,3.0,0.7,4.49967002868652,21.6980704220947,,
MEX,Mexico,MX,2022,11402.1410374782,1466.46489930368,43.5,2.3,5.7,27.4,12.873856786903,11.1038720726023,7.87228945354429,,12.7,4.2,0.6,4.0658597946167,22.3129296276289,,
MHL,Marshall Islands,MH,2019,5292.33985502306,0.2329,35.5,2.1,6.7,36.5,31.9252789124803,26.4653419825017,14.7991600278785,,,,,9.88208961486816,65.2751107771576,,
MKD,North Macedonia,MK,2000,1861.89899780644,3.77285903420508,34.3,11.7,20.2,58.3,15.9335764655571,14.172383005163,9.03236831589384,8.01,,,,,,,
MKD,North Macedonia,MK,2002,1989.13537265159,4.01836574700972,38.5,3.0,7.5,33.1,14.3432588044462,12.7386317684778,8.10200184540644,8.06,,,,3.30014991760254,,,
MKD,North Macedonia,MK,2003,2445.36286400013,4.94629659908467,38.7,2.8,8.5,34.2,14.3333685954029,12.718867325433,8.30764757059515,8.08,,,,,,,
MKD,North Macedonia,MK,2004,2818.5814561242,5.68278447169722,38.4,1.4,4.4,23.2,14.2164605564037,12.6084318064643,8.66366800609178,8.1,,,,,,,
MKD,North Macedonia,MK,2005,3120.98401394233,6.25860287267898,39.3,3.1,7.7,31.4,13.7131295705908,12.1534382324725,8.82776574777105,8.11,11.7,1.7,5.0,,28.8944668516795,,
MKD,North Macedonia,MK,2006,3440.4411057968,6.86122697155617,42.6,4.6,9.3,32.8,12.9910287742824,11.508122572842,8.68216983351851,8.12,,,,,29.5614217561612,,
MKD,North Macedonia,MK,2008,5026.4202989873,9.90955243451136,46.1,1.4,4.6,24.1,11.6609905448909,10.3200610814365,7.82786775614393,8.12,,,,,30.5512304466244,,
MKD,North Macedonia,MK,2009,4799.78722768888,9.40173682542688,42.8,12.1,18.6,43.6,10.99847876694,9.72861245925545,7.28186606973037,8.13,,,,,31.3393886479733,,
MKD,North Macedonia,MK,2010,4833.36586759968,9.40717032137752,40.1,12.8,17.9,40.0,10.3748289806168,9.17163429686335,6.79018776469438,8.14,,,,,30.0860286853756,,
MKD,North Macedonia,MK,2011,5416.86672931659,10.4946267676445,39.4,10.9,15.5,39.5,10.0390528600974,8.86952159952252,6.57454541674385,8.16,5.8,1.8,2.4,,28.9817013007717,,
MKD,North Macedonia,MK,2012,5049.8265386157,9.74526130057788,38.1,9.1,14.1,37.8,10.1795131352117,8.9869962776883,6.78731845733856,8.18,,,,,29.3726417014675,,
MKD,North Macedonia,MK,2013,5626.26115664893,10.8177023460674,36.2,7.4,12.0,36.5,10.6564135871359,9.40161721905249,7.3250784889511,8.2,,,,,28.2476496069864,,
MKD,North Macedonia,MK,2014,5925.38592218015,11.362265252778,35.2,6.4,10.5,32.4,11.1381308485789,9.81837665189985,7.91740416124196,8.21,,,,,28.3672213651207,,
MKD,North Macedonia,MK,2015,5262.68671928674,10.0645199625655,35.6,7.0,10.1,30.4,11.2797049349029,9.93509071655266,8.22146820512633,8.23,,,,,28.7946070150674,,
MKD,North Macedonia,MK,2016,5598.48622617967,10.6724670732873,34.5,5.7,9.7,27.0,10.8260254255001,9.52699602065733,7.90690219791595,8.24,,,,,27.7831376744929,,
MKD,North Macedonia,MK,2017,5955.2973863451,11.3070670696658,34.2,5.6,9.2,24.7,9.68286007678351,8.51413384828353,6.88617952737757,8.25,,,,,27.9967047089011,,
MKD,North Macedonia,MK,2018,6713.98925398989,12.6830681142388,33.0,4.3,7.1,22.7,8.25123041106904,7.2468223594791,5.57010959530691,8.27,,,,,27.8450488948036,,
MKD,North Macedonia,MK,2019,6718.85826635458,12.606338448547,33.5,3.9,7.4,20.5,6.96886510161188,6.11398198633663,4.37639456448027,8.27,3.7,1.6,3.2,,29.6872350269893,,
MLI,Mali,ML,2001,291.159497911347,3.46833794232063,39.9,68.6,81.7,96.5,181.467600315271,99.6662354805946,49.4659225960588,,46.8,33.8,13.7,2.65844988822937,11.0137273365614,,
MLI,Mali,ML,2006,633.221946737432,8.85886305270726,38.9,64.0,79.3,95.3,152.183310681636,85.4035370964387,43.1259845338319,,41.9,30.7,15.8,,10.3953917781907,,
MLI,Mali,ML,2009,815.78868795173,12.5921381086378,33.0,63.3,80.7,97.1,138.167903524023,79.1395928979495,40.7811904161168,,,,,3.86904001235962,10.4805306998854,,
MLI,Mali,ML,2018,996.379292136901,20.3680153812413,36.0,29.4,51.2,84.5,106.124838957611,65.147517656778,35.3216646226012,,24.2,18.8,9.8,3.55817008018494,10.3689696643132,1.633528232574463,
MLI,Mali,ML,2021,1027.27345365357,22.9992452626719,35.7,36.1,59.5,88.6,96.9474519567274,60.5160276277694,33.5661305166922,,24.4,19.2,9.8,4.36370992660522,,,
MLT,Malta,MT,2006,16653.6038312389,6.74983886163175,28.0,0.5,0.6,1.0,6.88858358110233,6.04295746981921,4.57101936042897,6.76,,,,,40.3005382344666,,
MLT,Malta,MT,2007,19444.1743635565,7.90841237384313,29.2,0.5,0.7,1.4,6.880085289394,6.0354467596902,4.57145956014458,6.8,,,,5.95993995666504,39.7010370000858,,
MLT,Malta,MT,2008,22315.3104812611,9.13541948950818,29.0,0.2,0.2,0.7,6.87796907583963,6.03549077271161,4.58187500306256,6.84,,,,5.47429990768433,41.6979173890578,,
MLT,Malta,MT,2009,21176.3216665018,8.73474563203364,30.2,0.5,0.6,1.1,6.87364126864929,6.03210591198758,4.58844964210345,6.87,,,,5.04781007766724,40.9596883284848,,
MLT,Malta,MT,2010,21946.6070188242,9.09704418215877,29.0,0.3,0.3,0.6,6.86005427905926,6.01894559559552,4.58759872143333,6.91,,,,6.20798015594482,39.6678376742534,,
MLT,Malta,MT,2011,23516.9691282762,9.78936170508927,29.1,0.2,0.4,0.7,6.83090282853131,5.99471571827827,4.57392484518064,6.94,,,,7.57771015167236,40.4489553933208,,
MLT,Malta,MT,2012,22878.3131257656,9.60953210558909,29.4,0.2,0.3,0.5,6.7891290586359,5.96084154067888,4.55073160895539,6.97,,,,6.24788999557495,39.8705040895979,,
MLT,Malta,MT,2013,25415.5566806942,10.7967826335257,28.8,0.0,0.1,0.3,6.73797646546412,5.91799703542963,4.51724658781639,7.0,,,,7.40672016143799,38.8602653571455,,
MLT,Malta,MT,2014,27424.5765369278,11.888032861804,29.0,0.0,0.0,0.2,6.67553039448744,5.86518679067462,4.47118086528781,7.02,,,,6.84973001480103,37.7394748537155,,
MLT,Malta,MT,2015,25529.6813131565,11.3407950329304,29.4,0.1,0.1,0.4,6.59839421528366,5.7968506617307,4.41504229458535,7.04,,,,4.91352987289429,35.3561677753131,,
MLT,Malta,MT,2016,26459.0772054811,12.0257828852772,29.1,0.1,0.2,0.3,6.50064793354359,5.71078411511714,4.35197560289035,7.07,,,,4.95570993423462,34.4585897163352,,
MLT,Malta,MT,2017,30317.2443357939,14.1613667327153,29.2,0.2,0.2,0.4,6.38478992846296,5.60937122309086,4.27100433343911,7.09,,,,4.34281015396118,31.8154668144172,,
MLT,Malta,MT,2018,33382.2677502638,16.1537795111559,28.7,0.2,0.2,0.4,6.26149002923152,5.50377752655517,4.18660179004487,7.12,,,,,32.5918230267083,,
MLT,Malta,MT,2019,32421.9179753188,16.3377935307788,31.0,0.3,0.5,0.7,6.11808602491842,5.37922242081343,4.09308759536478,7.15,,,,4.79941987991333,32.703494923874,,
MLT,Malta,MT,2020,31833.596382464,16.4099005991964,31.4,0.4,0.7,1.0,5.96749099531594,5.24800498944199,3.99430088481099,7.18,,,,,39.84070002735,,
MLT,Malta,MT,2021,38065.354346575,19.7235633546779,31.6,0.1,0.2,0.5,5.81528835479,5.11586625254353,3.89048962808286,,,,,4.93089008331299,37.1836325292855,,
MLT,Malta,MT,2022,36224.2819955817,19.2391870835194,34.6,0.1,0.2,0.7,5.65315500954276,4.97612174082209,3.78014647781655,,3.3,0.7,0.4,4.71973991394043,35.9014900256566,,
MMR,Myanmar,MM,2015,1166.73305546337,59.6072904076191,38.1,18.2,40.6,82.5,51.346121058869,44.634874627922,24.9937203909031,12.59,,,,,17.0397019631168,1.578477025032044,
MMR,Myanmar,MM,2017,1272.82241830603,66.0530404830016,30.7,10.3,29.1,79.8,47.722114752985,41.6436592287545,23.7289658034084,12.51,,,,2.16652989387512,16.9198889367861,,
MNE,Montenegro,ME,2005,3674.6179242797,2.25717448078597,30.2,0.4,1.6,16.4,10.5579288261092,9.3020430598822,6.96520809193035,6.4,8.3,3.5,7.0,,,,
MNE,Montenegro,ME,2006,4425.67887307803,2.72190314891482,30.0,0.4,1.2,16.3,9.7020451961287,8.52509611960788,6.42869249327609,6.4,,,,,,,
MNE,Montenegro,ME,2007,5976.39414454596,3.68071174377224,31.4,0.4,0.6,9.5,8.85788055454988,7.75801594779927,5.91480672687453,6.39,,,,,,,
MNE,Montenegro,ME,2008,7367.75190910882,4.54567452761096,30.5,0.3,0.5,6.4,8.04104101654798,7.01776831376699,5.40710228446294,6.38,,,,,,,
MNE,Montenegro,ME,2009,6727.10776676969,4.1593303695471,31.0,0.0,0.6,7.5,7.27694693739086,6.32723683752496,4.89441936031769,6.38,,,,,,,
MNE,Montenegro,ME,2010,6688.40259641346,4.1429838434912,28.9,0.0,0.8,10.0,6.5790770587086,5.69879422997566,4.39090128060034,6.38,,,,,,,
MNE,Montenegro,ME,2011,7325.64689244715,4.54442842149512,30.8,0.4,1.0,12.0,5.94959467206934,5.13264116846439,3.90461487111343,6.38,,,,,,,
MNE,Montenegro,ME,2012,6577.74033229273,4.08752624181268,41.2,5.6,11.1,29.5,5.39423816986811,4.63441871184072,3.44028010644642,6.38,,,,,,,
MNE,Montenegro,ME,2013,7172.92908521143,4.46577240037453,39.0,5.2,8.7,28.2,4.90605776146623,4.19567864183735,3.01329548345504,6.37,5.8,0.0,2.5,,,,
MNE,Montenegro,ME,2014,7364.96590101549,4.593853290963,38.8,3.9,9.3,25.9,4.48452306285991,3.81696963746047,2.62734618064523,6.35,,,,,,,
MNE,Montenegro,ME,2015,6491.19280618646,4.05473007757718,39.0,3.6,8.5,24.6,4.12595207679113,3.49402591936501,2.28641658297206,6.32,,,,,,,
MNE,Montenegro,ME,2016,6999.1358134109,4.37693057832394,38.5,3.3,6.2,20.1,3.81974668716017,3.21903092916036,1.98494277994679,6.3,,,,,,,
MNE,Montenegro,ME,2017,7758.36921956034,4.85659948079882,36.9,4.6,7.5,19.2,3.56190621117183,2.98641944118704,1.72218135520001,6.28,,,,,,,
MNE,Montenegro,ME,2018,8790.88152116679,5.50694223835668,36.8,3.9,6.9,21.1,3.34549220341134,2.79086868183007,1.50469596757477,6.26,8.7,5.1,5.9,,,,
MNE,Montenegro,ME,2019,8842.48528706869,5.54205418112616,35.7,2.5,4.9,17.6,3.1563722032915,2.61864726882066,1.33215295430548,6.24,,,,,,,
MNE,Montenegro,ME,2020,7612.62845881291,4.76999686600758,35.4,2.2,4.9,17.6,2.98935635662226,2.46621887569646,1.20205569853201,6.23,,,,,,,
MNE,Montenegro,ME,2021,9377.48879714989,5.86142750512493,34.3,2.5,4.0,14.5,2.8375703174216,2.32971061756194,1.10806080428976,,,,,,,,
MNG,Mongolia,MN,2002,570.249213248399,1.39655571997409,32.9,18.7,37.0,78.3,53.2439583089436,40.6386940446842,20.9910286921471,7.27,,,,7.21078014373779,21.6971437186794,,
MNG,Mongolia,MN,2007,1627.68787743359,4.23499970390058,35.8,4.0,14.3,53.2,33.9463000808713,26.5660535816239,14.897594155597,6.51,,,,4.69013023376465,23.2066924853967,,
MNG,Mongolia,MN,2010,2625.21881402433,7.18948199890094,33.1,3.5,12.1,51.5,26.2619236080128,20.8277317213337,11.4048190638835,6.04,15.5,4.7,1.8,4.64510011672974,22.9057961964451,,
MNG,Mongolia,MN,2011,3736.04201455077,10.4097973778571,33.9,2.2,8.5,46.5,24.3503378311878,19.3941194789645,10.725258138302,5.88,,,,4.60902976989746,24.4306901415433,,
MNG,Mongolia,MN,2012,4328.89001905655,12.292770631565,33.8,1.1,5.6,36.7,22.7877852242383,18.2290095353691,10.2790275694877,5.72,,,,5.19520998001099,27.0748266010603,,
MNG,Mongolia,MN,2014,4126.23975800524,12.2265146680622,32.0,0.8,4.0,30.6,20.4452062347476,16.4946661784486,9.82520032460153,5.47,,,,4.71484994888306,23.7332236614954,,
MNG,Mongolia,MN,2016,3619.90026383792,11.1813506493573,32.3,1.9,8.1,44.7,18.4137022663058,14.9757169506389,9.24259123834805,5.27,7.3,0.8,1.2,5.18310022354126,27.3985619685378,,
MNG,Mongolia,MN,2018,4107.64288528468,13.1780947204986,32.7,1.7,6.7,41.1,16.429863964217,13.460595375306,8.62538884367445,5.08,9.4,1.8,0.9,,22.5006291310701,0.7889975905418396,
MNG,Mongolia,MN,2022,4993.51487463495,17.146471713748,31.4,0.4,2.3,24.4,13.8994275265758,11.5509875701076,7.71132071545476,,,,,,,,
MOZ,Mozambique,MZ,2002,313.886661721198,5.95076942660213,46.9,87.6,93.3,97.9,145.963396238816,94.5190060568814,39.3785807607356,19.24,,,,,,,
MOZ,Mozambique,MZ,2008,592.159111184122,12.9203409646544,45.5,81.1,90.4,97.5,103.657478080903,67.0276920847382,30.1745383883981,18.64,43.5,18.2,4.2,,,,Medium
MOZ,Mozambique,MZ,2014,697.142680444123,17.9782465860662,54.0,74.4,84.3,94.6,79.2068952190868,54.7622948159438,26.5097448167846,17.97,,,,6.39920843528224,,,
MOZ,Mozambique,MZ,2019,519.09255091362,15.512759046672,50.7,81.6,89.0,96.5,68.3475779444266,49.6990238342607,26.4249176256484,17.79,,,,5.99969523584354,20.0432502816617,,
MOZ,Mozambique,MZ,2022,578.251663751351,18.8835285813734,49.6,81.4,89.1,96.3,64.3299752975423,46.5089699978585,25.7687916037381,,36.7,15.4,3.8,5.97607342054314,26.0040350878841,,
MRT,Mauritania,MR,2000,680.911061879778,1.77952088647015,39.0,30.7,49.2,82.8,98.2186737349934,67.5773660319327,38.9565986042602,,38.6,29.7,15.3,,,,
MRT,Mauritania,MR,2004,823.554457141893,2.36250102324248,40.2,28.5,49.4,84.4,76.9902692412351,55.0132056396781,33.4013175624551,,,,,1.9507999420166,,,
MRT,Mauritania,MR,2008,1635.5630623124,5.20643719380412,35.7,19.2,36.8,74.1,60.4032994069257,44.8191819975087,29.1949947053874,,23.6,16.5,8.1,,,,
MRT,Mauritania,MR,2014,1713.00865264234,6.59253778181518,32.6,11.7,26.3,70.0,50.365220897486,39.3464842364264,26.1399697546058,,,,,2.55796423507035,,,
MRT,Mauritania,MR,2019,1767.072710621,7.89476488582312,32.0,10.2,26.0,71.2,43.0479696328401,34.8083581298271,23.5372532825957,,19.4,17.3,11.1,1.82317996025085,,,
MUS,Mauritius,MU,2006,5695.97525509869,7.02881068089076,35.7,1.1,3.8,30.8,15.4011376979299,13.5224876781424,10.1172083562891,19.54,,,,3.64839005470276,19.5644546147979,,
MUS,Mauritius,MU,2012,9291.23627601053,11.6686963967887,38.5,1.1,3.4,26.2,14.9583578852599,13.1689607992552,9.38262333341159,19.13,,,,3.41820001602173,20.3563158074857,,
MUS,Mauritius,MU,2017,10841.6847754844,13.7135061306081,36.8,0.5,2.3,19.1,14.9630591206305,13.2359696121948,9.33585389514663,18.79,,,,4.87887001037598,22.2217761733363,,
MWI,Malawi,MW,2004,404.674248445428,5.05872635048896,39.9,74.4,86.7,96.9,119.319770257957,70.2454911631302,30.807444924887,16.25,57.5,24.4,6.8,,,,
MWI,Malawi,MW,2010,683.124694716799,10.1283230106049,45.5,72.9,85.2,96.1,83.0274196927419,53.5645334008014,27.2073686789982,15.83,56.3,17.5,5.2,2.43236994743347,12.6994361476594,,
MWI,Malawi,MW,2016,450.506105510719,7.90986861846366,44.7,71.7,85.1,96.5,53.5029304551291,37.6409950333022,22.3916546421613,15.79,42.3,18.6,3.3,3.28257989883423,12.3291507757964,,
MWI,Malawi,MW,2019,580.889816066776,11.0518655798121,38.5,75.4,87.3,97.1,45.4559462807597,33.6049562970578,20.7690605787139,15.64,40.9,8.8,0.8,,14.7401066853775,,
MYS,Malaysia,MY,2003,4465.32194567208,110.202368421053,46.4,3.2,8.4,30.4,8.54815328638141,6.66818882418196,4.3440477871488,12.28,,,,7.50288009643555,17.6261853193527,,
MYS,Malaysia,MY,2006,6158.40785533236,162.692258307056,44.8,1.7,5.0,24.7,8.28109700544379,6.52118165292692,4.28867524432981,12.47,17.5,12.7,13.2,4.48576021194458,17.7190817478083,,
MYS,Malaysia,MY,2008,8371.82156086005,230.811614370384,45.5,1.5,5.4,24.2,8.22927776721792,6.52771211694982,4.31414789196203,12.64,,,,3.95851993560791,19.567987381224,,
MYS,Malaysia,MY,2011,10217.1068585031,297.951668674835,43.9,0.4,1.9,14.7,8.07433062167176,6.47991518626553,4.22197687198274,12.93,,,,5.76293992996216,19.7347795900774,,
MYS,Malaysia,MY,2013,10713.6407638899,323.276235524415,41.3,0.1,0.6,7.7,8.05572275658992,6.51521031928644,4.13526582244472,13.11,,,,5.48120021820068,20.6021204303102,,
MYS,Malaysia,MY,2015,9648.6797937523,301.355266964947,41.1,0.1,0.4,5.7,8.1492648561183,6.64059333230766,4.16350450419197,13.29,17.8,12.5,8.1,4.89486980438232,18.2910432040136,,
MYS,Malaysia,MY,2018,10901.8019954421,358.78884571253,41.2,0.0,0.2,4.2,8.19311502243173,6.7448761968006,4.2800546722037,13.57,,,,4.47865009307861,15.9220579344968,,
MYS,Malaysia,MY,2021,10903.1116425938,373.784823672946,40.7,0.0,0.1,2.9,8.11573398519042,6.74239620683863,4.22659897282139,,,,,4.26109393398867,17.2542689687307,,
NAM,Namibia,,2003,2569.24739317883,4.92643938351425,63.3,47.6,61.7,80.4,75.1401714156459,42.6493345979111,17.0518647156058,16.35,,,,6.13713979721069,28.676090768305,,
NAM,Namibia,,2009,4302.91374148376,8.93884718907592,61.0,38.6,53.9,76.3,52.8589140378809,43.0895257166189,20.4153236185142,16.14,,,,,27.0436244637758,,
NAM,Namibia,,2015,4774.10650865775,11.3351610835061,59.1,22.9,35.0,61.1,55.0218965060887,47.509499942734,27.4778343867757,15.67,,,,9.8507685020388,38.001067750554,,
NER,Niger,NE,2005,318.643121918273,4.38331596458718,44.4,83.8,91.8,98.1,171.90534890955,84.7603270529925,37.8927106858861,,,,,,,,
NER,Niger,NE,2007,387.168065883301,5.73148505179069,37.3,82.9,91.6,97.8,153.615074005476,77.2433943615486,36.2575428289367,,49.2,37.9,12.5,3.01462006568909,,,
NER,Niger,NE,2011,510.75956176268,8.77295077779176,31.5,68.8,86.0,97.5,133.140054990345,69.9088751113365,34.6253741919561,,50.9,36.2,12.4,3.07762002944946,,,
NER,Niger,NE,2014,565.30989731175,10.8629435435419,34.3,60.3,79.4,96.3,127.401091560082,69.1385939177757,34.7323958020235,,42.2,34.6,14.2,5.10368013381958,,,Very_Low
NER,Niger,NE,2018,578.568035680892,12.8373074968821,37.3,59.0,78.1,94.7,122.778740919661,69.4430028500532,34.9221531767692,,48.5,37.5,14.1,3.44956994056702,,,
NER,Niger,NE,2021,608.722439593808,14.915002436069,32.9,60.5,79.7,96.1,119.096547840985,69.0152837365123,34.4886164833676,,44.4,33.2,11.5,3.82175828133515,,,
NGA,Nigeria,NG,2003,763.388745367223,104.738954264226,40.1,51.1,69.2,92.6,165.353959829306,89.0762840290268,42.9224107054315,,47.5,29.5,11.8,,,,
NGA,Nigeria,NG,2010,2202.25672957344,366.99041712904,35.7,38.5,58.7,88.7,135.131004576161,74.0161707079667,38.0566155301757,,,,,,,,
NGA,Nigeria,NG,2012,2633.19734671361,463.971018239281,35.5,37.4,57.7,88.4,130.871674013832,72.0419065972547,37.5922375184375,,,,,0.549233086121929,,,
NGA,Nigeria,NG,2015,2585.73360671797,493.02668280063,35.9,35.8,55.8,87.2,126.42238175049,70.1705939331813,37.1400464420321,,33.0,19.5,7.3,0.436954905120644,,,
NGA,Nigeria,NG,2018,2057.87944554011,421.73925150908,35.1,34.2,55.1,88.7,120.195614558188,67.4052446807733,36.3224912647437,,33.1,19.7,6.8,0.419998493796127,,1.605270028114319,
NGA,Nigeria,NG,2022,2139.37478476974,477.403400101174,33.9,41.8,64.0,92.9,108.069070932718,61.6277580090206,34.3012987333377,,,,,0.348516707890877,,,
NIC,Nicaragua,NI,2001,1051.874235891,5.3517520342221,52.9,26.3,42.0,72.3,36.183719302547,29.1571008353628,15.9865202822737,,,,,,14.4152064453334,,
NIC,Nicaragua,NI,2005,1183.30214010175,6.32132427914826,48.8,16.5,31.3,65.4,29.4691686431542,23.6372912319956,13.833298805455,,,,,,13.7175631014426,,High
NIC,Nicaragua,NI,2009,1467.08288052845,8.2987024890801,43.9,13.9,26.4,62.1,24.3695622466621,19.400107702281,12.7520246194304,,,,,,15.4973914365244,,
NIC,Nicaragua,NI,2014,1958.37047579547,11.8804388244494,46.2,6.6,15.7,46.5,19.446351046922,15.27299105711,11.2939867193954,,,,,4.08329010009766,15.427774613121,,
NLD,Netherlands,NL,2004,40611.3414353091,661.224886143245,29.8,0.3,0.4,0.8,5.51875619303771,4.60610153699787,3.54216750538015,6.54,,,,5.0411901473999,38.4799453696858,,
NLD,Netherlands,NL,2005,42165.396168388,688.133699635797,29.0,0.1,0.2,0.5,5.3148304584283,4.44602277250703,3.43096971784152,6.48,,,,5.08871984481812,37.5239097341997,,
NLD,Netherlands,NL,2006,45123.5432406426,737.593995289411,30.0,0.0,0.1,0.3,5.1117638131214,4.28614496614413,3.29877052650484,6.41,,,,5.01913976669312,38.3287598477472,,
NLD,Netherlands,NL,2007,52100.7996285947,853.499460872552,29.6,0.0,0.1,0.4,4.91774701115663,4.1338520048731,3.15350095814195,6.34,,,,4.85854005813599,37.7418810967043,,
NLD,Netherlands,NL,2008,58246.7026905874,957.901566041406,29.3,0.2,0.2,0.6,4.73828182729986,3.99298794681674,3.00614639152476,6.29,,,,4.99737977981567,38.4090870706081,,
NLD,Netherlands,NL,2009,53172.0261581418,878.954223140234,27.9,0.2,0.2,0.4,4.57888446678047,3.86856436218881,2.87756153539105,6.23,1.5,1.0,1.0,5.38561010360718,42.183336956677,,
NLD,Netherlands,NL,2010,51305.7338533973,852.464982433335,27.8,0.0,0.1,0.2,4.44298527644753,3.76336085398655,2.78594210716041,6.17,,,,5.45634984970093,42.4982348970953,,
NLD,Netherlands,NL,2011,54701.7728030611,913.140741332687,27.8,0.1,0.2,0.4,4.33115330273646,3.67845216261058,2.7297022241161,6.11,,,,5.41595983505249,41.8898710848718,,
NLD,Netherlands,NL,2012,50473.9442002689,845.689017065625,27.6,0.1,0.1,0.3,4.23920742116652,3.61019362614881,2.69429460747513,6.06,,,,5.36694002151489,42.1384861264721,,
NLD,Netherlands,NL,2013,52602.2860520766,883.951539006668,28.1,0.1,0.1,0.3,4.16728613372953,3.55872582689971,2.66960182774133,6.01,,,,5.48417997360229,42.4441115620216,,
NLD,Netherlands,NL,2014,53457.2234864322,901.556501756467,28.6,0.1,0.2,0.4,4.11377368629767,3.52278854637345,2.65147177495807,5.96,,,,5.40205001831055,41.9474910370498,,
NLD,Netherlands,NL,2015,45793.8135434697,775.743675302734,28.2,0.1,0.1,0.4,4.07677274065978,3.5004532053104,2.6360679524009,5.91,,,,5.27802991867065,40.6125791110952,,
NLD,Netherlands,NL,2016,46808.5291492503,797.163949289885,28.2,0.1,0.2,0.4,4.05196648100475,3.48833557553742,2.62509834733966,5.86,,,,5.38952016830444,39.4433297462422,,
NLD,Netherlands,NL,2017,49513.6817346384,848.233537845884,28.5,0.2,0.3,0.4,4.0375077974903,3.48467245355511,2.62042777258702,5.8,,,,5.08747005462646,38.2852485346822,,
NLD,Netherlands,NL,2018,53955.0770024266,929.733599796862,28.1,0.1,0.2,0.4,4.03007672019593,3.4874532745551,2.62194684788924,5.75,,,,5.26723003387451,37.9872039305298,,
NLD,Netherlands,NL,2019,53554.9007491475,928.903005576469,29.2,0.1,0.1,0.4,4.02333196159545,3.49036719199017,2.62496896429349,5.7,,,,5.0559401512146,37.4976348782249,,
NLD,Netherlands,NL,2020,53467.9277413737,932.56086170117,26.0,0.0,0.1,0.3,4.01159169967011,3.48902930379944,2.62510557799073,5.65,,,,5.29139995574951,43.0242399226909,,
NLD,Netherlands,NL,2021,60141.9880911492,1054.4721234496,25.7,0.1,0.1,0.3,3.99581207760695,3.48357968111222,2.61953577513482,,,,,5.37661981582642,41.7954124838764,,
NOR,Norway,NO,2000,38178.2368777076,171.457201935968,27.4,0.2,0.2,0.5,4.85740011098321,3.93045193688874,2.68340274842468,5.08,,,,6.45934009552002,31.9618827246391,,
NOR,Norway,NO,2003,50250.3298214345,229.385469337024,27.6,0.2,0.2,0.4,4.38922589810737,3.55674515848505,2.43615910608751,4.98,,,,7.39933013916016,37.287473947029,,
NOR,Norway,NO,2004,57768.6980958462,265.268662473297,31.6,0.3,0.3,0.6,4.2199815100609,3.42203160574035,2.34582466543142,4.95,,,,7.27744007110596,35.2550691423353,,
NOR,Norway,NO,2005,67047.1704558264,309.978579743888,30.6,0.2,0.3,0.5,4.05567869397286,3.29118104367116,2.26637963331909,4.92,,,,6.84082984924316,33.1442532111323,,
NOR,Norway,NO,2006,74434.4996835671,346.915160681708,26.4,0.2,0.3,0.7,3.89522920735218,3.16364139251449,2.19341046837499,4.89,,,,6.35822010040283,32.0859501517167,,
NOR,Norway,NO,2007,85502.2677087731,402.643260487572,27.1,0.2,0.3,0.5,3.73465989264515,3.03568569454201,2.11619400035623,4.86,,,,6.50671005249023,32.002513374014,,
NOR,Norway,NO,2008,97503.5407803783,464.917553191489,27.0,0.2,0.3,0.5,3.57491654409816,2.90835037710439,2.0321502481276,4.84,,,,6.24915981292725,30.6744313317201,,
NOR,Norway,NO,2009,80347.5700665184,387.976400617019,26.2,0.1,0.1,0.3,3.41716603375865,2.78233071325588,1.94656334611652,4.82,,,,7.07067012786865,35.4125814850277,,
NOR,Norway,NO,2010,88163.2085931423,431.052143940438,25.7,0.2,0.2,0.4,3.2664173734615,2.66211861055858,1.8699645672055,4.79,,,,6.71042013168335,34.7251099755849,,
NOR,Norway,NO,2011,101221.813476644,501.360549669404,25.3,0.1,0.1,0.3,3.12656348395925,2.55008617375562,1.80170650779226,4.77,,,,6.41490983963013,34.1417879241789,,
NOR,Norway,NO,2012,102175.919298374,512.777309840997,25.7,0.1,0.2,0.4,2.99990420156219,2.4488942702707,1.74174806896057,4.73,,,,7.32766008377075,33.7289756030843,,
NOR,Norway,NO,2013,103553.840134417,526.014468085106,26.4,0.2,0.2,0.4,2.88788995551278,2.35937510399199,1.68628214361068,4.7,,,,7.43906021118164,34.1933156114143,,
NOR,Norway,NO,2014,97666.6951838749,501.736471832848,26.8,0.1,0.1,0.4,2.78784688431445,2.27928308790096,1.63421181958936,4.65,,,,7.64403009414673,35.6063174620846,,
NOR,Norway,NO,2015,74809.9658049898,388.15951224553,27.5,0.2,0.2,0.4,2.69543881958085,2.20531252252322,1.5805332637835,4.61,,,,7.52334976196289,38.1512199127016,,
NOR,Norway,NO,2016,70867.3609970749,370.956547619048,28.5,0.3,0.4,0.7,2.60837051241672,2.13532552241379,1.52782138362477,4.57,,,,7.98444986343384,39.7385780326601,,
NOR,Norway,NO,2017,76131.8384032764,401.745275035261,27.0,0.3,0.3,0.6,2.52781569086817,2.0705451636359,1.47651221657115,4.54,,,,7.84598016738892,38.6946477433892,,
NOR,Norway,NO,2018,82792.8427113304,439.7886258838,27.6,0.3,0.3,0.5,2.45842118007591,2.01494263460181,1.42951407378362,4.5,,,,7.59563016891479,37.129454079189,,
NOR,Norway,NO,2019,76430.5889473338,408.742840909091,27.7,0.2,0.3,0.5,2.40245293956825,1.97017539381273,1.3912754717735,4.47,,,,7.8645601272583,38.5620876873851,,
NOR,Norway,NO,2020,68340.0181033702,367.633418886627,28.4,0.3,0.4,0.5,2.36508156953188,1.94026215046161,1.36070613522439,4.44,,,,8.3728199005127,45.3909564287933,,
NOR,Norway,NO,2021,93072.8925119571,503.367986030268,29.1,0.2,0.2,0.4,2.34678220134879,1.92591190907477,1.33929834258363,,,,,6.9602198600769,36.5206567819884,,
NOR,Norway,NO,2022,109269.520580298,596.297651035798,26.9,0.3,0.4,0.7,2.34603968713035,1.92639230393962,1.32335971800829,,,,,5.45586013793945,29.2916941759893,,
NOR,Norway,NO,2023,87497.3289297342,482.949731776587,26.5,0.2,0.2,0.4,2.35530985902604,1.93489313407579,1.31139049752893,,,,,,35.8939296791432,,
NPL,Nepal,NP,2003,246.429706587633,6.33047309654071,43.8,55.7,73.9,91.7,66.8534941670242,53.3129765887569,35.7082264117787,22.21,,,,3.11435008049011,,,
NPL,Nepal,NP,2010,585.278491984574,16.0026564344746,32.8,21.5,44.1,84.4,48.2874745483166,40.2126707868274,28.1170900226641,21.26,41.5,31.1,13.7,3.63172006607056,15.6352008846605,,
NPL,Nepal,NP,2022,1385.91066274851,41.1829396006209,30.0,2.4,9.1,52.6,27.5065680653666,24.1556024176359,17.2208730051782,,24.8,18.3,7.0,4.13645081690396,,,
NRU,Nauru,NR,2012,9817.36872216004,0.100794924670417,32.4,9.7,21.7,68.5,22.9285816109192,21.0198828572448,13.2364352644251,,,,,,,,
PAK,Pakistan,PK,2001,609.939506905073,97.1456184799038,28.7,56.2,80.0,96.9,105.343754540233,86.9547928002036,56.0187608498022,,41.4,31.2,14.1,,,,
PAK,Pakistan,PK,2004,771.902247348954,132.216048339413,30.9,40.9,68.5,94.1,98.4688364049251,81.8342602652585,53.5549222883377,,,,,1.44337999820709,,,
PAK,Pakistan,PK,2005,827.619861189926,145.208562960767,31.3,40.8,69.0,94.1,96.5427371963463,80.4230299984003,52.8568637863602,,,,,1.67058002948761,,,
PAK,Pakistan,PK,2007,998.090114197524,184.14086999746,29.7,34.9,64.7,93.6,92.86183038606,77.6908273565054,51.6724812117753,,,,,2.23465991020203,,,
PAK,Pakistan,PK,2010,987.304571124485,196.709621849586,28.8,26.7,57.2,92.7,87.0725474822809,73.2490958249496,49.8466090007458,,,,,2.05268001556396,,,
PAK,Pakistan,PK,2011,1131.73513834324,230.586581059665,29.7,25.9,55.9,91.8,84.9255026829911,71.5717784377782,49.0583730077331,,43.6,31.4,14.9,2.00100994110107,,,
PAK,Pakistan,PK,2013,1225.4340119198,258.657231672412,29.5,21.2,49.3,90.0,80.3566395067689,67.9238468048158,47.2380821043036,,45.0,31.8,10.5,2.23698997497559,,,
PAK,Pakistan,PK,2015,1380.47020838317,299.963590534773,31.3,16.9,44.8,87.4,75.5998944944204,64.0832765381446,45.2697890200364,,,,,2.38609004020691,,,
PAK,Pakistan,PK,2018,1569.33814626355,356.128166704921,29.6,16.5,44.7,88.4,68.7735471024342,58.5291815705174,42.3766528861929,,37.6,23.1,7.1,2.33216949688293,,,
PAN,Panama,PA,2000,3975.09308659503,11.966497,34.9,16.3,23.5,,25.6360660737428,20.258885578306,12.1814150463966,11.52,,,,4.89397001266479,,,
PAN,Panama,PA,2001,3991.7767076924,12.2529063,34.9,20.8,28.2,,24.9022018854146,19.6834596230992,11.7400052369286,11.5,,,,4.18935012817383,,,
PAN,Panama,PA,2002,4090.58617397129,12.8008513,34.9,17.2,25.3,,24.0929037600731,19.0408924593674,11.2755259171652,11.49,,,,4.2549901008606,,,
PAN,Panama,PA,2003,4264.66428846636,13.603456,34.9,16.8,23.9,,23.2726302153581,18.3939205190279,10.7980712634585,11.47,31.8,7.7,1.8,4.19644021987915,,,
PAN,Panama,PA,2004,4644.56582353041,15.1002034,34.9,15.5,22.8,,22.4710402772119,17.7585339806529,10.3580102700783,11.42,,,,3.55807995796204,,,
PAN,Panama,PA,2005,5017.7410922824,16.6239067,34.9,14.5,22.2,,21.7037530599021,17.1573138765652,9.9116974443326,11.36,,,,,,,
PAN,Panama,PA,2006,5528.76705469354,18.6597215,34.9,15.7,22.1,,20.988819225144,16.5959084190931,9.48286593128191,11.27,,,,,,,
PAN,Panama,PA,2007,6317.81730274124,21.7174338,34.9,13.0,19.3,,20.3017377132079,16.0519066876077,9.09357895493725,11.18,,,,,,,
PAN,Panama,PA,2008,7347.59050324397,25.721328,34.9,9.0,14.2,,19.6694493193621,15.5558397222212,8.73404904801505,11.09,16.8,3.1,0.9,3.42529010772705,,,
PAN,Panama,PA,2009,7796.92617035048,27.7912155,34.9,6.6,12.3,,19.0865793505308,15.0977908585225,8.41453478975385,11.01,,,,,,,
PAN,Panama,PA,2010,8331.46421351868,30.2310095,34.9,7.7,13.3,,18.5589813767016,14.6856154928766,8.12041382052474,10.93,,,,,,,
PAN,Panama,PA,2011,9662.29592216607,35.6877383,34.9,6.1,10.7,,18.1065577584776,14.3346984357319,7.85133953607339,10.83,,,,3.07034993171692,,,
PAN,Panama,PA,2012,11064.8063606203,41.5954397,34.9,7.4,11.9,,17.743638745557,14.0586998563347,7.64161051297731,10.74,,,,,,,
PAN,Panama,PA,2013,12273.3225037637,46.9494965,34.9,5.9,10.1,,17.4840350946,13.8648094750045,7.47138455991282,10.66,,,,,,,
PAN,Panama,PA,2014,13213.1989637473,51.4271049,34.9,6.4,10.4,,17.2968766114351,13.7296445182652,7.38584764186167,10.58,,,,3.08107995986939,12.9112874571712,,
PAN,Panama,PA,2015,14082.6548502728,55.7678061,34.9,4.8,8.9,,17.16545889294,13.6396617737248,7.37190536799965,10.51,,,,3.26552009582519,13.9994263537471,,
PAN,Panama,PA,2016,14832.3611608191,59.7608587,34.9,4.8,8.6,,17.0279647131943,13.5436948784869,7.43242495496004,10.45,,,,3.32278990745544,13.6950577799679,,
PAN,Panama,PA,2017,15694.6297454295,64.3276888,34.9,4.3,7.8,,16.8294879896039,13.4025101859564,7.52077795384049,10.39,,,,3.37834000587463,13.9417844546437,,
PAN,Panama,PA,2018,16151.3273478476,67.3164712,34.9,3.7,6.7,,16.4775889654267,13.1340096331422,7.56566832812314,10.35,,,,3.4524199962616,13.5920943066457,,
PAN,Panama,PA,2019,16477.9066285687,69.7789912,34.9,2.9,6.4,,15.9237420457801,12.7009087494615,7.50990476910346,10.31,12.4,2.4,1.2,3.28122011579173,15.0372968929585,,
PAN,Panama,PA,2021,15509.8069109784,67.3963925,34.9,3.3,6.7,,14.5204203536424,11.5906712343595,7.13589369723608,,,,,3.71198010444641,17.1412565556766,,
PAN,Panama,PA,2023,18686.4050961265,83.3181769,34.9,3.7,7.2,,13.2830678129028,10.6104276613364,6.60641227557962,,,,,2.47225999832153,,,
PER,Peru,PE,2000,1945.41338451698,51.744749133213,49.1,25.5,37.2,67.6,37.9345966353894,29.9145991867616,15.8426750217404,10.21,54.7,11.1,2.1,3.22802996635437,18.4212887077482,,
PER,Peru,PE,2001,1929.57273038846,52.0301587754055,51.3,27.4,39.7,68.4,34.9495809000003,27.706950583711,14.8066968991597,10.08,26.8,3.5,1.4,3.03712010383606,18.2439858212758,,
PER,Peru,PE,2002,2007.37019626753,54.7775535150809,53.6,24.4,36.3,64.5,32.3700087471404,25.7983480247256,13.9159329725691,9.94,,,,2.82056999206543,17.6134329055327,,
PER,Peru,PE,2003,2129.44114197634,58.7310301218671,53.1,22.5,34.6,64.0,30.1313936518712,24.1259632794366,13.2429691030125,9.79,,,,2.93779993057251,17.7708378805601,,
PER,Peru,PE,2004,2397.25147277714,66.7687034975687,49.9,23.5,34.8,64.3,28.1907546406366,22.6730405764295,12.6705200916525,9.62,,,,2.95787000656128,17.3833715752298,,
PER,Peru,PE,2005,2706.66947297608,76.060606060606,50.4,25.4,37.1,66.2,26.5041861032618,21.4108005455624,12.1358765377831,9.45,54.8,12.0,1.9,2.83903002738953,18.0201336794962,,
PER,Peru,PE,2006,3129.55996496982,88.643193061748,50.3,21.8,32.3,60.6,25.0053022648746,20.2844920697267,11.5922832499824,9.28,,,,2.65281009674072,17.0776767262438,,
PER,Peru,PE,2007,3581.0893081917,102.170981144136,50.0,18.9,28.0,55.2,23.6591078332489,19.2658278108854,11.0452660087265,9.11,55.4,8.8,0.9,2.62940001487732,18.1434002111455,,
PER,Peru,PE,2008,4197.58444634142,120.550599815441,47.5,15.8,24.3,50.9,22.4509059560504,18.3465949673507,10.5158271549121,8.94,,,,2.8677499294281,17.8236305892688,,
PER,Peru,PE,2009,4181.18755462253,120.822986521479,47.0,13.7,22.1,49.1,21.3747088325458,17.5321034486676,10.0349166567684,8.79,46.1,9.3,0.7,3.13994002342224,18.4835822470063,,
PER,Peru,PE,2010,5072.11494019615,147.527631520729,45.5,11.2,19.4,45.7,20.4279104229378,16.8139766712311,9.60698747141916,8.63,44.6,9.5,0.9,2.86730003356934,17.8223398948007,,
PER,Peru,PE,2011,5861.35793645245,171.761737046584,44.7,10.3,17.7,42.4,19.6115216193183,16.1963919496529,9.23788685211515,8.48,44.6,10.0,0.8,2.6635000705719,17.6278849212839,,High
PER,Peru,PE,2012,6519.37852981527,192.650021648583,44.4,9.5,16.1,39.8,18.9252434327876,15.6818304878319,8.90754611534136,8.33,38.2,12.7,1.3,2.92276000976562,17.9177884982323,0.7715210318565369,
PER,Peru,PE,2013,6746.80025696601,201.175543571392,43.9,8.6,15.4,39.3,18.3683549458884,15.2699021974626,8.63583596084835,8.19,37.9,7.7,0.3,3.29729008674622,18.9583513319003,,
PER,Peru,PE,2014,6667.13410360861,200.786250582942,43.1,8.0,14.4,38.0,17.9257209384669,14.9510233973484,8.42324557986466,8.08,35.3,7.8,0.7,3.69599008560181,20.5114219115948,,
PER,Peru,PE,2015,6231.71150338894,189.802976285619,43.4,8.0,14.0,37.5,17.5841901011375,14.7138484999401,8.28401726465929,7.96,33.4,7.5,0.8,3.96933007240295,20.5675823700928,,
PER,Peru,PE,2016,6217.03599995447,191.898104390379,43.6,7.5,13.7,36.4,17.3203487677743,14.5413338239388,8.2078966876548,7.86,25.2,7.0,0.9,3.81316995620727,19.1880269352898,,
PER,Peru,PE,2017,6736.16693725487,211.007984080911,43.3,7.3,13.7,37.3,17.107985002252,14.4081334446144,8.18654246551634,7.76,30.2,7.8,0.9,3.93130993843079,20.1502784685185,,
PER,Peru,PE,2018,6978.49121548627,222.597009739234,42.4,6.1,11.8,35.2,16.9336632199896,14.3064349304158,8.19230393091831,7.67,29.6,6.1,0.4,3.71392011642456,19.8892517491084,,
PER,Peru,PE,2019,7037.00803692604,228.346006003648,41.5,5.4,10.7,33.6,16.7943705250247,14.2320130998625,8.18012613520755,7.57,28.8,5.9,0.7,3.822429895401,20.6619118591877,,
PER,Peru,PE,2020,6133.32552410183,201.409694755934,43.7,10.3,18.9,48.1,16.627978198764,14.1389143147879,8.13293803926498,7.47,30.5,4.8,0.4,4.25937986373901,26.9065402747666,,
PER,Peru,PE,2021,6826.20255614477,226.328766459634,40.1,5.2,11.2,39.5,16.3863489512017,13.9709734904934,8.04741055009048,,28.6,4.7,0.6,3.92721009254456,22.846765924466,,
PER,Peru,PE,2022,7350.63034300417,246.065570308155,40.3,4.8,10.7,37.8,16.1336852710895,13.7903261728393,7.92421407522849,,27.7,5.1,0.4,3.83315992355347,,,
PER,Peru,PE,2023,7887.54185920108,266.958720837988,40.7,5.9,11.7,38.3,15.8050805234684,13.542430079394,7.76029826106122,,23.2,5.2,0.6,4.23516988754272,,,
PER,Peru,PE,2024,8452.37167047598,289.221969059853,40.1,5.1,10.7,36.2,10.3804661501567,,,,,,,,,,
PHL,Philippines,PH,2000,1050.79273107952,83.6697883769212,47.7,25.9,42.8,73.4,36.8994144524518,27.2671223903378,16.7369219923814,20.55,,,,3.16440010070801,15.7043454580072,,
PHL,Philippines,PH,2003,1027.2301192843,87.0390929742272,46.6,24.3,41.0,73.0,34.4362087028973,25.92066065487,15.9880582280414,20.84,33.4,20.8,5.8,2.93517994880676,16.3039879253457,,
PHL,Philippines,PH,2006,1426.14649179546,127.652926368069,47.2,26.1,42.8,72.5,32.0730108432731,24.5372987878707,15.0107363887573,20.99,,,,2.42579007148743,14.5746291197224,,Low
PHL,Philippines,PH,2009,1864.45043406471,175.974755881372,46.3,22.0,38.9,71.0,30.135108610005,23.4076436116092,14.0764100772658,21.09,,,,2.53777003288269,14.509485683653,,
PHL,Philippines,PH,2012,2614.61644401308,261.92054096263,46.5,21.3,38.1,69.9,28.6542227052667,22.5708305954798,13.4890240538977,21.18,,,,,13.5454813748711,,
PHL,Philippines,PH,2015,2909.85818010301,306.445871242322,44.6,14.6,30.7,65.8,27.8363915147404,22.2226264426166,13.4608103603987,21.14,33.1,21.4,6.8,2.83052303785203,13.4767411156598,,
PHL,Philippines,PH,2018,3168.51036609727,346.841896587313,42.3,8.3,21.8,60.2,27.9145762710644,22.5907923956301,14.0810925458473,21.08,29.9,19.0,5.5,3.85502760745456,14.2125593180425,,
PHL,Philippines,PH,2021,3484.38593882819,394.08735984811,40.7,8.1,21.3,62.3,27.6913756511003,22.6563219287949,14.3801468268295,,26.7,16.7,5.4,3.87249754784633,19.1392292224505,,
PHL,Philippines,PH,2023,3804.08274131097,437.055627244424,39.3,5.3,16.9,58.7,26.8817712339393,22.1222037592045,13.9678919090102,,,,,3.6236863467978,16.8805903401184,,
PNG,Papua New Guinea,PG,2009,1568.83193368607,11.619456449266,41.9,52.2,69.4,92.1,60.2298582363096,47.1196217307033,26.9935864150992,18.76,,,,,,,
POL,Poland,PL,2000,4520.64100449111,172.953527033013,33.0,0.3,1.7,19.7,9.33731422715587,8.08732663539963,5.78155353239506,6.02,,,,4.96281003952026,38.1558904251738,,
POL,Poland,PL,2001,5015.23790036613,191.823200371284,32.8,0.4,1.9,20.2,8.82267035563364,7.63391751062232,5.43907920453992,6.0,,,,5.29358005523682,39.6556751835274,,
POL,Poland,PL,2002,5223.45178967082,199.694463255566,34.1,0.3,2.1,21.4,8.42484251268672,7.28343376462187,5.19478829253001,5.97,,,,5.37052011489868,39.585153910354,,
POL,Poland,PL,2003,5720.81366178104,218.56122599847,34.9,0.2,1.5,18.4,8.09563279640479,6.99321023049709,4.99901764843947,5.95,,,,5.30664014816284,40.4937170662152,,
POL,Poland,PL,2004,6711.72715262967,256.268656145134,38.0,2.8,5.2,18.6,7.81555381969303,6.74666941242026,4.81063717814456,5.92,,,,5.33129978179932,37.8244157129918,,
POL,Poland,PL,2005,8043.92332253757,306.999913150525,35.8,1.4,3.0,14.8,7.556360624347,6.51874249744965,4.59574778954876,5.9,,,,5.41065979003906,36.9606953839401,,
POL,Poland,PL,2006,9068.85528307627,345.897630736172,34.7,0.9,2.0,11.1,7.29164257305827,6.28608519662523,4.36758097639945,5.87,,,,5.18850994110107,36.6626761383487,,
POL,Poland,PL,2007,11272.5293683383,429.715132137502,34.0,0.6,1.4,7.0,6.99585999843126,6.02772351425483,4.16319207180416,5.85,,,,4.86086988449097,35.0894966496557,,
POL,Poland,PL,2008,14048.5604672654,535.612030671888,33.5,0.3,0.8,5.9,6.66174575176475,5.73719579019114,3.99174352819997,5.83,,,,5.02344989776611,35.8115464821891,,
POL,Poland,PL,2009,11556.3026866026,440.891472247096,33.4,0.6,1.1,5.3,6.31488480586603,5.43620130309015,3.81636463203457,5.81,2.9,,,4.97664022445679,36.7259261843907,,
POL,Poland,PL,2010,12567.7317676382,478.111630683514,33.2,0.6,1.2,5.0,5.98380838112168,5.1495256068899,3.61431062017587,5.8,,,,5.08126020431519,36.7345749661846,,
POL,Poland,PL,2011,13867.6669408192,527.848543023469,33.2,0.6,1.0,4.9,5.68213546291758,4.88820857798473,3.40326238682969,5.79,0.8,0.9,1.0,4.82903003692627,34.8359106996135,,
POL,Poland,PL,2012,13087.420943321,498.14864970266,33.0,0.4,0.8,5.1,5.42285034787004,4.66421830191048,3.21976357326513,5.79,,,,4.83311986923218,35.0580862781262,,
POL,Poland,PL,2013,13621.9023794031,518.17983640536,33.1,0.6,1.0,4.9,5.2108284580108,4.4808740864394,3.08395863225678,5.78,,,,4.99780988693237,35.9129620312523,,
POL,Poland,PL,2014,14262.2841914116,542.134167178627,32.8,0.6,1.2,4.7,5.03707245609708,4.33076557145796,2.97899512150375,5.77,2.6,,,4.93859004974365,35.0749023643641,,
POL,Poland,PL,2015,12637.5220324406,480.054118583367,31.8,0.5,0.9,3.9,4.89151329789132,4.20488379979286,2.89186816876961,5.75,,,,4.78747987747192,34.1387372869929,,
POL,Poland,PL,2016,12464.0121044827,473.259623976262,31.2,0.4,0.6,2.7,4.76363917495322,4.09417807445643,2.82345105700661,5.73,,,,4.62726020812988,34.8011532937469,,
POL,Poland,PL,2017,13913.3415190124,528.356723263073,29.7,0.4,0.6,2.1,4.6447480550938,3.99087259074155,2.78140275347087,5.69,,,,4.54247999191284,34.2617520918092,,
POL,Poland,PL,2018,15658.210586693,594.616632477019,30.2,0.3,0.4,1.8,4.5327281995272,3.89335837836207,2.76393235100804,5.66,,,,4.55985021591187,33.0589633854181,,
POL,Poland,PL,2019,15874.5220531254,602.68377014488,28.8,0.1,0.2,1.0,4.44318782445383,3.81523519507077,2.74979427391692,5.63,1.0,0.7,0.8,4.62736988067627,33.827053466204,,
POL,Poland,PL,2020,16150.9291009726,605.914186117953,28.5,0.2,0.3,1.2,4.39175833528636,3.76940794657687,2.72272981477728,5.61,,,,4.80081987380981,40.522296880667,,
POL,Poland,PL,2021,18635.5088812509,689.170171187004,28.5,0.1,0.2,1.1,4.37112707421755,3.75054285603059,2.66199915093102,,,,,4.61998987197876,36.9985474454804,,
POL,Poland,PL,2022,18891.213529396,695.607522884822,28.9,0.3,0.5,1.5,4.36326399291714,3.74237564046637,2.54066382966635,,,,,4.31372976303101,36.0632407243175,,
POL,Poland,PL,2023,22145.2643088909,812.45112897858,28.5,0.2,0.4,1.1,4.35218164490786,3.73158146655306,2.3579218630866,,,,,,39.0982392627941,,
PRT,Portugal,PT,2003,15797.7821340276,165.226175536793,38.8,1.1,1.6,4.9,5.51451713608175,4.28345479979925,2.77962873042157,7.47,,,,5.28152990341187,39.746800422034,,
PRT,Portugal,PT,2004,18064.1580932987,189.382122532169,38.9,0.7,1.1,4.2,5.0412885466256,3.93008482839327,2.56289791118102,7.56,,,,5.04638004302979,40.3509034197459,,
PRT,Portugal,PT,2005,18780.12751241,197.253876704921,38.5,0.7,1.1,3.9,4.66673808925449,3.65268013998988,2.37164447545536,7.66,,,,5.07394981384277,41.3042466938943,,
PRT,Portugal,PT,2006,19839.4540499032,208.756449275848,38.1,0.2,0.6,3.7,4.38368476372055,3.4453392921314,2.22265980596123,7.75,,,,4.90767002105713,39.9655434630104,,
PRT,Portugal,PT,2007,22811.0564844365,240.496147317381,36.8,0.6,0.9,3.1,4.17241928149878,3.29299680364054,2.13178721991423,7.85,,,,4.92147016525269,39.1639890772347,,
PRT,Portugal,PT,2008,24949.0413566739,263.416394624084,36.6,0.3,0.9,3.7,4.01475177316298,3.18181566975985,2.09610083283485,7.95,,,,4.69609022140503,40.201497485402,,
PRT,Portugal,PT,2009,23151.2154130712,244.667762835543,34.9,0.2,0.5,3.0,3.89610312971353,3.10013890025882,2.09467778537705,8.05,,,,5.56314992904663,43.2776433601829,,
PRT,Portugal,PT,2010,22551.935098809,238.443864993217,35.8,0.2,0.6,3.1,3.80415792412503,3.03824808639107,2.10249552374731,8.15,,,,5.40498018264771,44.1455271039697,,
PRT,Portugal,PT,2011,23246.5425416481,245.426767676002,36.3,0.6,0.9,4.8,3.73085343206806,2.98946818271353,2.108707346191,8.25,,,,5.11688995361328,44.4757197536512,,
PRT,Portugal,PT,2012,20593.4274224109,216.536676771973,36.0,0.9,1.6,6.5,3.68056891493308,2.95841867031488,2.11159280846115,8.36,,,,4.94226980209351,44.362913573288,,
PRT,Portugal,PT,2013,21676.4859642714,226.677408291745,36.2,1.0,2.0,6.9,3.64985870980642,2.94115938203195,2.10904810631576,8.45,,,,5.2652997970581,45.5809604098825,,
PRT,Portugal,PT,2014,22120.6850127107,230.078616299675,35.6,0.8,1.6,5.9,3.63497785707655,2.93548277659812,2.10119771021015,8.54,,,,5.12006998062134,47.560533270166,,
PRT,Portugal,PT,2015,19215.7813014347,199.038523119639,35.5,0.7,1.3,4.4,3.62772949804903,2.93429593199743,2.08718100367675,8.61,,,,4.8942699432373,44.0036278174494,,
PRT,Portugal,PT,2016,19980.2808866516,206.305431241638,35.2,0.4,0.8,4.4,3.6177951914587,2.92935442924335,2.06053923788752,8.67,3.2,0.9,1.1,,41.3199326718019,,
PRT,Portugal,PT,2017,21442.3842768879,220.862990767229,33.8,0.4,0.7,3.0,3.58760341572283,2.90662374123551,2.01848427836481,8.73,,,,5.02685022354126,41.668947889985,,
PRT,Portugal,PT,2018,23541.1401075289,242.092894542888,33.5,0.4,0.7,2.7,3.53043482362558,2.86141732244068,1.95833872626228,8.79,,,,4.67940998077393,39.2823047343675,,
PRT,Portugal,PT,2019,23343.3628970034,240.115970063019,32.8,0.2,0.3,1.9,3.45540076546249,2.80035308431911,1.88543754760108,8.85,,,,4.62753009796143,38.6689545444553,,
PRT,Portugal,PT,2020,22299.4044062173,229.618773422577,34.7,0.6,1.0,2.9,3.37165174644518,2.73092655897198,1.80607667758543,8.92,,,,4.86408996582031,44.5273320079934,,
PRT,Portugal,PT,2021,24711.4510062111,256.055879091139,34.6,0.3,0.4,1.9,3.28997390683385,2.66304463529339,1.72721581769253,,,,,4.77342987060547,42.4539286342892,,
PRT,Portugal,PT,2022,24620.519556875,256.898675068927,36.3,0.2,0.4,2.8,3.22070458693661,2.60595264979458,1.6573823206384,,,,,4.55159997940063,39.3111765510363,,
PRT,Portugal,PT,2023,27386.2920595024,289.696962620235,33.9,0.4,0.7,2.2,3.16403166892804,2.55879814075051,1.59692437208991,,,,,,37.4964526682983,,
PRY,Paraguay,PY,2001,1637.68615122932,8.49580643218467,54.6,13.5,21.6,45.3,32.8910034755023,28.107522794492,17.5510282689743,9.89,,,,3.83357000350952,,,
PRY,Paraguay,PY,2002,1367.76506935997,7.19626065684556,57.3,19.6,30.4,57.5,32.1872256369903,27.5845842081256,17.1642036839666,9.96,,,,3.40773010253906,,,
PRY,Paraguay,PY,2003,1443.99885236205,7.69136747117992,54.9,13.8,22.9,51.4,31.4168274813901,27.0158884178025,16.7541251528241,10.02,,,,3.3827600479126,,,
PRY,Paraguay,PY,2004,1786.21533938543,9.62444083629309,52.3,10.7,20.1,50.3,30.6666129694526,26.4439735870299,16.3620592539232,10.05,,,,2.86989998817444,,,
PRY,Paraguay,PY,2005,1970.87169852378,10.7375001881123,51.4,10.1,17.7,46.5,29.8872609055802,25.8406332813738,15.9529585966531,10.07,28.0,7.6,1.7,,12.2787341251754,,
PRY,Paraguay,PY,2006,2439.43124694576,13.429430050261,53.0,14.1,22.4,50.4,29.1124247972187,25.2381618058376,15.5485144175152,10.07,,,,,12.3649511285838,,
PRY,Paraguay,PY,2007,3211.93621659546,17.8563932354338,53.0,12.6,18.9,47.0,28.3226094910852,24.6056182143861,15.1458343147951,10.06,,,,2.73951005935669,11.4827516924891,,
PRY,Paraguay,PY,2008,4384.9546943793,24.6152676635456,50.7,7.9,16.5,43.9,27.5039542622761,23.9451729832807,14.6955550665909,10.05,,,,,10.8129075001749,,
PRY,Paraguay,PY,2009,3941.84815479271,22.355151161994,49.1,9.1,17.5,42.1,26.6687866416302,23.2682884069209,14.283020614269,10.04,,,,,12.5773872015926,,
PRY,Paraguay,PY,2010,4750.96273669322,27.2608864052262,51.0,9.4,16.0,39.8,25.9290650112342,22.6623993815243,13.8374995711694,10.04,,,,2.7707200050354,11.8391195380757,,
PRY,Paraguay,PY,2011,5805.40154543044,33.7562387665,52.3,8.9,14.8,38.0,25.0926179108283,21.9706201764119,13.4205239228804,10.03,,,,3.69282007217407,13.0832818921182,,Medium
PRY,Paraguay,PY,2012,5642.1699167298,33.271921136315,47.6,6.4,11.9,33.3,24.4086816303336,21.4078096590945,13.0124033533182,10.02,9.9,3.7,2.5,3.668790102005,15.7041029014301,,
PRY,Paraguay,PY,2013,6435.68342733182,38.5011221414241,47.9,4.1,8.5,28.8,23.6868156228304,20.8067501940241,12.6129594700544,10.01,,,,2.67871193892232,14.3618811109228,,
PRY,Paraguay,PY,2014,6652.25478942291,40.3779292956419,50.7,4.3,9.3,28.3,22.9596965573607,20.1919774512168,12.1805744816233,10.0,,,,2.59655894629063,14.001361051633,,
PRY,Paraguay,PY,2015,5879.33792308671,36.2114478400971,47.6,4.2,8.8,27.5,22.1865878891029,19.5454285819746,11.8167782726865,9.98,,,,3.33377822870463,14.8283479769772,,
PRY,Paraguay,PY,2016,5775.1596339946,36.0897002229461,47.9,4.2,8.6,29.7,21.4724434005227,18.9393210504432,11.4485820669823,9.96,12.6,2.1,0.7,3.4349799156189,15.4216143903646,0.6944416761398315,
PRY,Paraguay,PY,2017,6152.26711537703,38.9971294735558,48.5,2.4,6.6,26.9,20.7683062998476,18.3406940889463,11.0737069670392,9.95,,,,3.09062070242279,14.4661468516944,,
PRY,Paraguay,PY,2018,6258.44991640954,40.2254483406322,46.0,3.1,6.9,25.3,20.0715849369252,17.7459182011648,10.6843985240786,9.95,,,,3.2961960606943,16.1304844057012,,
PRY,Paraguay,PY,2019,5821.18199548637,37.9253383291494,45.7,2.4,6.5,25.0,19.3999265477977,17.17572072643,10.336625150177,9.95,,,,3.48983027194334,20.3502301282138,,
PRY,Paraguay,PY,2020,5365.47220721191,35.4321780681813,43.5,2.6,6.5,27.9,18.826340595705,16.6919970263724,10.0117797524581,9.96,,,,3.93615007400513,18.4727986970316,,
PRY,Paraguay,PY,2021,5976.9317978996,39.9508999387482,42.9,1.9,5.6,27.0,18.1928642973611,16.1512743742566,9.71922307864317,,,,,3.41070008277893,16.7400694932577,,
PRY,Paraguay,PY,2022,6205.6259537937,41.952910858088,44.6,3.2,7.2,25.8,17.5726602975066,15.6195838448328,9.4091331645661,,,,,3.39619994163513,16.5354158578926,,
PRY,Paraguay,PY,2023,6299.99026533643,43.1180531745412,44.2,2.4,5.8,22.8,17.0177118019876,15.1436108350776,9.08234472732346,,,,,3.40649008750915,18.9555342614799,,
PRY,Paraguay,PY,2024,6416.09709002917,44.4581183996669,44.2,2.1,4.5,20.5,10.3804661501567,,,,,,,,,,
PSE,West Bank and Gaza,PS,2004,1422.19088643544,4.6031,34.0,1.8,4.6,31.5,26.8418423885421,23.3097272954976,15.7058902613853,9.33,10.5,3.3,3.2,,,,
PSE,West Bank and Gaza,PS,2005,1543.70141392774,5.1257,34.7,1.3,4.7,30.0,26.0138097794389,22.5717415398757,15.2962911027674,9.39,,,,,36.571982675537,,
PSE,West Bank and Gaza,PS,2006,1570.10439962728,5.3483,34.0,0.5,3.5,29.0,25.1704763776285,21.8300165514266,14.8456613980567,9.46,13.6,2.6,1.8,,42.9659891928276,,
PSE,West Bank and Gaza,PS,2007,1664.24571669276,5.8157,35.6,2.9,7.2,35.6,24.3431906724414,21.1147347515448,14.3807874971135,9.53,,,,,38.4820399951854,,
PSE,West Bank and Gaza,PS,2009,2191.78178736868,8.0857,34.5,0.6,2.3,25.9,22.7546058270462,19.7277949971278,13.5100982101379,9.66,,,,,37.232095523826,,
PSE,West Bank and Gaza,PS,2010,2557.07562356699,9.6815,35.3,0.6,3.0,27.0,21.9757541199639,19.0403814676175,13.1015635739974,9.72,10.9,3.7,3.3,6.19167995452881,31.7461919284202,,
PSE,West Bank and Gaza,PS,2011,2880.79843707909,11.1861,34.4,0.4,2.9,25.7,21.1930266731369,18.3647956288587,12.6985652114571,9.78,,,,5.33527994155884,28.191350444212,,
PSE,West Bank and Gaza,PS,2016,3527.61382413178,15.4054,33.7,1.4,4.4,27.7,17.5708023167351,15.2099729454512,10.8227545167905,10.09,,,,4.98296022415161,25.6715596577174,,
PSE,West Bank and Gaza,PS,2023,3455.02852911712,17.8479,36.4,2.1,6.1,28.6,26.2808159054503,14.2713375259337,8.70206104818501,,,,,,,,
QAT,Qatar,QA,2017,63279.8556949332,161.099122225274,35.1,0.0,0.0,0.0,7.21444038630399,5.89597063142301,3.74406265121648,9.95,,,,2.96745991706848,,,
ROU,Romania,RO,2000,1659.92904910528,37.2537395111273,29.3,11.9,29.4,79.5,21.5776626820944,18.0986126857974,10.407007559305,10.58,12.8,3.7,4.3,2.86862993240356,34.3930181976454,,
ROU,Romania,RO,2001,1825.19299373184,40.3951165814832,29.4,9.5,23.3,73.2,20.6369447584004,17.3881797940941,9.88405978169899,10.5,14.0,3.8,3.9,3.26628994941711,33.1627359414744,,
ROU,Romania,RO,2002,2119.85509684554,46.0655027025817,30.2,9.1,22.7,70.9,20.1105581797529,17.0112815596629,9.56945234838578,10.4,12.8,3.5,3.5,3.5041298866272,31.8091698052492,,
ROU,Romania,RO,2003,2679.40626016154,57.806384143166,29.9,7.0,19.1,66.9,19.8725041075516,16.864425863589,9.39121061294178,10.3,,,,3.54397010803223,31.5166508960095,,
ROU,Romania,RO,2004,3494.99056448955,74.9736568518076,30.0,5.3,15.0,58.5,19.3870983753712,16.4954055310357,9.10417860252105,10.19,,,,3.31273007392883,31.1769708645652,,
ROU,Romania,RO,2005,4618.00350802913,98.4543801200761,29.8,4.2,12.1,54.3,18.2097375933174,15.5209867510967,8.49298933674057,10.07,,,,3.50039005279541,31.0306457567213,,
ROU,Romania,RO,2006,5757.53127301178,122.023735992706,39.6,11.1,18.3,46.1,16.6127083177921,14.1746336200278,7.68067669151046,9.94,,,,4.30650997161865,31.4669395085695,,
ROU,Romania,RO,2007,8360.33775916596,174.588782938583,37.5,8.1,14.3,39.9,15.1113640285363,12.8973650102299,6.89150837918258,9.83,,,,4.14953994750977,32.7939202863297,,
ROU,Romania,RO,2008,10435.1561230787,214.315932061275,36.4,6.0,10.7,32.7,13.9531507098895,11.9047291019965,6.25057167979516,9.73,,,,4.09721994400024,32.0482283913088,,
ROU,Romania,RO,2009,8548.4543409242,174.110532658867,35.6,5.3,10.1,31.3,13.0721824335888,11.1419125814211,5.77111234490997,9.65,,,,4.00193977355957,34.9955812518506,,
ROU,Romania,RO,2010,8399.5374234284,170.064350671827,35.5,6.3,11.5,33.6,12.3877644546759,10.54118574431,5.45414276472517,9.6,,,,3.41647005081177,34.8305247040647,,
ROU,Romania,RO,2011,9560.6755277458,192.623977894173,35.9,7.1,13.0,36.8,11.8050151354338,10.0232726967955,5.25824128793577,9.55,,,,2.91359996795654,33.654601650106,,
ROU,Romania,RO,2012,8929.95366231474,179.117323107087,36.5,8.4,13.6,36.9,11.2030994165008,9.48488774687791,5.10297254080949,9.5,,,,2.8234601020813,32.3000888420702,,
ROU,Romania,RO,2013,9497.67411615237,189.798603751235,36.9,8.7,15.5,36.4,10.5392313991386,8.89210111475016,4.92567035453131,9.44,,,,3.06785011291504,32.0257142585738,,
ROU,Romania,RO,2014,10031.7710755404,199.722319675741,36.0,8.9,14.1,32.7,9.85641062863782,8.28312620793606,4.67996891844109,9.36,,,,3.12494993209839,32.4416023202099,,
ROU,Romania,RO,2015,8977.01748158196,177.885131240315,35.9,7.6,12.9,30.9,9.19330173067448,7.69275458546311,4.33407858623483,9.28,,,,3.10693001747131,33.0135797053001,,
ROU,Romania,RO,2016,9404.54005870715,185.290759248844,34.4,5.2,9.1,24.0,8.54331068555596,7.11706763461012,3.94729592193702,9.19,,,,3.0255401134491,32.2247603503175,,
ROU,Romania,RO,2017,10727.9822007426,210.147385855419,36.0,4.9,6.8,17.9,7.88417915464578,6.53927250160599,3.59459473338437,9.09,,,,3.11819005012512,31.596734508301,,
ROU,Romania,RO,2018,12502.2624061935,243.46868303034,35.8,3.7,5.9,14.3,7.25426657710869,5.99114956362677,3.32751712896136,8.99,,,,3.31710004806519,32.5197676719564,,
ROU,Romania,RO,2019,12992.0326104674,251.677082534494,34.8,3.1,4.8,11.9,6.78657124353362,5.58291166233855,3.16327049201102,8.9,,,,3.55761003494263,33.6028999372392,,
ROU,Romania,RO,2020,13082.3006559554,252.033792712145,34.6,2.4,4.1,10.8,6.56951099028207,5.3853043897069,3.1123066787195,8.82,,,,3.57969999313354,38.0029756100571,,
ROU,Romania,RO,2021,14986.7854904274,286.578196368297,33.9,2.0,3.0,7.7,6.5443070464092,5.34741182862334,3.14754687523818,,,,,3.31561994552612,37.0004968611526,,
ROU,Romania,RO,2022,15557.8826247584,296.354358293475,32.3,1.5,2.8,8.6,6.5919597755177,5.37053975922454,3.23581770602603,,,,,3.2788200378418,37.1727949908237,,
ROU,Romania,RO,2023,18404.2730871704,350.775856415189,29.8,0.7,1.3,5.1,6.63430813330581,5.39040379610334,3.33747125595809,,,,,,,,
RUS,Russian Federation,RU,2000,1771.59411621094,259.710142196942,37.1,5.1,12.6,45.0,19.3834909923237,15.561255456022,9.00609230381617,7.61,,,4.1,2.93979001045227,21.1628915021522,,
RUS,Russian Federation,RU,2001,2100.3525390625,306.6020706205,36.9,3.2,8.6,38.4,18.409548703108,14.7542873873561,8.59063389242264,7.55,,,6.8,3.10601997375488,22.7585313017298,,
RUS,Russian Federation,RU,2002,2377.52954101563,345.470494417863,37.3,2.0,6.3,33.1,17.3000359430432,13.8415029771904,8.00569642618299,7.49,,,6.9,3.83502006530762,22.5352476801625,,
RUS,Russian Federation,RU,2003,2975.123046875,430.347420184885,40.0,2.1,6.3,31.1,16.1236883284119,12.8815719486006,7.37156933496087,7.43,,,0.9,3.67853999137878,23.0463063924745,,
RUS,Russian Federation,RU,2004,4102.36474609375,591.016690732385,40.3,1.8,5.4,27.8,14.9586913839207,11.9338725994569,6.82543587386622,7.37,,,2.2,3.54786992073059,21.5738426688429,,
RUS,Russian Federation,RU,2005,5323.455078125,764.01597348111,41.3,1.4,4.3,23.9,13.8576393782594,11.0446700019161,6.40253368636222,7.31,,,4.7,3.77192997932434,19.9480998634358,,
RUS,Russian Federation,RU,2006,6920.19970703125,989.932071352543,41.0,0.9,3.1,20.1,12.8557857673547,10.2401550589613,5.94914113862058,7.27,,,,3.86626005172729,19.5005414079754,,
RUS,Russian Federation,RU,2007,9101.2392578125,1299.70347848165,42.3,0.4,1.9,15.2,11.9756035558705,9.53882624265435,5.38863431218282,7.24,,,,,23.0065326910769,,
RUS,Russian Federation,RU,2008,11635.2841796875,1660.84805830311,41.6,0.2,0.9,10.6,11.2598994254056,8.97161367553493,4.86280510109111,7.23,,,,4.10174989700317,21.5321667594705,,
RUS,Russian Federation,RU,2009,8562.82421875,1222.6459000557,39.8,0.2,0.8,10.3,10.7450534078092,8.5693474756857,4.56553368606905,7.23,,,,,32.1089747154083,,
RUS,Russian Federation,RU,2010,10674.990234375,1524.91671522395,39.5,0.2,0.7,8.1,10.4106903429997,8.31494423965992,4.54881249080773,7.23,,,,4.08974230526824,27.37723900216,,
RUS,Russian Federation,RU,2011,14305.33203125,2045.92275339804,39.7,0.1,0.5,7.1,10.1526816280034,8.1226625994791,4.65395022010191,7.24,,,,3.71261270253186,23.3499683933859,,
RUS,Russian Federation,RU,2012,15401.8515625,2208.29355387842,40.7,0.1,0.5,6.4,9.86399703190537,7.9062159324847,4.70781221872265,7.25,,,,3.79310011863708,24.1958551261758,,
RUS,Russian Federation,RU,2013,15941.4482421875,2292.47007834622,40.9,0.1,0.4,5.7,9.46872377339476,7.60261311458731,4.62483983827003,7.26,,,,3.76382994651794,24.606189979681,,
RUS,Russian Federation,RU,2014,14055.47265625,2059.24158989501,36.9,0.4,0.8,3.2,8.92426778021123,7.17690610849825,4.35306911214728,7.28,,,,4.01387977600098,26.4617539784902,,
RUS,Russian Federation,RU,2015,9277.7138671875,1363.48218219771,36.5,0.4,0.8,3.9,8.24594696015225,6.64065683072544,3.93873379200613,7.29,,,,3.83402991294861,30.6476505158828,,
RUS,Russian Federation,RU,2016,8663.158203125,1276.78635088114,36.7,0.4,0.8,4.0,7.54355966450007,6.08236793838711,3.52071624135946,7.3,,,,3.76044011116028,31.0284467524216,,
RUS,Russian Federation,RU,2017,10658.9130859375,1574.199360089,35.5,0.4,0.8,3.7,6.89821037199647,5.56803943073229,3.199876549367,7.29,,,,4.68990993499756,30.7103051722937,,
RUS,Russian Federation,RU,2018,11211.8876953125,1657.32877346131,35.3,0.2,0.4,2.8,6.331894432206,5.11658337606464,2.93492018076367,7.28,,,,4.67819976806641,28.9441478427563,,
RUS,Russian Federation,RU,2019,11447.701171875,1693.11500270832,35.7,0.3,0.5,3.0,5.83802378799733,4.72393829499984,2.64748067002172,7.27,,,,3.69561429198336,29.6140297769421,,
RUS,Russian Federation,RU,2020,10108.3271484375,1493.07589436214,33.7,0.1,0.3,2.0,5.41375376005337,4.38545856108168,2.32489022075667,7.27,,,,4.01641864383637,35.2998185923772,,
RUS,Russian Federation,RU,2021,12425.029296875,1829.1867195751,35.1,0.2,0.4,2.2,5.0508754811124,4.09669293792092,2.03726366183626,,,,,3.99480697864774,30.78279492703,,
RUS,Russian Federation,RU,2022,15619.6142578125,2291.61212133464,33.9,0.1,0.3,1.4,4.74767219167666,3.85701275041081,1.84015998225673,,,,,4.05402755323777,31.3980432829166,,
RUS,Russian Federation,RU,2023,14159.3876953125,2071.50572503058,33.0,0.1,0.2,0.9,4.49785802104388,3.65955892564584,1.71772840107096,,,,,4.16454853394225,29.6042548935718,,
RWA,Rwanda,RW,2000,251.86926386091,2.06883675437431,48.5,82.3,89.7,96.3,184.864468745572,107.882410796576,43.1501479576654,9.08,50.6,21.7,8.6,3.43418002128601,,,
RWA,Rwanda,RW,2005,324.016863847189,2.93381976617656,52.0,74.2,84.2,94.4,104.894994601828,63.9457659827003,30.4340264030299,8.94,61.0,24.4,5.4,,,,
RWA,Rwanda,RW,2010,593.624927744346,6.12475665412346,47.2,70.2,82.7,94.1,63.2746611892189,42.206550151769,23.3044359458688,9.19,54.7,16.6,3.8,4.63126993179321,,,
RWA,Rwanda,RW,2013,704.92421796616,7.81996402413272,45.1,65.2,80.1,93.6,51.7256037428334,35.7138460894709,20.9981736535289,9.33,,,,4.7421498298645,,,
RWA,Rwanda,RW,2016,729.519134044611,8.69527206067925,43.7,63.8,78.6,93.2,46.3197174424823,33.084457430176,19.7569078541023,9.36,,,,3.43483996391296,18.4596733146591,,
RWA,Rwanda,RW,2023,1027.03446804432,14.3317227003249,39.4,38.6,62.2,89.8,40.0146414164451,30.4792239051798,18.1269016629829,,,,,4.92004013061523,18.5668423445955,,
SDN,Sudan,SD,2009,1178.22180175781,51.6210440769231,35.4,13.1,27.6,68.4,76.4264782776719,55.7182951853041,31.7693744947481,,,,,2.02213001251221,15.6658679807676,,
SDN,Sudan,SD,2014,1275.43835449219,49.5167486179775,34.2,10.1,26.0,73.2,66.3657020454196,50.1380016666151,29.6715802814818,,42.9,37.1,17.4,,11.4318600296855,,
SEN,Senegal,SN,2001,637.213530563724,6.50782482926254,41.2,63.9,79.8,95.2,122.132231010383,70.4200206424499,36.5109673467855,21.86,,,,2.47150993347168,,,
SEN,Senegal,SN,2005,979.846101520171,11.009033437939,39.2,53.6,71.3,93.4,87.9927358095534,53.5313813564585,31.5654136259353,20.72,24.4,18.2,9.9,4.06443023681641,,,
SEN,Senegal,SN,2011,1374.67591873844,17.8142836393119,40.3,53.3,71.7,92.0,60.1352822379928,40.2807102159653,26.4143339568862,19.29,31.6,22.3,10.1,4.90302991867065,,,
SEN,Senegal,SN,2018,1452.55612562445,23.1167015561381,38.3,19.1,38.5,78.2,48.1574800820078,35.7391582645947,26.7435598899172,17.74,22.5,17.4,8.6,5.11019992828369,19.8471337116101,,
SEN,Senegal,SN,2021,1598.10676952274,27.5207841297508,36.2,17.9,37.3,78.6,42.4916876383831,32.7105916719477,24.2486533685608,,,,,5.61201000213623,19.5888527919007,,
SLB,Solomon Islands,SB,2005,1144.45758513252,0.552864570225819,46.1,62.2,75.9,92.6,29.1273994255723,22.3336743673928,12.0647846541892,13.08,,,,,,,
SLB,Solomon Islands,SB,2012,2066.25352289833,1.18521541825562,37.1,40.3,62.9,90.7,26.227911204175,20.4777828329178,10.6237472854429,13.23,,,,,25.2929239702425,,
SLE,Sierra Leone,SL,2003,413.817607346927,2.14261804593129,40.2,72.4,83.9,95.7,206.702946675534,115.397528433614,46.0886224684534,13.19,,,,2.10887002944946,,,
SLE,Sierra Leone,SL,2011,761.146365577281,4.86163288467984,34.0,53.7,73.3,94.3,151.676051682467,86.9839806466462,38.0383432910147,11.54,,,,1.71206998825073,,,
SLE,Sierra Leone,SL,2018,845.914540460932,6.39051468852816,35.7,41.5,65.0,91.5,113.364731494051,66.3406054925248,32.2143442478453,10.65,,,,4.46809005737305,,,
SLV,El Salvador,SV,2000,1982.87093542615,11.7849277,51.5,18.4,27.7,56.0,32.264307625354,26.4888305905387,14.5356128460088,10.42,,,,2.8386800289154,15.020032749119,,
SLV,El Salvador,SV,2001,2058.04459070452,12.2825336,51.3,19.4,29.6,57.2,30.3835079568824,25.026148601559,13.6520117004969,10.44,,,,,22.9700165444693,,
SLV,El Salvador,SV,2002,2115.41187355626,12.6641903,51.9,19.5,29.6,56.8,28.641916572411,23.6692826503974,12.8409550783451,10.47,,,,3.242840051651,20.2223745800788,,
SLV,El Salvador,SV,2003,2207.83089518069,13.2438922,50.4,20.9,29.9,58.4,27.0021004056603,22.397750733194,12.0894764669111,10.49,16.5,3.9,1.4,3.13467001914978,17.3445990446826,,
SLV,El Salvador,SV,2004,2285.68907438892,13.7248109,47.8,16.3,25.9,56.9,25.4589294482023,21.1784340091387,11.3994195923667,10.49,,,,,19.6177566278891,,
SLV,El Salvador,SV,2005,2447.39140845394,14.698,48.5,16.4,26.1,57.1,24.0379810932166,20.0573459039552,10.7673292874948,10.49,,,,3.17785000801086,20.4755749081508,,
SLV,El Salvador,SV,2006,2665.61807194853,15.99989,45.7,12.6,23.0,56.2,22.7182934544453,19.0192176801954,10.1824577816159,10.48,,,,3.49298000335693,22.529529890518,,
SLV,El Salvador,SV,2007,2830.65693770733,17.01175,45.2,9.2,18.9,53.1,21.5127237833501,18.0675577676844,9.64182492707778,10.46,,,,3.60984992980957,20.5422722530016,,
SLV,El Salvador,SV,2008,2983.24829577976,17.98689,46.9,12.6,23.5,56.0,20.3876616453453,17.1748343380712,9.15047525033559,10.45,15.1,4.4,1.5,4.45810985565185,22.7515707273464,,
SLV,El Salvador,SV,2009,2910.18651752011,17.60162,45.8,12.4,22.9,56.6,19.3639725735151,16.3623346689534,8.68100651991981,10.44,,,,4.65950012207031,25.8533021392349,,
SLV,El Salvador,SV,2010,3040.07300952878,18.44792,43.5,11.4,22.1,54.8,18.4186668752916,15.6121621075366,8.23950090568486,10.43,,,,4.04807996749878,24.1458115603277,,High
SLV,El Salvador,SV,2011,3330.60049486653,20.28378,42.3,10.1,20.7,56.0,17.5259681807867,14.9028751283,7.81673208235273,10.41,,,,3.89854001998901,24.8898726231008,,
SLV,El Salvador,SV,2012,3497.91256915509,21.38615,41.8,8.5,18.0,53.5,16.7234710245067,14.264271232122,7.41151202312457,10.39,,,,3.7124400138855,22.9022053992888,,
SLV,El Salvador,SV,2013,3582.26694005169,21.99096,43.4,7.1,16.2,49.1,15.9412444045796,13.6413741014604,7.0161681040652,10.37,,,,3.80149006843567,22.9958128249062,,
SLV,El Salvador,SV,2014,3666.01248913873,22.59347,41.6,7.0,15.6,49.3,15.2158536863853,13.0625660553572,6.65214971152927,10.35,11.4,4.9,2.2,3.82416009902954,22.7697175169483,0.6900317072868347,
SLV,El Salvador,SV,2015,3790.34089108162,23.43824,40.6,5.3,13.0,46.6,14.5415950624932,12.526683848583,6.30226366382661,10.32,,,,3.90987992286682,22.7632940909989,,
SLV,El Salvador,SV,2016,3901.34014965811,24.19143,40.0,5.8,13.5,44.9,13.9019307453284,12.0202826701815,5.99861358716084,10.3,,,,3.82523989677429,23.2079037686245,,
SLV,El Salvador,SV,2017,4020.12671373919,24.97919,38.0,4.5,11.1,42.4,13.2931378687174,11.5280680647452,5.69715328478042,10.27,,,,3.7252299785614,24.8439899000093,,
SLV,El Salvador,SV,2018,4183.54620971358,26.02085,38.6,4.1,10.2,39.1,12.7101445540283,11.0508779642602,5.42299113064221,10.25,,,,3.60575008392334,24.7270938497397,,
SLV,El Salvador,SV,2019,4320.11671534627,26.88114,38.8,3.0,7.7,34.7,12.1700544626667,10.6100609799474,5.1790667256983,10.23,,,,3.38710999488831,24.7593666042437,,
SLV,El Salvador,SV,2021,4642.60743101342,29.04314,39.0,5.1,9.8,33.5,11.238339333072,9.84484112073083,4.758567528368,,10.0,5.0,2.9,3.57766008377075,29.5074843835756,,
SLV,El Salvador,SV,2022,5074.60210221806,31.87012,38.8,5.2,9.6,32.7,10.8176937366879,9.49319280804857,4.57219975417852,,,,,3.25634002685547,27.39431166246,,
SLV,El Salvador,SV,2023,5365.44491399171,33.85394,39.8,4.6,8.6,29.9,10.4303333101628,9.17055345281725,4.41909500746026,,,,,3.17218995094299,27.6800868672893,,
SRB,Serbia,RS,2002,2390.73459447107,17.9305835713055,32.7,0.4,1.2,13.7,11.3736049529974,9.86627774103434,6.98409469911978,5.94,,,,,,,
SRB,Serbia,RS,2003,3153.9011312754,23.5930444175086,32.8,0.9,2.2,19.7,10.5286701513396,9.13107714827818,6.49506044141712,5.93,,,,,,,
SRB,Serbia,RS,2004,3597.08798057009,26.8456323418074,35.5,1.2,3.6,26.8,9.69488556251601,8.40522674318136,6.01021901245291,5.91,,,,,,,
SRB,Serbia,RS,2005,3807.97417321786,28.3342561808801,36.5,1.6,4.2,24.7,9.01033984263529,7.80927547121297,5.60395580918271,5.91,12.1,4.4,3.8,,,,
SRB,Serbia,RS,2006,4492.7136699046,33.2980573617412,29.7,0.9,2.1,19.4,8.50733112016457,7.37135398757157,5.29396105253901,5.91,,,,,,,
SRB,Serbia,RS,2007,6081.08765700202,44.8880289460854,28.7,0.6,1.6,16.7,8.16604287682733,7.07307927330613,5.07778615611734,5.92,,,,4.04879999160767,33.0653352858747,,
SRB,Serbia,RS,2008,7376.73517910716,54.2206412016474,27.6,0.3,1.1,14.6,7.94609330634917,6.87957272326917,4.94223315889861,5.93,,,,,34.5414592727477,,
SRB,Serbia,RS,2009,6414.0448463847,46.955984409727,28.0,0.6,1.6,16.1,7.76890617439615,6.72322368144924,4.84356068985938,5.96,,,,4.3127498626709,34.5091263592732,,
SRB,Serbia,RS,2010,5970.92660940072,43.5366292331424,29.0,0.3,2.2,19.8,7.57487956479546,6.55147482711043,4.74795684341942,5.99,10.9,3.5,5.9,,35.1190464053724,,
SRB,Serbia,RS,2012,6263.04086072815,45.1032699694112,39.9,7.1,10.8,29.2,7.09509401568437,6.12624063487048,4.49914777761649,6.05,,,,,35.4259392948407,,
SRB,Serbia,RS,2013,7040.41812068781,50.4555296040696,39.4,7.8,12.8,33.0,6.83023162110083,5.89247363961093,4.33942644110541,6.08,,,,,39.1277174777981,,
SRB,Serbia,RS,2014,6886.67809068704,49.1143212803466,40.4,8.9,13.2,32.9,6.56457981859589,5.65736362950388,4.15974772990926,6.1,8.0,3.3,0.7,,40.9109680719636,,
SRB,Serbia,RS,2015,5820.3215576888,41.2974106349586,40.5,8.4,12.3,31.8,6.31543312526031,5.43693072927623,3.97690062394629,6.13,,,,,39.0527737026285,,
SRB,Serbia,RS,2016,5982.37030126471,42.2254959095633,38.8,8.1,11.8,29.0,6.09128747897215,5.23756966693331,3.81294564998251,6.14,,,,3.50274991989136,37.7905966728824,,
SRB,Serbia,RS,2017,6548.03653824187,45.9728347138077,36.1,6.6,10.0,26.2,5.91102634868892,5.07617960734361,3.68660091668304,6.15,,,,3.56539011001587,36.1410383011071,,
SRB,Serbia,RS,2018,7559.86165747394,52.7875202489242,35.0,4.2,6.4,20.7,5.77159178680635,4.95041701731124,3.60200897538753,6.17,,,,3.43663001060486,35.1923667823381,,
SRB,Serbia,RS,2019,7755.632986437,53.8646936645568,34.5,2.7,4.2,15.1,5.65246619155432,4.84137453698891,3.52911297917717,6.18,7.5,0.8,0.4,3.45865988731384,35.742587631728,,
SRB,Serbia,RS,2020,8098.70955668849,55.874017668998,35.0,2.0,3.2,12.6,5.52827480595232,4.72852961809685,3.44304305966129,6.2,,,,,42.5376524683873,,
SRB,Serbia,RS,2021,9680.52798074468,66.1598840725308,33.1,1.7,2.7,9.4,5.4092688799625,4.6203819168873,3.34507050490873,,,,,3.14615988731384,37.6982895078739,,
SRB,Serbia,RS,2022,10022.9688543402,66.7975647583389,32.8,2.0,3.2,10.3,5.30974823885236,4.5290336721264,3.25274529073834,,,,,3.08255004882812,35.4693044866048,,
SSD,South Sudan,SS,2009,1323.22068747862,12.2312645250671,46.3,44.9,59.2,84.9,114.706056441036,82.0554884385572,44.6523340856949,,,,,,,,
SSD,South Sudan,SS,2016,7972.5366498646,,44.0,76.5,88.0,97.6,263.925660122113,164.135675460125,43.1701260512448,,,,,1.56539228959694,,,
STP,Sao Tome and Principe,ST,2000,529.089383412262,0.076198394820267,32.1,17.3,36.3,78.2,82.115122278948,50.7446875026884,22.1932205831853,10.09,,,,,,,
STP,Sao Tome and Principe,ST,2010,1045.20958234528,0.190021192489536,30.8,18.9,39.8,83.0,36.2805287789999,23.2277207622188,16.2468124118723,10.56,,,,9.9882698059082,,,
STP,Sao Tome and Principe,ST,2017,1555.79477812888,0.322002845229335,40.7,13.0,30.5,70.0,19.4803845783679,12.850547391823,9.39381019496028,10.92,,,,5.87489986419678,,,
SUR,Suriname,SR,2022,6084.43876736445,3.7916032000259,39.2,2.2,4.6,20.9,16.7870810662527,15.685249240136,10.2513620170811,,,,,3.43460841988051,,,
SVK,Slovak Republic,SK,2004,10650.1290097126,57.2154750762986,27.1,0.2,1.1,10.2,8.58375093234075,7.12235751726938,4.07420139192608,7.27,,,,4.11747980117798,37.2826789817952,,
SVK,Slovak Republic,SK,2005,11641.5410321763,62.5477531484638,29.3,0.3,1.0,6.4,8.30473455711082,6.88326180461394,3.85867017178242,7.28,,,,3.77565002441406,38.5685975641289,,
SVK,Slovak Republic,SK,2006,13167.8954730379,70.7518134429881,25.8,0.3,0.8,4.2,7.99756879533147,6.62177910228159,3.67452161714015,7.28,,,,3.70850992202759,36.9739601689895,,
SVK,Slovak Republic,SK,2007,16110.4817265237,86.5877495179724,24.7,0.6,1.0,3.8,7.68460850425748,6.35773180653844,3.52714198122235,7.28,,,,3.52223992347717,34.8508787281228,,
SVK,Slovak Republic,SK,2008,18744.3192278346,100.830060552902,26.0,0.5,1.2,4.6,7.38397509492518,6.10556916965709,3.41675063747712,7.31,,,,3.52339005470276,34.8379095855697,,
SVK,Slovak Republic,SK,2009,16586.7527805228,89.3429846975246,27.2,0.6,1.1,4.6,7.11680287718804,5.88305008421531,3.34032676035825,7.35,,,,4.00893020629883,41.9431939116331,,
SVK,Slovak Republic,SK,2010,16899.448680529,91.1121608007668,27.3,0.6,1.2,4.6,6.88685947165287,5.69303880337653,3.29038203530964,7.4,,,,4.04704999923706,39.5145792054508,,
SVK,Slovak Republic,SK,2011,18469.4354316836,99.7051047234341,26.5,0.6,0.9,3.5,6.70074656257491,5.53991574204429,3.25533255187389,7.45,,,,3.90686988830566,39.0601443681058,,
SVK,Slovak Republic,SK,2012,17516.9691054078,94.724394278052,26.1,0.5,1.1,5.0,6.55038916366863,5.41793379880118,3.21813626830481,7.5,,,,3.85490989685059,39.1325775702987,,
SVK,Slovak Republic,SK,2013,18312.7805149823,99.1342778503418,28.1,0.4,1.4,5.0,6.4302811496137,5.3213527437467,3.17208668534385,7.55,,,,4.06078004837036,40.0242603858589,,
SVK,Slovak Republic,SK,2014,18770.9289896545,101.713075598862,26.1,0.9,1.9,5.2,6.32112835759451,5.23529542772446,3.11707698627929,7.59,,,,4.20446014404297,40.0498953140123,,
SVK,Slovak Republic,SK,2015,16442.0760860018,89.1785487173324,26.5,0.8,1.3,5.0,6.21167968505677,5.14844524700733,3.0553941706933,7.63,,,,4.56416988372803,40.6783469163369,,
SVK,Slovak Republic,SK,2016,16636.0769133073,90.3471732286356,25.2,1.5,2.2,4.8,6.10576790153526,5.06546144455176,3.00091253693421,7.67,,,,3.88375997543335,40.3193736538256,,
SVK,Slovak Republic,SK,2017,17645.5298716761,95.9781307349766,23.2,0.6,1.3,3.0,6.01903818594178,4.99866350804397,2.96976897942991,7.7,,,,3.91876006126404,37.0392854927539,,
SVK,Slovak Republic,SK,2018,19573.3717031314,106.611673364837,25.0,0.5,1.3,3.8,5.96015716298108,4.95419121487759,2.96763771873517,7.74,,,,3.93534994125366,37.1287832002824,,
SVK,Slovak Republic,SK,2019,19406.0589683582,105.843498304094,23.2,0.2,0.5,2.5,5.9292616920629,4.93422708281233,2.97835005614397,7.78,,,,4.26779985427856,38.0979921157923,,
SVK,Slovak Republic,SK,2020,19735.4858280801,107.732602896441,24.2,0.3,0.5,2.3,5.92843293995997,4.93910257847574,2.99282438157831,7.82,,,,4.720290184021,42.1100121910824,,
SVK,Slovak Republic,SK,2021,22132.4483028948,120.560912620599,24.1,0.3,0.8,2.8,5.95858045636745,4.96904897714835,3.00709495353748,,,,,4.71646976470947,42.3783691619869,,
SVK,Slovak Republic,SK,2022,21334.6011006572,115.884262197697,24.1,0.7,1.7,6.6,6.01378862232543,5.02151088039767,3.02425899215746,,,,,4.65508985519409,39.7427248174335,,
SVK,Slovak Republic,SK,2023,24673.5482979144,133.896931490224,23.8,0.5,0.8,4.1,6.07515272590005,5.07902909480537,3.04384971663028,,,,,,,,
SVN,Slovenia,SI,2002,11639.1297780477,23.2145935162095,29.1,0.1,0.1,1.2,4.89858505554607,4.07362694693387,2.93103333822596,5.92,,,,5.74013996124268,44.6270962929415,,
SVN,Slovenia,SI,2003,14711.674874253,29.3605750318177,30.9,0.0,0.0,1.9,4.6534447702915,3.8642773862661,2.77055777915009,5.94,,,,5.75657987594604,44.4229734423929,,
SVN,Slovenia,SI,2004,17103.8297783905,34.1565533134031,24.8,0.1,0.2,0.6,4.41964929691771,3.66495775934167,2.60707740987176,5.97,,,,5.68693017959595,43.6902957275516,,
SVN,Slovenia,SI,2005,17969.7095907161,35.9479368237781,24.6,0.1,0.2,0.6,4.19238569692687,3.47123424119599,2.44966160146948,5.98,,,,5.64437007904053,43.9831561458944,,
SVN,Slovenia,SI,2006,19563.005059144,39.2603688370342,24.4,0.1,0.1,0.5,3.97233075161082,3.28395417572834,2.30187602434172,5.99,,,,5.62207984924316,42.5094777219212,,
SVN,Slovenia,SI,2007,23725.1596001515,47.880266542577,24.4,0.0,0.1,0.3,3.76165417770217,3.10507768113333,2.16629408901644,6.01,,,,5.13660001754761,39.9951581291865,,
SVN,Slovenia,SI,2008,27461.9764165315,55.5093323223578,23.7,0.0,0.0,0.2,3.56376657323024,2.93734751228942,2.04623101509246,6.03,,,,5.13438987731934,41.1003969206339,,
SVN,Slovenia,SI,2009,24501.7897290425,49.9755409548464,24.8,0.0,0.0,0.3,3.38123847940762,2.78297421017149,1.94409037398909,6.07,,,,5.62079000473022,46.3540530961616,,
SVN,Slovenia,SI,2010,23329.8417691156,47.7931172409001,24.9,0.0,0.0,0.2,3.21449611411117,2.64246418854643,1.85813056771436,6.11,,,,5.59362983703613,47.3581596491482,,
SVN,Slovenia,SI,2011,24940.6284841605,51.1991945993094,24.9,0.0,0.0,0.3,3.06426417336774,2.51605336265286,1.78886405682764,6.15,,,,5.58290004730225,48.809028972781,,
SVN,Slovenia,SI,2012,22442.1417859955,46.1670539543367,25.6,0.0,0.0,0.5,2.93034120567281,2.40375425585653,1.72900865868963,6.19,,,,5.6702299118042,47.4901246961825,,
SVN,Slovenia,SI,2013,23236.9655321695,47.8670568588892,26.2,0.0,0.1,0.6,2.8137621311748,2.30552012917915,1.67552395541359,6.23,,,,5.46767997741699,54.5726819204219,,
SVN,Slovenia,SI,2014,24013.0682060959,49.5144663796057,25.7,0.0,0.0,0.3,2.71307635319011,2.22115934166954,1.62256545490495,6.26,,,,5.34328985214233,47.5336371357467,,
SVN,Slovenia,SI,2015,20697.2748530619,42.7094682748136,25.4,0.0,0.0,0.4,2.62696380960193,2.14871728395128,1.56766820965783,6.27,,,,4.95528984069824,46.7222084667928,,
SVN,Slovenia,SI,2016,21447.8377796036,44.2906858240682,24.8,0.0,0.0,0.3,2.55395035071566,2.08662240355493,1.51676026541254,6.28,,,,4.84419012069702,44.6747700849883,,
SVN,Slovenia,SI,2017,23303.077705959,48.1532001346613,24.2,0.0,0.0,0.1,2.49094677378976,2.03382437542847,1.47021357119267,6.28,,,,4.82381010055542,42.2981039649573,,
SVN,Slovenia,SI,2018,25888.0481065655,53.6890676399176,24.6,0.0,0.0,0.2,2.43791015953347,1.98907013013874,1.43115282352716,6.28,,,,4.97948980331421,41.1450376558141,,
SVN,Slovenia,SI,2019,25814.1687167572,53.909922735545,24.4,0.0,0.0,0.1,2.39347627667155,1.95190500458322,1.39948335781355,6.28,,,,4.93479013442993,40.7895004063214,,
SVN,Slovenia,SI,2020,25392.0651093612,53.384760135158,24.0,0.0,0.0,0.1,2.35566824566329,1.92040834814275,1.37315646356546,6.29,,,,5.41901016235352,49.1075307851423,,
SVN,Slovenia,SI,2021,29187.369382785,61.529280461092,24.3,0.0,0.0,0.1,2.32088924745941,1.89092476328817,1.34958092829881,,,,,5.39167022705078,46.6165984713657,,
SVN,Slovenia,SI,2022,28373.8382265999,59.9277027462843,24.3,0.0,0.1,0.2,2.28737668155632,1.86224841924075,1.32724249155887,,,,,5.28065013885498,43.5327700809559,,
SVN,Slovenia,SI,2023,32610.110922729,69.1484684173208,24.7,0.0,0.0,0.1,2.24667168062113,1.82904800881561,1.3008919305216,,,,,,42.9407083105927,,
SWE,Sweden,SE,2000,29632.7736101599,262.905197441662,27.0,0.2,0.2,0.7,4.09662966290807,3.38816499224809,2.30095095005092,4.31,,,,6.7383599281311,34.5255086578739,,
SWE,Sweden,SE,2001,27259.4806735435,242.499249692616,26.5,0.2,0.2,0.5,4.04899207270855,3.34302925116831,2.27031543770502,4.3,,,,6.61482000350952,33.2249813258469,,
SWE,Sweden,SE,2002,29957.9387652616,267.373345246531,26.2,0.0,0.2,0.5,3.97798013276503,3.27904875538415,2.21374192498691,4.29,,,,6.91077995300293,33.5620434647837,,
SWE,Sweden,SE,2003,37292.4214343004,334.074051172972,25.3,0.4,0.6,1.1,3.87423700676329,3.18804789092167,2.12612035431282,4.28,,,,6.79678010940552,33.7312964315474,,
SWE,Sweden,SE,2004,42758.2015503417,384.547211147247,26.1,0.5,0.6,1.1,3.74332125167744,3.07573735900423,2.02478895199035,4.27,,,,6.6729998588562,32.7638120183341,,
SWE,Sweden,SE,2005,43378.6152117149,391.690329314475,26.8,1.1,1.3,1.9,3.59847860093703,2.95249190215056,1.92461516569687,4.26,,,,6.51516008377075,33.1440132197253,,
SWE,Sweden,SE,2006,46531.6001120572,422.530427475536,26.4,0.4,0.6,1.1,3.45213133216987,2.82932398856506,1.83598636151458,4.25,,,,6.37276983261108,32.0213798558723,,
SWE,Sweden,SE,2007,53568.5645523213,490.050156832574,27.1,0.5,0.6,1.0,3.32214996342575,2.71988687092677,1.75768901748291,4.24,,,,6.1867299079895,31.2580555657034,,
SWE,Sweden,SE,2008,55817.4392710726,514.616528348834,28.1,0.7,0.8,1.2,3.21575366852507,2.63062536439127,1.69197019471501,4.23,,,,6.38263988494873,31.736209528083,,
SWE,Sweden,SE,2009,46707.8673215418,434.313804907366,27.3,0.5,0.8,1.2,3.12996281888322,2.55872620042945,1.64224919816326,4.23,,,,6.78425979614258,33.9399744476108,,
SWE,Sweden,SE,2010,52542.8274141037,492.753255885718,27.7,0.6,0.9,1.4,3.06214682543945,2.50240507708064,1.61103905529512,4.23,,,,6.56318998336792,33.2647807382225,,
SWE,Sweden,SE,2011,60379.7748160321,570.541353128724,27.6,0.7,0.9,1.5,3.01158888229732,2.46048957273352,1.59423721756704,4.23,,,,6.40656995773315,32.4393124120237,,
SWE,Sweden,SE,2012,57749.8251328664,549.742183874355,27.6,0.5,0.6,1.2,2.97236920937054,2.42801901791768,1.58668960312248,4.22,,,,7.57456016540527,33.0085659544123,,
SWE,Sweden,SE,2013,60844.2767113975,584.12811641029,28.8,0.7,0.8,1.4,2.93837220723647,2.39993666026147,1.58328636478786,4.21,,,,7.64657020568848,33.7230755160192,,
SWE,Sweden,SE,2014,59583.7140001673,577.730245154161,28.4,0.5,0.7,1.2,2.90365829453292,2.37133945323258,1.57580243010484,4.2,,,,7.62924003601074,33.2570490627025,,
SWE,Sweden,SE,2015,51197.9529341175,501.698263620663,29.2,0.6,0.8,1.2,2.86338782494858,2.33813543023883,1.55763737786488,4.19,,,,7.49443006515503,32.3526346696221,,
SWE,Sweden,SE,2016,51820.3972482676,514.218206628325,29.6,0.4,0.5,1.0,2.81581419574219,2.29887018602314,1.53057602284257,4.17,,,,7.63990020751953,32.0365400392302,,
SWE,Sweden,SE,2017,53300.8587281785,536.083940228684,28.8,0.3,0.3,0.8,2.7606018498859,2.25345654419984,1.50236594943463,4.16,,,,7.63850021362305,31.9272025376033,,
SWE,Sweden,SE,2018,54181.9069780904,551.312498430163,30.0,0.9,0.9,1.5,2.70045341944778,2.20372784116181,1.47790510612819,4.14,,,,7.69824981689453,31.9437622149225,,
SWE,Sweden,SE,2019,51773.0464558993,532.16929416594,29.3,0.4,0.4,1.0,2.64163221814517,2.15511221896554,1.45809219720308,4.13,,,,7.66306018829346,31.331078945366,,
SWE,Sweden,SE,2020,52653.7565934247,545.147614972141,28.9,0.5,0.5,1.0,2.5888465058554,2.11134285496095,1.44304727952886,4.12,,,,7.95333003997803,34.8791012428256,,
SWE,Sweden,SE,2021,61174.9680215622,637.186904843636,29.8,0.6,0.9,1.5,2.54512237265159,2.07480759467924,1.43148139629738,,,,,7.60224008560181,32.9123112765962,,
SWE,Sweden,SE,2022,55296.9371472535,579.895717343956,31.6,1.3,1.4,1.7,2.5080811439105,2.04411971042225,1.4216003780192,,,,,7.31909990310669,32.2346800481688,,
SWE,Sweden,SE,2023,55567.0890080496,585.489968189063,29.3,0.8,0.9,1.5,2.47465228620054,2.01612775700497,1.40933211140117,,,,,,,,
SWZ,Eswatini,SZ,2000,1668.9749133064,1.73809384036607,53.1,65.0,76.7,90.4,109.104918315743,72.9882463966821,25.7867462386664,11.07,45.9,13.4,2.2,5.50848007202148,16.3508338447781,,
SWZ,Eswatini,SZ,2009,3239.7578007877,3.58042805281393,51.4,58.2,69.8,88.1,92.4934403178507,65.5012264127622,24.9612192721602,10.7,,,,6.47135019302368,25.8952401335649,,
SWZ,Eswatini,SZ,2016,3239.80707501414,3.72418091137828,54.6,44.5,58.3,79.3,55.3144790474334,51.9899874066425,25.9215258260496,10.4,,,,5.43355309210979,27.7842544780625,,
SYC,Seychelles,SC,2006,12782.9938926475,1.08144128331798,42.8,0.6,3.3,22.8,13.8286119352077,12.1664286287173,8.72908394354609,12.23,,,,4.48331022262573,31.7796816027708,,
SYC,Seychelles,SC,2013,14821.2921476077,1.33316040738516,46.8,1.6,3.6,12.0,14.3752811400335,12.9466883297076,8.80723657876065,12.36,,,,3.61840009689331,,,
SYC,Seychelles,SC,2018,18440.2340460932,1.78431392676807,32.1,0.7,1.4,8.4,14.7568275808126,13.4679064666548,8.90147584449993,12.43,,,,3.59446940668662,,,
SYR,Syrian Arab Republic,SY,2003,1220.179077256,21.8281446860394,37.5,0.5,3.1,29.7,20.8601461306417,18.9343802463491,11.296539156137,,,,,6.48084020614624,,,
SYR,Syrian Arab Republic,SY,2006,1718.78347217338,33.751788856305,40.1,0.0,6.3,31.7,19.4583795857487,17.8600246992808,10.59075791018,,29.1,10.0,10.6,5.27965021133423,,,
SYR,Syrian Arab Republic,SY,2009,2462.20193643202,54.1117356287065,40.4,0.0,5.8,32.0,18.9514358535529,17.5596510769956,10.1714231263432,,,,,5.13013982772827,,,
SYR,Syrian Arab Republic,SY,2022,1051.67149587463,23.6228270795047,26.6,16.5,39.3,87.9,21.1241539140214,19.5334846578888,10.2749541299053,,,,,,,,
TCD,Chad,TD,2003,289.087621122168,2.7428150715744,39.8,66.7,81.8,96.2,173.414496251732,96.6192631583936,41.4027525181193,,,,,,,,
TCD,Chad,TD,2011,1308.1421872538,16.6853496739957,43.3,45.2,63.7,88.5,143.885876127986,80.7061685376554,37.61342947495,,,,,2.25789999961853,,,
TCD,Chad,TD,2018,948.656629871231,15.3270002488701,37.5,41.9,63.2,90.1,118.334266245668,67.3561691760729,34.0841079710232,,31.9,24.7,13.6,2.25947501392013,,,
TCD,Chad,TD,2022,966.036468278568,17.8285082896049,37.4,39.5,61.4,89.5,104.333309693075,60.3013385669915,31.8746479014542,,31.9,18.2,7.8,2.6016118897064,,,
TGO,Togo,TG,2006,552.50227125256,3.32090772174508,42.2,67.2,79.8,94.8,99.7189999893334,59.3450391812737,32.1228293924337,15.61,35.0,,,2.43237996101379,11.5125384057586,,
TGO,Togo,TG,2011,783.989380490906,5.42244216644146,46.0,65.2,77.5,93.6,85.9470250195426,51.4062076562043,28.8959747022558,15.17,,,,3.07750010490417,10.8080463782654,,
TGO,Togo,TG,2015,751.052405084336,5.75546103538026,43.0,61.5,76.0,94.2,75.5915360604258,45.3715807727234,26.8420838690399,14.73,,,,3.71097993850708,12.9253756844092,,
TGO,Togo,TG,2018,851.130806891807,7.02930038308031,42.5,35.1,54.3,84.1,68.5785254049994,41.4214992456669,25.3531043292419,14.44,,,,4.09162998199463,13.6291888351152,,
TGO,Togo,TG,2021,939.613373786407,8.34224364594438,37.9,34.4,55.3,86.8,62.2124782194279,37.9688409562677,23.9983105136197,,,,,4.22702442483079,13.4917127567891,,
THA,Thailand,TH,2000,2005.97694514234,126.392224253794,42.8,8.4,23.1,61.2,21.7816875015961,18.5469090990693,12.1288657090764,11.03,,,,5.25345993041992,13.5039212437522,,
THA,Thailand,TH,2002,2089.75183111554,134.300904400022,41.9,4.7,16.1,53.3,19.8083969337506,16.8967337628424,10.994059260168,10.97,,,,3.86491990089417,20.1914554917214,,
THA,Thailand,TH,2004,2641.56268717857,172.895685154658,42.5,3.1,11.9,46.7,18.0865366855139,15.4494053779373,10.0173991733468,10.84,,,,4.03088998794556,15.4915595237061,,
THA,Thailand,TH,2006,3331.32043511773,221.758296021621,41.8,2.2,8.4,39.5,16.5774476216963,14.1753197364442,9.17562487527169,10.72,17.3,7.9,4.8,4.05038022994995,15.0648962132471,,Very_Low
THA,Thailand,TH,2007,3918.52817434581,262.942621455053,39.8,1.3,6.5,37.4,15.9177163787349,13.6176451558292,8.78713200092377,10.67,,,,3.60314989089966,16.5511413907824,,
THA,Thailand,TH,2008,4309.13509292986,291.38298243095,40.3,1.0,5.2,35.2,15.2826374668445,13.0879192091958,8.42111787599479,10.63,,,,3.50850009918213,17.0589483038353,,
THA,Thailand,TH,2009,4135.43986952819,281.710630187319,39.6,0.8,4.4,32.2,14.7052915841409,12.6014175539391,8.08811256458355,10.59,,,,3.86193990707398,18.411805894126,,
THA,Thailand,TH,2010,4973.86288823778,341.10476632917,39.4,0.7,3.8,30.0,14.1677610027542,12.1580024490405,7.79256221203937,10.55,,,,3.50844001770019,17.4114153723881,,
THA,Thailand,TH,2011,5373.6232832898,370.818739623622,37.5,0.3,2.0,25.5,13.6571021125465,11.7289236357287,7.5082372134278,10.53,,,,4.80555009841919,19.41745835874,,
THA,Thailand,TH,2012,5725.52802835463,397.558325278579,39.3,0.4,2.3,24.9,13.1778393838842,11.3330229301103,7.23895428011111,10.52,18.2,10.3,6.6,4.53670978546143,18.6216196174385,,
THA,Thailand,TH,2013,6018.08244729255,420.333654592547,37.8,0.2,1.7,21.8,12.7267704539772,10.9582550115499,6.99710898508453,10.51,,,,4.12402009963989,19.817256200685,,
THA,Thailand,TH,2014,5801.1978916205,407.339040197651,37.0,0.2,1.4,20.9,12.2966751334221,10.6053251339864,6.77411329659199,10.49,,,,3.91917751852112,19.9952273274915,,
THA,Thailand,TH,2015,5688.85335397884,401.296238228084,36.0,0.1,0.8,16.9,11.8895581233996,10.268485932726,6.56769865645242,10.47,,,,3.86397622727286,19.3927758672544,0.4392139017581939,
THA,Thailand,TH,2016,5833.57715617098,413.366349747508,36.7,0.1,1.0,17.9,11.5031930233166,9.95108611773769,6.36568627964408,10.43,11.0,7.8,6.0,3.76761756770937,19.6652964019127,,
THA,Thailand,TH,2017,6413.09182530343,456.356813536764,36.4,0.1,0.8,17.2,11.1326864091747,9.64343827043753,6.18222373322646,10.38,,,,3.46532147640365,19.122663547864,,
THA,Thailand,TH,2018,7099.77650081458,506.754208404485,36.4,0.1,0.9,17.8,10.7774185285242,9.35571933205069,6.00312935874231,10.34,,,,3.19769395901619,19.0196942606136,,
THA,Thailand,TH,2019,7605.69657797759,543.976691793886,34.9,0.1,0.6,15.2,10.4223523522217,9.05902249835266,5.83037874922913,10.31,13.1,8.3,8.2,3.02221411183282,18.6665827342784,,
THA,Thailand,TH,2020,6985.64393892574,500.461898480246,35.0,0.1,0.6,15.1,10.1046659585209,8.79874227097267,5.66819181982519,10.3,,,,3.15314171737183,22.8313574596558,,
THA,Thailand,TH,2021,7057.20754802279,506.194668789937,34.9,0.0,0.5,14.1,9.7912354749969,8.53728628918766,5.51531662542605,,,,,2.98212428478268,25.1329943719962,,
THA,Thailand,TH,2022,6909.35281815827,495.644697587661,34.3,0.0,0.2,9.9,9.49174798849344,8.28171876706159,5.35475646750429,,12.6,6.8,6.6,2.61187022798634,22.2320443948162,,
THA,Thailand,TH,2023,7195.10130919449,515.906283940933,33.5,0.0,0.1,9.9,9.21389003267474,8.04786905278131,5.20184768253358,,,,,2.52122219628772,20.7664684607695,,
TJK,Tajikistan,TJ,2003,233.58124845289,1.5553182614172,32.7,56.0,76.2,96.4,61.8057613800806,48.711075860541,24.7309587781944,9.92,42.4,,5.9,2.42078995704651,11.1684588566388,,
TJK,Tajikistan,TJ,2004,305.745158587502,2.07617686941089,33.6,37.2,59.7,90.5,56.7115949639158,44.8469566012916,23.7746283575469,9.85,,,,2.77203011512756,13.7474421545895,,
TJK,Tajikistan,TJ,2007,516.997210618914,3.71952454086192,32.2,24.2,48.2,89.7,44.7182016333,35.7019938681755,21.9524330680836,9.63,39.3,18.3,6.9,3.41326999664307,,,
TJK,Tajikistan,TJ,2009,664.795655734657,4.97947236445339,30.8,15.7,37.1,82.0,39.2170414439144,31.5212745295271,20.7962190276176,9.49,28.8,8.4,4.2,4.0983099937439,,,
TJK,Tajikistan,TJ,2015,956.916310930656,8.27143148507483,34.0,13.3,29.8,74.1,30.200129527202,24.7298150431344,16.2766573427921,9.09,,,,4.96774005889893,,,
TJK,Tajikistan,TJ,2021,896.748053372182,8.93780534713963,32.4,9.1,22.6,64.9,27.8585908453306,23.1919043491596,13.5610112630717,,,,,4.38253082077599,12.4572895743117,,
TJK,Tajikistan,TJ,2022,1052.17949484894,10.7135252003998,39.5,8.9,18.9,59.7,27.667248901182,23.101074811486,13.0825139392536,,,,,5.39829770599001,10.6910715593023,,
TJK,Tajikistan,TJ,2023,1178.47990060249,12.2441692927998,38.0,7.3,18.1,55.7,27.3211713922537,22.8687710409275,12.6484447761705,,13.7,5.2,6.4,5.43682120015444,11.0194157341873,,
TJK,Tajikistan,TJ,2024,1341.20229027672,14.2045755485536,36.1,6.1,16.9,55.4,10.3804661501567,,,,,,,,,,
TLS,Timor-Leste,TL,2001,587.804355560918,0.4774435,35.9,55.7,74.3,95.1,105.54380534249,79.8755946364765,37.191325480826,18.99,,,,,,,
TLS,Timor-Leste,TL,2007,540.154584237662,0.5427954,27.8,60.1,81.9,98.5,80.0728920008533,59.3465322647938,29.8488102762997,17.3,54.1,45.9,20.8,,,,
TLS,Timor-Leste,TL,2014,1224.74957758801,1.4475352,28.7,43.9,71.3,96.0,62.3466019376383,45.1072624699004,25.4429807060794,17.32,49.2,32.4,12.2,7.51430988311768,67.3608120894055,,
TON,Tonga,TO,2000,1995.07667546271,0.204848487806484,37.7,4.6,9.7,40.5,16.9746867189471,13.7987511284833,7.19726915034388,,,,,4.87807989120483,,,
TON,Tonga,TO,2009,2914.23774004564,0.312415028446112,37.5,3.6,10.8,45.4,13.4202321185771,10.8421392696067,5.61971457988931,,,,,,,,
TON,Tonga,TO,2015,4123.90347238813,0.437525538903019,33.5,4.0,15.1,55.3,11.9355158359692,9.61349430690632,5.18040383515085,,,,,,30.2267583338092,,
TON,Tonga,TO,2021,4912.57966349119,0.518228028701685,27.1,0.4,1.8,26.7,10.4759865489596,8.44691840526723,4.58643248140625,,,,,5.162544372426,36.0759029323172,,
TUN,Tunisia,TN,2000,2199.04465936314,21.4735281607782,40.8,10.5,22.1,57.3,29.184614609627,23.917708395077,17.1869618243666,7.81,16.8,3.5,2.9,6.20196008682251,25.0212343799901,,
TUN,Tunisia,TN,2005,3146.8260743927,32.2721866948043,37.7,5.9,14.5,49.0,21.5986492069974,18.8564123852108,13.2825360377202,7.91,,,,6.4515700340271,26.1510353227771,,
TUN,Tunisia,TN,2010,4291.86120891575,46.2060919379628,38.5,3.1,8.2,34.6,18.7175889379685,16.6509771673462,12.0239698133205,8.04,,,,5.96306991577148,26.738524994179,,
TUN,Tunisia,TN,2015,4014.94773686432,45.7794940419294,32.8,0.7,2.8,23.7,18.2220956123766,16.0091671627594,12.1163060250893,8.16,,,,6.22044992446899,,,
TUN,Tunisia,TN,2021,3906.93926319391,47.0732343591819,33.7,0.7,2.4,20.7,14.962827035401,12.5146593278842,9.73346914956133,,,,,6.67984656240779,,,
TUR,Turkiye,TR,2002,3583.19745897158,240.249071871106,41.4,7.6,17.7,50.5,32.2213895264616,26.5105004257219,15.9698787423929,15.55,,,,,,,
TUR,Turkiye,TR,2003,4637.88218501529,314.595572145767,42.2,10.0,19.8,54.3,29.8771155541777,24.5664350852755,14.8071818377038,15.4,,,,,,,
TUR,Turkiye,TR,2004,5960.77898909049,408.865430220331,41.3,6.6,13.9,41.0,27.6944277255681,22.7550781101965,13.7427196860072,15.22,22.7,5.4,1.3,,,,
TUR,Turkiye,TR,2005,7303.01388860245,506.314717661655,42.6,6.5,13.2,38.9,25.6769264932539,21.0898722728164,12.7532470977726,15.04,,,,,,,
TUR,Turkiye,TR,2006,7953.07848024969,557.076157773479,39.6,4.8,11.2,35.9,23.8036235948309,19.5430583268877,11.8321626609144,14.88,,,,,,,
TUR,Turkiye,TR,2007,9711.22376120832,681.321124295913,38.4,4.0,9.5,31.5,22.1034715659048,18.1407331566854,10.9614695058276,14.75,,,,,,,
TUR,Turkiye,TR,2008,10843.5036940489,770.449132861373,39.0,3.3,8.2,26.9,20.551332441788,16.8674437061539,10.1671515135441,14.64,27.0,5.1,1.6,,30.3401672410523,,
TUR,Turkiye,TR,2009,9012.99945793034,649.289324627732,39.0,3.0,7.0,28.0,19.1642919166752,15.7258652678773,9.44349164031213,14.51,,,,,35.5678145437389,,
TUR,Turkiye,TR,2010,10622.7020439723,776.96726630553,38.8,2.8,6.5,26.3,17.900353470032,14.6899828576916,8.78421124230587,14.36,,,,,32.8762824550817,,
TUR,Turkiye,TR,2011,11300.7852215681,838.78528969435,40.0,2.0,5.7,23.8,16.7799457620155,13.7728850635894,8.19500417861407,14.19,,,,4.221519947052,30.3387665314319,,
TUR,Turkiye,TR,2012,11713.2849831139,880.555885492269,40.2,1.7,5.0,22.3,15.7713122823347,12.9499648318624,7.67688621248872,14.01,,,,4.38721990585327,29.5802922093597,,
TUR,Turkiye,TR,2013,12578.1878632,957.79912000832,40.2,1.5,4.2,20.6,14.8659553622141,12.2136542729843,7.22165350935676,13.84,18.9,4.5,1.9,4.34481000900269,29.1213621409762,,
TUR,Turkiye,TR,2014,12165.220135038,938.934609296966,41.2,1.0,4.0,20.3,14.0478088307943,11.5493077124252,6.8383422578833,13.68,,,,4.41258001327515,29.3775784216453,,
TUR,Turkiye,TR,2015,11049.9951100942,864.313810469009,42.9,1.3,4.1,21.0,13.3106520989299,10.9526136147272,6.51840730140461,13.53,,,,4.30550003051758,28.8819262840793,,
TUR,Turkiye,TR,2016,10970.0458948862,869.682881593041,41.9,0.9,3.0,18.6,12.6462067551836,10.4178667032304,6.2533463735581,13.38,,,,4.62773990631104,30.6454877440116,,
TUR,Turkiye,TR,2017,10695.550196231,858.988492853742,43.5,1.1,2.8,16.7,12.0433825875433,9.93694115173641,6.03308924974104,13.25,,,,4.32368993759155,31.7322423517169,,
TUR,Turkiye,TR,2018,9568.83506330228,778.972108040602,42.4,1.0,2.6,15.6,11.4929944183917,9.49745406558467,5.83015323775196,13.12,9.9,1.0,1.2,4.29729986190796,33.5436544316448,,
TUR,Turkiye,TR,2019,9215.44049888114,761.005915750925,43.8,1.3,3.0,15.9,10.9857038218174,9.08597284015199,5.63241884645156,13.0,,,,4.44776010513306,35.571638976975,,
TUR,Turkiye,TR,2020,8638.73903848102,720.338490327248,43.0,1.1,3.0,15.0,10.5193889576046,8.71295230285644,5.42891961341979,12.9,,,,4.03382015228271,34.0682450532239,,
TUR,Turkiye,TR,2021,9743.21277804855,819.865223976115,44.4,0.9,2.3,12.9,10.0723565627864,8.35421791833297,5.22143586131442,,,,,3.53787994384766,30.9404133076921,,
TUR,Turkiye,TR,2022,10674.504157865,907.118434653505,44.5,0.5,1.2,10.8,9.64395251665457,8.01345638966187,5.00530435624461,,,,,3.09572005271912,29.6704625002631,,
TUV,Tuvalu,TV,2010,3024.8170790571,0.0321054084771121,39.1,9.0,21.2,60.6,31.4411840437129,26.7117887744436,16.3566264915244,,,,,,,,
TZA,Tanzania,TZ,2000,401.698150634766,13.3717670817428,37.3,86.9,94.0,99.4,128.394493419732,85.3333548054791,32.8053130280408,12.01,,,,,,,
TZA,Tanzania,TZ,2007,543.198303222656,21.8604348234808,40.3,61.9,77.9,94.7,81.5553292860045,55.5988226348683,26.3450678050033,11.09,,,,4.03342008590698,,,
TZA,Tanzania,TZ,2011,775.392761230469,34.6571400964835,37.8,51.5,72.0,92.9,65.0025943936641,46.5623537313503,24.3940475265143,10.63,37.5,15.0,6.3,4.57789905920015,14.3760474348585,,
TZA,Tanzania,TZ,2018,1023.10626220703,57.0037128920858,40.5,51.3,70.0,91.5,48.002032188302,36.0411155981415,23.059558808416,9.86,31.8,14.6,3.5,3.69960999488831,14.5748625993064,,
UGA,Uganda,UG,2002,241.984688408335,6.17856359112051,45.2,78.6,88.0,96.4,131.18903339542,81.4256824431942,30.5573845406254,,,,,,,,
UGA,Uganda,UG,2005,330.405402707025,9.23922176305793,42.9,72.4,84.2,95.8,106.969377979574,66.9733241559809,28.0702337863843,,,,,,,,
UGA,Uganda,UG,2009,798.947089938247,25.1278055666584,44.2,63.5,78.7,93.2,81.4460670345903,52.4295238054264,25.6894485803423,,40.9,17.3,5.1,,,,
UGA,Uganda,UG,2012,795.222867553127,27.3059159107877,41.0,56.2,73.6,92.4,66.6845356200903,44.1331692880995,23.997499340611,,36.3,12.7,4.8,1.79746997356415,,,
UGA,Uganda,UG,2016,752.696571725656,29.2039886962626,42.8,60.1,75.6,92.9,52.4809769518803,36.4020480581854,21.3572500476947,,30.2,11.0,3.6,2.13789010047913,11.3130644156105,1.679657220840454,
UGA,Uganda,UG,2019,822.171150141651,35.3530610079635,42.7,59.8,76.3,93.6,45.307571885933,31.7129519938309,19.6523582416195,,,,,2.30828081242322,13.5150737617182,,
UKR,Ukraine,UA,2002,903.011901855469,43.9561636120433,29.0,6.3,20.0,70.0,16.6096508636542,16.0147932544831,9.9307472462691,6.13,,,,5.24006986618042,27.963614644355,,
UKR,Ukraine,UA,2003,1076.48156738281,52.0103557530461,28.7,3.2,12.9,62.7,15.821552817191,15.2700145949402,9.41929259233,6.08,,,,5.4001898765564,28.6413191646085,,
UKR,Ukraine,UA,2004,1401.01806640625,67.2201541643166,28.9,2.8,9.7,53.3,15.0976946543056,14.5865619683979,8.97194774654113,6.03,,,,5.12376022338867,31.8375920166469,,
UKR,Ukraine,UA,2005,1875.33508300781,89.2388651185263,29.0,1.1,4.9,39.2,14.4819267759545,14.005102783041,8.58518402237583,5.98,,,,5.84819984436035,34.794358497786,,
UKR,Ukraine,UA,2006,2366.494140625,111.884752475248,29.8,0.7,3.7,34.2,13.9513539599001,13.5062162139615,8.2584585219922,5.95,,,,5.97945976257324,35.4353135652316,,
UKR,Ukraine,UA,2007,3160.32763671875,148.733861386139,27.0,0.5,2.8,34.6,13.4376994607329,13.0204886174292,7.95797333896692,5.93,,,,5.90244007110596,33.5385418303142,,
UKR,Ukraine,UA,2008,4017.806640625,188.110390659515,26.6,0.1,1.3,23.6,12.8872536414448,12.4934021308685,7.62797422057108,5.93,,,,6.15242004394531,35.7030396066285,,
UKR,Ukraine,UA,2009,2607.08764648438,121.552153444124,25.3,0.3,1.4,27.5,12.3029013757603,11.9329122258594,7.28720727093144,5.95,,,,7.05074977874756,39.2607719615392,,
UKR,Ukraine,UA,2010,3039.63232421875,141.209170427233,24.8,0.1,0.7,22.0,11.7226398266446,11.3761363804377,6.94345439548245,5.96,,,,,39.5439524891017,,
UKR,Ukraine,UA,2011,3656.69799804688,169.333835201554,24.6,0.1,0.6,18.5,11.167481474975,10.8419819094583,6.61509921749616,5.96,,,,5.93770980834961,36.8763128364085,,
UKR,Ukraine,UA,2012,3951.34228515625,182.591753827949,24.7,0.1,0.5,16.5,10.6540272021422,10.3479881333398,6.3107464289311,5.97,,,,6.44269990921021,39.5379741977224,,
UKR,Ukraine,UA,2013,4129.89697265625,190.498811460028,24.6,0.1,0.3,12.5,10.1962894195357,9.90892287671885,6.03334935761785,5.96,,,,6.41989994049072,38.6815940819239,,
UKR,Ukraine,UA,2014,3054.908203125,133.503871861723,24.0,0.0,0.3,13.8,9.79127560618125,9.51853726771138,5.78630605518625,5.91,,,,5.87493991851807,43.5407000374941,,
UKR,Ukraine,UA,2015,2094.47387695313,91.0309677890717,25.5,0.3,1.2,22.7,9.44202461724269,9.18175252426241,5.57128438285188,5.7,,,,5.33951727495092,37.3687532184352,,
UKR,Ukraine,UA,2016,2158.46118164063,93.3558694039223,25.0,0.2,1.1,21.6,9.14504759283109,8.89554813142984,5.39946961209232,5.72,,,,5.00977993011475,33.5044167207813,,
UKR,Ukraine,UA,2017,2604.28759765625,112.090505081739,26.0,0.1,0.7,17.0,8.89571386226811,8.65503043166557,5.25136321539346,5.73,,,,5.41707992553711,33.6062064378191,,
UKR,Ukraine,UA,2018,3059.0517578125,130.89108829355,26.1,0.2,0.6,14.7,8.68201817932999,8.45024897024448,5.1247510976882,5.73,,,,5.3199200630188,33.4087191126581,,
UKR,Ukraine,UA,2019,3619.86157226563,153.883047509576,26.6,0.2,0.3,10.6,8.50168274503569,8.27739238240678,5.01951168598784,5.73,,,,5.44129991531372,33.057438930624,,
UKR,Ukraine,UA,2020,3709.76928710938,156.617722013342,25.6,0.0,0.2,11.3,8.35464366988642,8.13661858331317,4.93984718655016,5.73,,,,5.38231992721558,37.2092047751482,,
URY,Uruguay,UY,2000,6987.70098766257,22.8232708921094,43.4,0.8,2.0,11.7,17.002095042035,14.7282883469016,8.42346647889158,8.41,,,,2.42254996299744,26.5509318784844,,
URY,Uruguay,UY,2001,6382.76104740859,20.8987617422386,45.0,0.7,2.4,14.0,16.5501552549256,14.3195889562926,8.33576820451578,8.44,,,,2.80096006393433,27.2702030108606,,
URY,Uruguay,UY,2002,4149.76140312687,13.6065157225864,45.5,1.1,3.3,18.3,16.1893311072228,13.9902452632695,8.24405984685887,8.46,14.7,5.4,2.4,2.32220005989075,27.8910991697021,,
URY,Uruguay,UY,2003,3671.12329256883,12.0456383518507,45.0,1.5,4.4,24.3,15.7708567336086,13.6114879209263,8.06908098324714,8.47,17.2,5.0,1.7,2.0682098865509,27.9127259961418,,
URY,Uruguay,UY,2004,4168.66065438387,13.6863298901191,45.9,1.7,5.7,25.0,15.1642669257945,13.0713932576474,7.74437869688091,8.44,13.9,6.0,3.0,2.49954009056091,26.5917253076624,,
URY,Uruguay,UY,2005,5284.25677987129,17.3628576838545,44.7,1.5,4.7,22.5,14.3958311825007,12.3922574175894,7.27582573069607,8.39,,,,2.71475005149841,26.5571821460886,,
URY,Uruguay,UY,2006,6001.33294783172,19.7414207398901,45.9,1.0,3.6,22.1,13.549368581231,11.645964312675,6.69721112728943,8.33,,,,2.85664010047913,26.6435810165771,,
URY,Uruguay,UY,2007,7222.05403645877,23.7977730243992,46.4,0.7,2.9,19.4,12.7062937145055,10.9046439918404,6.08979328235957,8.26,11.8,3.9,1.4,,26.0616997001223,,
URY,Uruguay,UY,2008,9423.96562595893,31.1196025388322,45.1,0.4,1.8,14.6,11.9402226884189,10.2306559801284,5.54613351301134,8.19,,,,,24.9831658197862,,
URY,Uruguay,UY,2009,9881.39573127081,32.7083190775179,45.5,0.4,1.8,13.4,11.3030560451378,9.66881018894854,5.15526670002642,8.14,,,,,28.2002665421058,,
URY,Uruguay,UY,2010,12641.0576849008,41.950361211958,44.5,0.3,1.3,11.9,10.7931261739911,9.2175882497718,4.93680614541129,8.09,,,,,28.2518723908528,,
URY,Uruguay,UY,2011,15132.2675725587,50.3424060670777,42.2,0.2,1.0,8.4,10.3804661501567,8.84961596821368,4.88614669628167,8.05,11.7,3.9,0.6,4.14937019348145,27.7352832980739,,Very_Low
URY,Uruguay,UY,2012,16259.5940814256,54.2322663587811,39.9,0.3,1.1,7.8,10.0414178946479,8.54501592355689,4.96796431108195,8.02,,,,4.09353338283242,28.8425661023934,,
URY,Uruguay,UY,2013,18335.2594772322,61.3376219337857,40.5,0.3,0.8,7.2,9.70827467697594,8.2459014417927,5.06107862168949,7.99,5.0,1.1,1.1,4.23892021179199,29.2703887862228,,
URY,Uruguay,UY,2014,18322.4276767157,61.496186973902,40.1,0.2,0.7,6.2,9.33366887057679,7.91144337697729,5.0615979285198,7.96,,,,4.26735019683838,29.5808927457727,,
URY,Uruguay,UY,2015,17125.9016800298,57.6803279986689,40.1,0.2,0.7,5.9,8.92141573433228,7.54461457248955,4.99785913578475,7.93,,,,4.20636987686157,29.5758720947321,,
URY,Uruguay,UY,2016,17009.7584207276,57.4807874652716,39.7,0.1,0.6,5.6,8.49097786321392,7.16208296616538,4.93769163435424,7.9,10.8,3.3,0.8,4.36420011520386,35.2210254750392,,
URY,Uruguay,UY,2017,19184.6502617082,65.0059979634822,39.5,0.1,0.4,4.5,8.068891587351,6.78838594108868,4.91066581152517,7.87,,,,4.41787004470825,31.2481222232683,,
URY,Uruguay,UY,2018,19249.9404677501,65.3445774157535,39.7,0.1,0.4,4.9,7.69318423675886,6.45395267035439,4.88191407371644,7.85,6.9,1.8,1.4,4.60361003875732,31.913342812641,,
URY,Uruguay,UY,2019,18315.7316980028,62.2223136188454,39.7,0.1,0.4,5.0,7.38788762872325,6.18158279171021,4.82372222431292,7.83,,,,4.62833976745605,32.0674084420152,,
URY,Uruguay,UY,2020,15757.5355995779,53.559359261826,40.2,0.3,0.7,7.1,7.14601889175467,5.9616848094562,4.72151156138166,7.8,,,,4.54292011260986,34.6908132172211,,
URY,Uruguay,UY,2021,17881.818721099,60.7390842408633,40.8,0.2,0.5,6.7,6.9568388803395,5.78713643647772,4.55798510179838,,,,,4.46065998077393,31.732289978428,,
URY,Uruguay,UY,2022,20818.6146091144,70.5941109200358,40.6,0.2,0.7,6.3,6.80486944839444,5.64521024569605,4.33335073093835,,,,,4.5073299407959,36.2885816637948,,
URY,Uruguay,UY,2023,23019.4221560046,77.9916668377382,40.9,0.2,0.7,6.6,6.66247086496002,5.51429325659201,4.10564674030262,,,,,4.81125020980835,37.0207453769907,,
URY,Uruguay,UY,2024,23906.5133029408,80.9615110735797,40.0,0.2,0.5,5.9,10.3804661501567,,,,,,,,,,
USA,United States,US,2000,36329.9702595751,10250.952,40.1,0.7,1.0,1.7,8.44940974508615,7.12002028101249,4.64135524418587,7.85,3.2,1.1,0.5,,17.9265301408103,,
USA,United States,US,2001,37133.6203973517,10581.929,40.6,1.0,1.0,2.0,8.33239824719795,7.03349377154814,4.62440029656974,7.87,,,,,19.5097642405274,,
USA,United States,US,2002,37997.7424300242,10929.108,40.4,1.0,1.0,2.0,8.23098415883608,6.96010927248707,4.62593708472229,7.89,3.1,0.8,0.3,,20.0840187506611,,
USA,United States,US,2003,39490.3023903176,11456.45,40.8,1.0,1.2,2.0,8.14164788500611,6.89615562490795,4.61799814577719,7.92,,,,,20.6606182543458,,
USA,United States,US,2004,41724.6411982614,12217.196,40.5,1.0,1.2,2.0,8.05507238902549,6.83336431960437,4.57037553590448,7.94,2.9,1.3,0.7,,20.4485309067645,,
USA,United States,US,2005,44123.3996470026,13039.197,41.3,1.0,1.2,2.0,7.96272217791188,6.76482752021037,4.48793574013374,7.96,,,,,20.7451064662954,,
USA,United States,US,2006,46301.9876485519,13815.583,41.7,1.0,1.2,2.0,7.85829501433742,6.68431593018859,4.39709356250422,7.99,3.1,0.7,0.9,,20.5951410085264,,
USA,United States,US,2007,48050.227412195,14474.228,41.1,1.0,1.2,2.0,7.73693212846894,6.58770662978991,4.3138575482943,8.02,,,,,20.8646436963685,,
USA,United States,US,2008,48570.0594269601,14769.862,41.1,1.0,1.2,2.0,7.59836335159598,6.47459893423974,4.2354687651659,8.06,2.3,0.7,0.6,,22.7876198166239,,
USA,United States,US,2009,47194.9500893872,14478.067,40.8,1.0,1.2,2.0,7.45238376893709,6.35424155622133,4.16049750471908,8.09,,,,,25.5765165335953,,
USA,United States,US,2010,48642.6312088213,15048.971,40.2,1.2,1.2,2.2,7.30653535707454,6.232944984768,4.09929113512869,8.12,2.8,1.0,0.1,,26.0545933672143,,
USA,United States,US,2011,50024.8812320773,15599.732,41.2,1.0,1.2,2.2,7.16630682950133,6.11457722930665,4.06108341353711,8.14,,,,,25.3456995286842,,
USA,United States,US,2012,51708.3940614082,16253.97,41.2,1.0,1.2,2.2,7.04107752764411,6.00804691995122,4.04584430799588,8.15,2.2,0.5,0.3,,23.9119039840728,,
USA,United States,US,2013,53297.3862901595,16880.683,40.9,1.0,1.2,2.0,6.93340036484998,5.91620286566584,4.02162239745922,8.17,,,,,22.8814639786791,,
USA,United States,US,2014,55153.3940182967,17608.138,41.7,1.2,1.5,2.2,6.83796294266274,5.83421791710055,3.95721650092425,8.18,2.4,0.7,0.3,,22.6100726834376,,
USA,United States,US,2015,56849.4697923159,18295.019,41.5,1.2,1.5,2.2,6.75146689041012,5.75822879782482,3.87353931021368,8.18,,,,4.93063020706177,22.3735356601707,,
USA,United States,US,2016,57976.628204291,18804.913,41.3,1.2,1.2,2.0,6.67277381127123,5.68857742347934,3.8139152050791,8.19,3.5,1.4,0.4,4.78327989578247,22.4159218391492,,
USA,United States,US,2017,60047.7190728307,19612.102,41.4,1.2,1.5,2.2,6.6009133345531,5.62379916013762,3.7928769951406,8.2,,,,5.09296989440918,22.1406996557534,,
USA,United States,US,2018,62875.6661382728,20656.516,41.8,1.0,1.2,2.0,6.53948458564537,5.56757017938005,3.77425426002729,8.22,3.4,0.4,0.1,4.89502000808716,22.1694791125473,,
USA,United States,US,2019,65227.9565911038,21539.982,41.9,1.0,1.2,1.7,6.4926047402942,5.52296914555808,3.72196933083094,8.24,,,,4.95746994018555,22.514337755714,,
USA,United States,US,2020,64401.5074354212,21354.105,40.0,0.5,0.5,1.5,6.46878461763762,5.4977093963284,3.63811577117753,8.26,,,,5.39531993865967,31.8281473281133,,
USA,United States,US,2021,71307.4017277218,23681.171,39.7,0.5,0.5,1.0,6.46297030376375,5.48771621404056,3.54037649339663,,,,,5.42038011550903,31.3034760823272,,
USA,United States,US,2022,77860.9112908848,26006.893,41.7,1.2,1.5,2.2,6.47009706013987,5.48853616183257,3.44422214118531,,3.8,,0.1,,24.658458048026,,
USA,United States,US,2023,82304.6204272866,27720.709,41.8,1.2,1.5,2.0,6.47895139752497,5.49173809538993,3.36607165791089,,,,,,24.5133766239529,,
UZB,Uzbekistan,UZ,2000,555.149231099186,13.760513969314,35.9,93.8,97.4,99.6,61.4993953451037,55.1393977482871,28.4450383144618,5.47,,,,,,,
UZB,Uzbekistan,UZ,2002,381.409296889283,9.68778851280184,33.0,93.1,97.2,99.6,55.7363453484014,50.3393036558219,26.7075472195184,5.55,28.1,8.1,7.9,,,,
UZB,Uzbekistan,UZ,2003,394.164028897235,10.1344534354603,35.2,93.3,97.2,99.7,52.5063668482208,47.6001400571072,25.6452202733619,5.59,,,,,,,
UZB,Uzbekistan,UZ,2021,2258.51964119278,77.3400600030347,32.9,4.4,9.1,38.1,14.3919293261576,13.6601199936775,8.1771529246048,,7.7,2.1,3.0,4.13580989837646,22.9539537188575,,
UZB,Uzbekistan,UZ,2022,2578.66689394219,90.0959265674359,31.2,4.4,8.3,32.4,13.8365459188065,13.1474732729263,7.88896539597637,,,,,5.23477171022152,23.0754381727755,,
UZB,Uzbekistan,UZ,2023,2878.96879292451,102.641879248764,34.5,4.1,7.3,24.6,13.320604397952,12.6686199385333,7.61803824417263,,,,,5.47287597270024,23.4077199970825,,
UZB,Uzbekistan,UZ,2024,3161.70010632875,114.965293466611,34.6,2.7,5.1,20.7,10.3804661501567,,,,,,,,,,
VEN,"Venezuela, RB",VE,2001,4920.39313600453,122.911036746729,47.2,14.7,24.9,55.3,20.8609954082409,17.0177536473649,10.2663592538223,8.75,17.3,4.0,4.4,,,,
VEN,"Venezuela, RB",VE,2002,3652.09896501865,92.8935877336549,48.9,22.1,34.0,64.7,20.3383552872348,16.6218796615564,9.84665548742916,8.78,17.6,4.2,4.8,,,,
VEN,"Venezuela, RB",VE,2003,3229.50557082079,83.6206285821082,47.9,27.1,39.8,70.8,19.7843636031922,16.2118932445648,9.87692916400238,8.82,17.7,4.6,5.2,,,,
VEN,"Venezuela, RB",VE,2004,4269.08970872392,112.451400424964,47.3,22.8,34.2,65.7,19.1485157904967,15.7448066095487,10.1504011928674,8.85,17.1,4.5,5.2,,,,
VEN,"Venezuela, RB",VE,2005,5432.4854184654,145.513489651872,49.3,18.1,27.2,55.7,18.4998636300869,15.2716014440738,10.3091673232644,8.87,16.2,4.1,4.8,,,,
VEN,"Venezuela, RB",VE,2006,6739.38065342219,183.477522123894,44.7,9.7,16.4,43.3,17.9079240345719,14.848556195022,10.2140552606047,8.89,16.2,3.9,4.8,3.66905999183655,,,
VNM,Viet Nam,VN,2002,445.132861817313,35.0641055008343,37.0,43.3,65.0,89.6,27.435575045738,19.8960352518016,13.7222484588862,9.47,37.5,23.3,8.8,,,,
VNM,Viet Nam,VN,2004,565.452284586212,45.4278546932554,36.8,30.9,53.4,85.4,25.7077285431798,18.6032581895307,12.8338516919189,9.09,33.7,23.6,11.2,,,,
VNM,Viet Nam,VN,2006,807.756645117054,66.3716648170436,35.8,23.7,43.9,81.8,24.455556137332,17.6507515168771,12.2792583447916,8.75,31.7,21.9,9.8,,,,Low
VNM,Viet Nam,VN,2008,1163.83195772873,99.1303040991274,35.6,17.6,38.8,79.0,23.6186981307056,16.9907043814513,11.96376977443,8.4,30.8,20.5,9.4,4.88674020767212,,,
VNM,Viet Nam,VN,2010,1683.16182443979,147.201173196979,39.3,5.2,13.7,49.6,23.0546584620282,16.5278370550236,11.7484344903413,8.02,22.7,11.7,4.1,4.04593992233276,,,
VNM,Viet Nam,VN,2012,2185.11767654291,195.590661129248,35.6,3.7,9.9,43.2,22.6129833952948,16.1516941621683,11.547136754566,7.64,26.7,16.2,6.7,4.40817022323608,,,
VNM,Viet Nam,VN,2014,2546.38464459903,233.451469642519,34.8,3.4,8.6,37.9,22.1782258243758,15.7676263039881,11.3358860924823,7.27,24.9,14.5,6.8,3.54012312110584,,,
VNM,Viet Nam,VN,2016,2735.0604380416,257.096001177982,35.3,2.5,6.2,29.8,21.7506583527665,15.3909978630933,11.1239552073855,6.92,24.3,13.8,,3.46906995773315,,,
VNM,Viet Nam,VN,2018,3222.31003125366,310.106478394659,35.7,2.2,5.2,24.2,21.3677350694483,15.0479121579726,10.9115744183649,6.59,23.2,12.8,5.4,3.29537010192871,,,
VNM,Viet Nam,VN,2020,3534.03953482647,346.615738537796,36.8,1.3,3.7,20.4,20.9729070951574,14.7009949884997,10.7299645595424,6.31,19.6,11.5,4.7,3.21652900152514,,,
VNM,Viet Nam,VN,2022,4147.69777213621,413.445230668578,36.1,1.6,4.2,21.5,20.4336736239713,14.2789260677252,10.4652555991825,,18.9,10.2,4.4,2.88738689372749,,,
VUT,Vanuatu,VU,2010,2815.18828985779,0.670712979682037,37.4,25.7,44.4,82.0,21.1961259806829,17.3291387476547,9.61522109863481,12.62,,,,,23.2458920548957,,
VUT,Vanuatu,VU,2019,3207.44650452083,0.936526267622513,32.3,19.5,36.9,81.3,17.8405011371154,14.9122594257088,9.8866870275737,13.05,,,,1.77407002449036,27.8408806021405,,
WSM,Samoa,WS,2002,1527.55790455937,0.281790134211972,40.7,5.9,15.0,51.8,20.0333935041483,15.5318041632677,8.19732123343765,,,,,3.93932008743286,,,
WSM,Samoa,WS,2008,3373.60639884263,0.641346191664776,42.0,3.7,12.3,49.6,19.3442465037451,15.1942963145574,7.75405491316516,,,,,5.11659002304077,,,
WSM,Samoa,WS,2013,4023.5254013825,0.797736334281305,38.7,4.5,11.5,49.4,18.9251899384527,15.043567389698,7.58983914721681,,,,,4.61486064947671,28.7514695428958,,
XKX,Kosovo,XK,2003,7972.5366498646,,29.0,11.7,33.5,81.3,36.6321082163,33.1242484730158,23.1268925593471,,,,,,,,
XKX,Kosovo,XK,2005,7972.5366498646,,31.2,14.3,32.8,78.1,30.5312424732848,27.6890336287678,19.7052258185861,,,,,,,,
XKX,Kosovo,XK,2006,7972.5366498646,,30.3,13.5,32.5,79.6,27.9349399387976,25.3736675653229,18.2653064890164,,,,,,,,
XKX,Kosovo,XK,2009,2794.86699473069,5.01589469297027,31.8,10.5,26.0,73.6,21.7356446085111,19.8009386804838,14.8056787194929,,,,,,,,
XKX,Kosovo,XK,2010,2987.54519574464,5.34395055607184,33.3,10.6,26.1,71.1,20.1003404921733,18.3232020575055,13.9033509458797,,,,,,,,
XKX,Kosovo,XK,2011,3538.94759838576,6.34161360997976,27.8,6.6,20.0,72.2,18.6640457899735,17.0237719159339,13.0537510070742,,,,,,,,
XKX,Kosovo,XK,2012,3410.65550749316,6.16348424463408,29.0,3.9,12.4,59.4,17.3949038728543,15.8707097284189,12.248294452862,,,,,,,,
XKX,Kosovo,XK,2013,3704.55872781672,6.7353286096594,26.3,2.2,8.0,58.5,16.2589151371889,14.8380312950632,11.5214483851395,,,,,,,,
XKX,Kosovo,XK,2014,3902.49424360946,7.07439473488431,27.3,3.3,11.0,57.5,15.2231639852991,13.890450785785,10.8445622434998,,,,,,,,
XKX,Kosovo,XK,2015,3520.62850699375,6.29584842271572,26.5,2.4,7.6,54.1,14.2836729096303,13.0347684030048,10.2393847809853,,,,,,,,
XKX,Kosovo,XK,2016,3759.44959067104,6.68267728998994,26.7,2.0,8.5,53.4,13.429571765887,12.2547060241529,9.69771147169291,,,,,,,,
XKX,Kosovo,XK,2017,4009.31799347588,7.18076470335718,44.2,15.2,22.2,49.5,12.613856878963,11.508801635902,9.20625438852386,,,,,,,,
XKX,Kosovo,XK,2018,4384.18624084947,7.87875971482322,44.6,20.7,28.1,54.7,11.8593170464475,10.8171339077555,8.74080867714049,,,,,,,,
XKX,Kosovo,XK,2019,4415.99716107514,7.89973757747286,40.2,11.3,15.7,38.3,11.1507332141789,10.1755584972997,8.29729854550338,,,,,,,,
XKX,Kosovo,XK,2020,4310.89065548799,7.71714521781247,57.4,16.8,21.6,38.9,10.518500201971,9.60533106904801,7.87831177601458,,,,,,,,
XKX,Kosovo,XK,2021,5270.42965289833,9.41340372401899,49.4,25.0,28.4,47.0,9.96596173727163,9.1085407158742,7.49268974658178,,,,,,,,
XKX,Kosovo,XK,2022,5290.94747224687,9.35490306188979,38.3,10.0,14.9,38.2,9.51026416242216,8.69911752652018,7.1466643443882,,,,,,,,
YEM,"Yemen, Rep.",YE,2005,734.159908450927,16.7315667171888,34.7,21.4,43.8,85.1,70.6331413119859,58.7440098565271,31.3087690262122,,60.8,38.6,13.9,,,,
YEM,"Yemen, Rep.",YE,2014,1430.1642096418,43.2285853213737,36.7,33.3,57.7,88.0,48.3922201768287,41.4866162228929,24.6393017490422,,,,,,,,
ZAF,South Africa,ZA,2000,3217.84693448467,151.752757215309,57.8,47.9,59.3,78.5,71.0658259726498,46.898479960876,13.5293116468755,17.18,,,,4.90881013870239,24.4358091522258,,
ZAF,South Africa,ZA,2005,5836.87663325127,288.867217196534,64.8,42.1,56.2,75.6,80.2723640119252,47.8840432834522,12.2923213718554,16.98,,,,4.52449989318848,25.6017227017192,,
ZAF,South Africa,ZA,2008,6184.75474328399,316.131258616309,63.0,30.3,44.0,67.1,64.1783193914082,40.6070024603109,12.7442906661776,16.79,25.0,9.1,5.4,4.37424993515015,27.1771183464084,,
ZAF,South Africa,ZA,2010,7973.47195771517,417.363822801713,63.4,29.5,42.8,65.8,50.0102548097657,35.4076241689307,12.5069041425384,16.7,,,,5.13497018814087,29.5775128260769,,
ZAF,South Africa,ZA,2014,6856.73137092522,381.198869776106,63.0,31.2,44.5,66.2,39.5766151664477,30.883774839655,11.6910733373627,16.6,,,,5.48977994918823,31.9053501556958,,
ZMB,Zambia,ZM,2002,393.864625518616,4.19385044542632,42.1,68.0,81.9,95.7,133.679002267088,78.7962524551957,31.7256306600533,12.94,57.4,25.2,6.0,,14.1723814032495,,
ZMB,Zambia,ZM,2004,548.685974566277,6.22111021945542,54.3,68.9,79.2,92.7,113.690175086098,66.7088884573417,29.1320608779893,12.75,,,,2.46342992782593,17.4458663383882,,
ZMB,Zambia,ZM,2006,1051.71714895686,12.7568588992812,54.6,72.0,81.5,93.3,97.1074867703877,57.4571684066335,27.2002314571038,12.57,,,,,14.2354148398887,,
ZMB,Zambia,ZM,2010,1451.10616017155,20.2655594838548,52.0,71.4,81.4,93.5,75.6772230473812,48.9803757620544,25.741453936044,12.21,,,,3.41600445393739,14.6688561532361,,
ZMB,Zambia,ZM,2015,1295.87788680068,21.2512167987762,55.8,67.9,78.4,92.0,61.5308418153794,42.4535246171983,24.6572119772281,11.78,,,,4.62433004379272,23.233787759937,,
ZMB,Zambia,ZM,2022,1447.12310138035,29.1637821404858,51.5,71.7,81.4,94.0,46.6667058292698,32.1992117009723,22.3684268540516,,,,,3.65884092023983,,,
ZWE,Zimbabwe,ZW,2011,1037.24613741902,14.1018010305739,43.2,35.7,53.5,83.2,78.8333525312736,64.6996838082649,28.8963651570677,12.28,,,,,19.0771549950937,,
ZWE,Zimbabwe,ZW,2017,3448.08699068824,51.0747264840037,44.3,44.7,61.8,85.5,54.9537976143069,49.1832938799334,25.4161151559135,12.01,,,,2.00339007377625,9.78276662473592,,
ZWE,Zimbabwe,ZW,2019,1683.91313584141,25.7156571774682,50.3,49.2,64.6,86.2,51.0625687914726,45.9626636367322,24.419400290217,11.89,25.6,9.7,2.8,,,,
