country_id,country_name,iso2_code,year,gdp_per_capita_current_usd,gdp_billions_usd,gini_index,poverty_headcount_3_dollars_pct,poverty_headcount_4_dollars_pct,poverty_headcount_8_dollars_pct,under5_mortality_rate,infant_mortality_rate,neonatal_mortality_rate,low_birth_weight_pct,stunting_pct,underweight_pct,wasting_pct,education_spending_pct_gdp,govt_expense_pct_gdp,child_poverty_pv_chld_dprv-avg-hs,child_poverty_pv_level,high_child_mortality
AFG,Afghanistan,AF,2000,174.930991430166,3.52141805992345,,,,,131.657157978551,110.075927013911,62.2209783106706,,,,,,,,,1
AFG,Afghanistan,AF,2001,138.706821676113,2.81357175387253,,,,,127.43069189028,106.984454876827,60.9703103030384,,,,,,,,,1
AFG,Afghanistan,AF,2002,178.954088379235,3.82570143899963,,,,,123.141506019622,103.848381844148,59.7026327543622,,,,,,,,,1
AFG,Afghanistan,AF,2003,198.871115728727,4.52094681854581,,,,,118.730969147329,100.570316534885,58.3335201823796,,,,,,,,,1
AFG,Afghanistan,AF,2004,221.763653873013,5.22489671867782,,,,,114.236603898831,97.1587280552667,56.9623050898981,,59.3,31.7,9.1,,,,,1
AFG,Afghanistan,AF,2005,254.184249149336,6.20325653870967,,,,,109.652677528117,93.6736990248834,55.4830029546327,,,,,,,,,1
AFG,Afghanistan,AF,2006,274.218553561575,6.97175828229351,,,,,105.085165623382,90.1034092191961,54.0260918423904,,,,,,20.5781737687622,,,1
AFG,Afghanistan,AF,2007,376.223152003876,9.74788618739393,,,,,100.671571322878,86.6805041425172,52.5581395651406,,,,,,24.2432588226125,,,1
AFG,Afghanistan,AF,2008,381.73323802844,10.1092970475432,,,,,96.3435507727454,83.2954013587799,51.0683130340729,,,,,,50.7192978736512,,,1
AFG,Afghanistan,AF,2009,452.053705477043,12.4161527320567,,,,,92.2038209758873,80.0043522056716,49.6170170761373,,,,,,44.3178392396772,,,1
AFG,Afghanistan,AF,2010,560.621505463146,15.8566685558336,,,,,88.3016065531302,76.9125943453988,48.1800513650919,,,,,3.4794499874115,50.8630045999057,,,1
AFG,Afghanistan,AF,2011,606.694676337726,17.8050982063141,,,,,84.6279303174023,73.998014628504,46.7999663452696,,,,,3.4620099067688,59.4847758807514,,,1
AFG,Afghanistan,AF,2012,651.417134470046,19.9073297775872,,,,,81.2085635895984,71.25966985415,45.4622644826037,,,,,2.60419988632202,42.3292514484608,,,1
AFG,Afghanistan,AF,2013,637.087099117099,20.1464167575987,,,,,78.0229918734882,68.6930828934933,44.1706703798089,,40.4,24.6,9.5,3.45445990562439,42.0936844468805,,,1
AFG,Afghanistan,AF,2014,625.054941813938,20.4971285556972,,,,,75.1236246205149,66.3582102487289,42.9385687522886,,,,,3.69521999359131,44.5892994893339,,,1
AFG,Afghanistan,AF,2015,565.569730408751,19.1342216447325,,,,,72.4387055392563,64.2148575973502,41.7925238921628,,,,,3.2558000087738,37.0225695736427,,,1
AFG,Afghanistan,AF,2016,522.082215583898,18.1165723950772,,,,,69.9700394426632,62.2540343988049,40.7558350356224,,,,,4.54397010803223,43.9227656125389,,,1
AFG,Afghanistan,AF,2017,525.469770891619,18.7534564978159,,,,,67.6373701487072,60.4012862167877,39.7444892046814,,,,,4.34319019317627,39.2201099807684,,,1
AFG,Afghanistan,AF,2018,491.337221382603,18.0532226874126,,,,,65.4298993690391,58.6303287666103,38.7498401236778,,38.2,19.1,5.1,,,,,1
AFG,Afghanistan,AF,2019,496.6025042585,18.7994444901128,,,,,63.3243188292192,56.9323652158575,37.8192856592319,,,,,,,,,1
AFG,Afghanistan,AF,2020,510.787063366811,19.9559290521496,,,,,61.3055387997174,55.2811528958762,36.9159529192457,,,,,,,,,1
AFG,Afghanistan,AF,2021,356.496214115892,14.2599954410759,,,,,59.3354287138306,53.6400462867373,36.004704806398,,,,,,,,,1
AFG,Afghanistan,AF,2022,357.261152798144,14.4972438721337,,,,,57.3906363339213,51.9853480853401,35.1672260651563,,44.6,18.4,3.6,,,,,1
AFG,Afghanistan,AF,2023,413.757894705303,17.1522346368715,,,,,55.5078635022773,50.3643978214245,34.2940719108859,,,,,,,,,1
AGO,Angola,AO,2000,563.733795571487,9.12959497015301,51.9,27.0,40.3,69.7,203.00848655977,115.039192847595,49.9132130193222,17.43,,,,2.60753011703491,21.8300194095745,,,1
AGO,Angola,AO,2001,533.586202412447,8.93607911773136,,,,,196.904770080173,111.861959602263,48.8529456628327,17.25,,,,,29.0157756429379,,,1
AGO,Angola,AO,2002,882.147847234303,15.285592370374,,,,,189.907281473446,108.149813594637,47.6984569780388,17.04,,,,,21.1229588884631,,,1
AGO,Angola,AO,2003,992.698979254665,17.8127045864397,,,,,182.248712037544,103.954551928915,46.3018090517824,16.85,,,,,25.9032762953933,,,1
AGO,Angola,AO,2004,1266.21086410236,23.5520576794994,,,,,173.781223560832,99.3138065334948,44.764393434198,16.67,,,,,16.1454402407842,,,1
AGO,Angola,AO,2005,1916.46842218625,36.9709008838109,,,,,165.020424417181,94.4445403976598,43.2635730782442,16.48,,,,2.12011003494263,20.8255646807053,,,1
AGO,Angola,AO,2006,2617.05196022633,52.3810251414268,,,,,155.467832201912,89.0523126701222,41.6770163162894,16.32,,,,2.28146004676819,19.0326436506387,,,1
AGO,Angola,AO,2007,3141.0459797605,65.2664154942584,,,,,146.019962595293,83.7580793842711,40.2825922017207,16.17,29.2,15.1,8.2,,20.8230172371605,,,1
AGO,Angola,AO,2008,4103.0669003635,88.5386650848634,42.7,22.1,38.2,71.7,136.960625413994,78.6636458590304,38.8831216685592,16.05,,,,,22.3855333293293,,,1
AGO,Angola,AO,2009,3136.64546955947,70.3071961816539,,,,,128.224894064044,73.6930639702663,37.4974857314255,15.95,,,,,25.5005028381804,,,1
AGO,Angola,AO,2010,3597.34293216332,83.7994740697315,,,,,119.819802447311,68.9336286432274,36.1976962747435,15.85,,,,3.42131996154785,25.6491757416689,,,1
AGO,Angola,AO,2011,4615.91059831778,111.78974767059,,,,,112.052809103521,64.4281478013458,34.9833189495826,15.77,,,,,26.671321487158,,,1
AGO,Angola,AO,2012,5086.02740086376,128.052915766343,,,,,104.790583095403,60.3502568896043,33.8309930378889,15.68,,,,3.08191085718142,23.4498300606546,,,1
AGO,Angola,AO,2013,5057.74787833163,132.339109040232,,,,,98.2897672855389,56.688560694991,32.6778827298772,15.6,,,,4.43894951297476,28.2092373749944,,,1
AGO,Angola,AO,2014,5005.9997412707,135.966802586713,,,,,92.7676862623897,53.6255897210859,31.6696402948324,15.54,,,,,27.967359355335,,,1
AGO,Angola,AO,2015,3213.90261080059,90.4964205065957,,,,,88.1532528514346,51.0760538777411,30.7236510024278,15.52,45.7,24.7,5.4,3.48689580393413,20.8188316179919,1.532751798629761,High,1
AGO,Angola,AO,2016,1807.95294072643,52.7616172259253,,,,,84.0566054622767,48.8880718202104,29.8419465599708,15.52,,,,2.75493664582725,17.5116639833286,,,1
AGO,Angola,AO,2017,2437.25971190821,73.6901549907312,,,,,80.472957582349,46.9781796451858,29.0761610959863,15.53,,,,2.46687881104886,16.671137232855,,,1
AGO,Angola,AO,2018,2538.59139143371,79.4506882593663,51.3,39.3,53.7,80.0,77.2545335368577,45.2736397345185,28.3928018297658,15.54,,,,2.18351298946275,15.6076580956447,,,1
AGO,Angola,AO,2019,2189.85571407618,70.8979627320277,,,,,74.3628954441331,43.755591686511,27.856035339145,15.54,,,,2.07306438181603,16.6849522138374,,,1
AGO,Angola,AO,2020,1449.92286669308,48.5015612035686,,,,,71.5969261907476,42.2860529523862,27.283051600927,15.53,,,,2.66744733689285,,,,1
AGO,Angola,AO,2021,1925.87466082167,66.5051299877235,,,,,68.9975089539462,40.9131815334952,26.6461374402481,,,,,2.29719689513241,,,,1
AGO,Angola,AO,2022,2929.69445467272,104.399746853401,,,,,66.4370458171984,39.5608442561522,26.0937572557704,,,,,2.38535898416633,,,,1
AGO,Angola,AO,2023,2309.53413042773,84.8751621970107,,,,,64.0125707213696,38.2714016296507,25.6085952512822,,,,,2.51273663315785,,,,1
ALB,Albania,AL,2000,1160.42047054038,3.58457016485195,,,,,27.0984623714565,17.8690551418499,12.1277562533309,5.67,,,,3.4301700592041,,,,1
ALB,Albania,AL,2001,1326.41652388077,4.05906403313379,,,,,25.7173703910961,17.0063742458515,11.8271236327226,5.72,,,,3.45869994163513,,,,1
ALB,Albania,AL,2002,1479.83884572006,4.51500311668036,31.7,4.2,15.1,61.0,24.3143073581648,16.1445554391023,11.4986702461786,5.77,,,,3.11779999732971,23.9137599310471,,,1
ALB,Albania,AL,2003,1908.69900687608,5.80171204048463,,,,,22.8801242811676,15.2793621422796,11.2203666590937,5.81,,,,3.13823008537292,22.1505284536344,,,1
ALB,Albania,AL,2004,2446.90949947798,7.40664579344038,,,,,21.4263317363132,14.4086604692009,10.9250162601838,5.85,,,,3.22751998901367,22.1108409622779,,,1
ALB,Albania,AL,2005,2741.72136549578,8.2566582498128,30.6,2.7,9.4,50.0,19.955758360276,13.5400193017146,10.5297152472631,5.89,35.7,11.7,7.3,3.28154993057251,,,,1
ALB,Albania,AL,2006,3057.77257038113,9.15052813217633,,,,,18.5057386051235,12.6887184815802,9.99519320401906,5.92,,,,3.1914598941803,,,,0
ALB,Albania,AL,2007,3743.05529896187,11.1169378698568,,,,,17.0960835878772,11.867102169574,9.25343650257442,5.95,,,,3.27592992782593,,,,0
ALB,Albania,AL,2008,4498.50486763601,13.2585063754518,30.0,0.8,5.9,43.4,15.7532509118719,11.0892699400536,8.30472634374219,5.97,,,,,,,,0
ALB,Albania,AL,2009,4213.65007574693,12.3355406561006,,,,,14.4827468832858,10.3559337168823,7.35121431958227,5.98,30.9,9.0,6.7,,,,,0
ALB,Albania,AL,2010,4149.14469936847,12.086545641299,,,,,13.2803899675078,9.65809159459991,6.65151273717118,5.98,,,,,,,,0
ALB,Albania,AL,2011,4465.70914328865,12.9737558745365,,,,,12.1693378795551,9.00873027255001,6.2673360981835,5.98,,,,3.17881310743026,22.8639005918422,,,0
ALB,Albania,AL,2012,4222.3470988913,12.2464997479714,29.0,1.8,6.5,45.9,11.2176022948469,8.4573244831748,6.05700803369413,5.97,,,,3.29533986928598,23.1453646987216,,,0
ALB,Albania,AL,2013,4420.23461988353,12.7969858861478,,,,,10.4722044882653,8.04383803576689,5.92065549956569,5.96,,,,3.53929996490479,24.1215753414946,,,0
ALB,Albania,AL,2014,4602.23051443229,13.2963225881684,34.6,3.7,12.5,46.5,9.92591665812125,7.7653000046717,5.88770044863833,5.96,,,,3.18177734553254,24.257646662903,,,0
ALB,Albania,AL,2015,3981.72662261867,11.4701718269575,32.8,1.1,4.7,32.8,9.57825909241735,7.62980760082177,6.0279770286611,5.95,,,,3.43796992301941,24.2686000374049,,,0
ALB,Albania,AL,2016,4168.37544462548,11.9886687846628,33.7,1.1,5.8,32.9,9.39889868284354,7.61809778161681,6.33799747626754,5.94,,,,3.96209001541138,23.7020106412118,,,0
ALB,Albania,AL,2017,4614.0479692596,13.2582684356048,33.1,1.4,4.7,32.7,9.33667498642663,7.69264612063926,6.68018372834363,5.94,17.1,1.9,2.5,3.61172008514404,23.4381629574962,0.3613143563270569,,0
ALB,Albania,AL,2018,5365.48880180298,15.3795083297568,30.1,1.0,3.5,24.1,9.34293878980078,7.81825066685652,6.95312363402877,5.95,,,,3.08201370407389,22.9293224265946,,,0
ALB,Albania,AL,2019,5460.4305086932,15.5851116140376,30.1,0.3,1.8,21.5,9.38644535597836,7.9702200809834,7.11992752907707,5.97,,,,3.87018990516663,22.8783961540405,,,0
ALB,Albania,AL,2020,5370.77749956875,15.2414555563737,29.4,0.3,2.1,19.9,9.43316579920125,8.11845345167681,7.171098173436,5.99,,,,3.325040102005,24.6048213042971,,,0
ALB,Albania,AL,2021,6413.28280828537,18.0320092204405,,,,,9.4650550667463,8.24619048269575,7.11394777373376,,,,,3.00555992126465,24.3982971282128,,,0
ALB,Albania,AL,2022,6846.42669381643,19.0172441167203,,,,,9.44571138015178,8.31452087944928,6.99300581381708,,,,,2.72976994514465,27.0031538353567,,,0
ALB,Albania,AL,2023,8575.17134637222,23.5471804123404,,,,,9.37093342102733,8.31589344309742,6.8594978890223,,,,,3.09153008460998,25.3755472560051,,,0
AND,Andorra,AD,2000,21810.2487431414,1.43260618869324,,,,,7.59760895426147,6.55153454391255,3.52561699208456,8.68,,,,,,,,0
AND,Andorra,AD,2001,23511.2951475737,1.54826580805802,,,,,7.23842453614835,6.30355805330961,3.30646467525761,8.73,,,,,,,,0
AND,Andorra,AD,2002,26528.130158144,1.76427982429752,,,,,6.89632419009527,6.06469093231168,3.14117428639582,8.76,,,,1.65971004962921,,,,0
AND,Andorra,AD,2003,34063.5784034776,2.36694180894404,,,,,6.56630428624664,5.82237992863025,2.97573484999536,8.79,,,,,,,,0
AND,Andorra,AD,2004,39021.1278101878,2.90024532449221,,,,,6.24844399509777,5.58289609795866,2.84488848758913,8.82,,,,1.54411995410919,,,,0
AND,Andorra,AD,2005,40829.801876968,3.16108409111674,,,,,5.96268942734887,5.3638429915244,2.73113327619899,8.84,,,,1.64497005939484,,,,0
AND,Andorra,AD,2006,43467.2109930745,3.45933798688383,,,,,5.64719765987264,5.11463399658509,2.62756535074133,8.86,,,,2.24489998817444,,,,0
AND,Andorra,AD,2007,48336.2283329823,3.95762536721959,,,,,5.36366700555016,4.88662403703458,2.52676253734372,8.89,,,,2.10469007492065,,,,0
AND,Andorra,AD,2008,49132.515707808,4.10231939902343,,,,,5.08451784719577,4.66295113709836,2.42343736225399,8.93,,,,2.87392997741699,,,,0
AND,Andorra,AD,2009,43975.0183668093,3.6889763407549,,,,,4.82560868116443,4.44910449460611,2.31899704424013,8.98,,,,3.14292001724243,,,,0
AND,Andorra,AD,2010,42746.8309526019,3.44992573886069,,,,,4.58656408952576,4.24879311245589,2.22317412919099,9.03,,,,2.97662997245789,,,,0
AND,Andorra,AD,2011,46657.1561173756,3.62913357427783,,,,,4.36015139909515,4.06146928131537,2.12711035879413,9.09,,,,2.98706007003784,,,,0
AND,Andorra,AD,2012,41500.5435791686,3.18865276536184,,,,,4.13967396259631,3.87597792341265,2.0457816121839,9.14,,,,2.56577895521486,,,,0
AND,Andorra,AD,2013,42470.3161159692,3.19351295002419,,,,,3.93559722318104,3.70033754775275,1.95900572198532,9.2,,,,2.50616002082825,,,,0
AND,Andorra,AD,2014,44369.659691379,3.27168559666321,,,,,3.72686085314055,3.52169100797688,1.87123183850643,9.24,,,,3.07420992851257,,,,0
AND,Andorra,AD,2015,38654.9347203095,2.78988125850362,,,,,3.54122128731169,3.35916057547451,1.78360068986711,9.27,,,,3.28034996986389,,,,0
AND,Andorra,AD,2016,40129.8192007698,2.89661047973077,,,,,3.36554140788825,3.20247667431909,1.70551654349868,9.29,,,,3.23707008361816,,,,0
AND,Andorra,AD,2017,40672.9943348258,3.00016208111976,,,,,3.21050909919158,3.06298331688914,1.63166127814617,9.31,,,,3.21708989143372,,,,0
AND,Andorra,AD,2018,42819.7745797624,3.2184198969641,,,,,3.08401718025745,2.94897352235473,1.57078457770638,9.34,,,,3.2467200756073,,,,0
AND,Andorra,AD,2019,41257.8045846483,3.15514934780638,,,,,2.96617637885265,2.84046108362947,1.51109746781116,9.36,,,,3.15060997009277,,,,0
AND,Andorra,AD,2020,37361.0900666982,2.8910011493611,,,,,2.85647717874567,2.73821338105121,1.44571161006012,9.39,,,,2.63213046553066,,,,0
AND,Andorra,AD,2021,42425.6996756291,3.324647529381,,,,,2.76307247764778,2.65140541764645,1.39640831933014,,,,,2.381921736037,,,,0
AND,Andorra,AD,2022,42414.0590092117,3.38061257332922,,,,,2.66850210954286,2.56313130945497,1.34658343745668,,,,,2.64727997779846,,,,0
AND,Andorra,AD,2023,46812.4484486309,3.7850673317625,,,,,2.57757202797431,2.47735841091882,1.3013214375042,,,,,1.89867997169495,,,,0
ARE,United Arab Emirates,AE,2000,29865.502347066,104.337372362151,,,,,10.7210745199377,8.45754771027942,5.8559695117937,12.85,,,,,,,,0
ARE,United Arab Emirates,AE,2001,27745.1708087672,103.311640571818,,,,,10.5219097003043,8.31040971295466,5.71726749899688,12.88,,,,,,,,0
ARE,United Arab Emirates,AE,2002,27753.6089526346,109.816201497617,,,,,10.3270795743337,8.16696878850174,5.62566931498234,12.92,,,,,,,,0
ARE,United Arab Emirates,AE,2003,29659.5428567811,124.346358066712,,,,,10.1424186025989,8.02805412479516,5.56515107377694,12.95,,,,,,,,0
ARE,United Arab Emirates,AE,2004,33376.7152295209,147.824370319946,,,,,9.9541232439979,7.88559890664633,5.50884485784509,12.99,,,,,,,,0
ARE,United Arab Emirates,AE,2005,38719.3138307623,180.617467964602,,,,,9.76160646524909,7.74072923966471,5.42659686386418,13.04,,,,,,,,0
ARE,United Arab Emirates,AE,2006,44342.6048322482,222.116541865214,,,,,9.57693576118247,7.59877520822626,5.2707558922596,13.13,,,,,,,,0
ARE,United Arab Emirates,AE,2007,45854.7325158162,257.916133424098,,,,,9.38654166652762,7.45193209544457,5.00163476371972,13.25,,,,,,,,0
ARE,United Arab Emirates,AE,2008,50054.1700681803,315.474615738598,,,,,9.19922558550129,7.30490647254497,4.60348933832,13.41,,,,,,,,0
ARE,United Arab Emirates,AE,2009,37803.0663738777,253.547358747447,,,,,9.00556670282865,7.15474872116753,4.07763744037173,13.58,,,,,,,,0
ARE,United Arab Emirates,AE,2010,43696.6712590463,300.189052688904,,,,,8.80602970458842,6.99545618172534,3.60585499740518,13.72,,,,,,,,0
ARE,United Arab Emirates,AE,2011,50789.050540755,360.832739550715,,,,,8.6107784618242,6.83979100660052,3.42292091767565,13.82,,,,,4.00926138833204,,,0
ARE,United Arab Emirates,AE,2012,52034.4762476071,384.610125391422,,,,,8.40410097279349,6.67502932634405,3.59149645009636,13.89,,,,,4.1377317382164,,,0
ARE,United Arab Emirates,AE,2013,52023.5170959441,400.218529748128,32.5,0.0,0.0,0.0,8.17748497338538,6.49419865997396,3.90085648760729,13.92,,,,,3.90972548785967,,,0
ARE,United Arab Emirates,AE,2014,51381.4069901746,414.105366752893,,,,,7.93182304757291,6.29662700483134,4.11951576068524,13.93,,,,,3.79210885739276,,,0
ARE,United Arab Emirates,AE,2015,43534.9972694631,370.275469571137,,,,,7.6563613780056,6.07525414338718,4.17715095788956,13.94,,,,,4.14789859152812,,,0
ARE,United Arab Emirates,AE,2016,41326.4018161569,369.255326235534,,,,,7.34810944659603,5.8264998279724,4.07803648232888,13.94,,,,,4.31828112482361,,,0
ARE,United Arab Emirates,AE,2017,42340.5917160161,390.516804029952,,,,,7.01411437571241,5.55772043203386,3.85909912563958,13.94,,,,,4.01528734006126,,,0
ARE,United Arab Emirates,AE,2018,45689.8570049401,427.049432157931,26.4,0.0,0.0,0.6,6.66061132007445,5.27272139577933,3.57710220398156,13.93,,,,,3.91824991328935,,,0
ARE,United Arab Emirates,AE,2019,44251.4541398817,417.989721742682,,,,,6.30452003834179,4.98622371168852,3.2911559808101,13.93,,,,3.86020994186401,4.25932372166568,,,0
ARE,United Arab Emirates,AE,2020,37173.8754093066,349.473015330156,,,,,5.95539432766845,4.70532684885296,3.03220807521675,13.94,,,,3.98417997360229,5.25917164753361,,,0
ARE,United Arab Emirates,AE,2021,43360.0211001327,415.178792756978,,,,,5.62403117923614,4.43864341239687,2.81326317359173,,,,,3.89403009414673,4.33677211655088,,,0
ARE,United Arab Emirates,AE,2022,49899.0652975197,502.73193519401,,,,,5.31015467704672,4.18691550008207,2.63136395287224,,,,,,3.87547095264209,,,0
ARE,United Arab Emirates,AE,2023,49040.6947521035,514.13043264806,,,,,5.02858050054417,3.96322164589176,2.483995359071,,,,,,3.83096429015774,,,0
ARG,Argentina,AR,2000,7637.01489203628,284.20375,51.0,7.3,12.1,30.9,19.3566209323244,16.703207808941,11.1347987794474,7.35,,,,4.58030986785889,16.8328883767368,,,0
ARG,Argentina,AR,2001,7141.47507662826,268.69675,53.3,10.7,17.0,34.3,18.7862143231838,16.2044696305504,11.1332750524093,7.41,,,,4.833740234375,16.9923529034125,,,0
ARG,Argentina,AR,2002,2569.69963519124,97.7240042518602,53.8,17.1,25.4,49.1,18.3057594706149,15.784847158285,10.7115714485388,7.47,,,,4.01734018325806,19.6771706443151,,,0
ARG,Argentina,AR,2003,3320.47775133903,127.586973492177,51.0,8.2,13.8,33.1,17.8300273239507,15.3683581045067,10.1083975461586,7.5,,,,3.53504991531372,19.8373029880995,,,0
ARG,Argentina,AR,2004,4242.02099089422,164.657930452787,48.5,6.0,10.6,28.6,17.2943670532529,14.8992843846332,9.57514461847047,7.49,,,,3.48652005195618,16.8763416365527,,,0
ARG,Argentina,AR,2005,5067.65342293276,198.737095012282,47.8,4.4,8.7,24.5,16.7333575728606,14.4086350472422,9.15499324765848,7.44,7.2,2.5,1.7,3.86000990867615,,,,0
ARG,Argentina,AR,2006,5869.38028970204,232.557260817308,46.4,3.5,6.8,19.9,16.2292016206499,13.9678108578121,8.78146430853085,7.38,,,,4.12821006774902,,,,0
ARG,Argentina,AR,2007,7185.25155147027,287.530508430568,46.3,2.8,5.6,18.9,15.7973812615562,13.5884480782881,8.42240749372034,7.33,,,,4.46260023117065,,,,0
ARG,Argentina,AR,2008,8944.1102657357,361.558037110419,45.0,2.6,5.3,16.7,15.3887680194697,13.2306789427359,8.09466782773482,7.29,,,,4.84440994262695,,,,0
ARG,Argentina,AR,2009,8150.23527028221,332.976484577619,43.8,2.4,4.5,15.2,14.9440275476769,12.8428589164795,7.8112941432833,7.26,,,,5.53105020523071,,,,0
ARG,Argentina,AR,2010,10260.1313108254,423.62742209249,43.7,1.5,3.5,13.6,14.4406434913685,12.402115101901,7.60237363501831,7.25,,,,5.01971006393433,,,,0
ARG,Argentina,AR,2011,12704.2831819684,530.158122010442,42.7,1.2,2.3,11.3,13.8826764285275,11.9150349614866,7.48479797663568,7.24,,,,5.29062986373901,,,Low,0
ARG,Argentina,AR,2012,12949.717486654,545.982375701128,41.4,1.3,2.5,10.3,13.2863226888958,11.39296195166,7.42672736582394,7.25,,,,5.34582996368408,,,,0
ARG,Argentina,AR,2013,12963.675773326,552.025140252245,41.1,1.1,2.2,10.4,12.704969655437,10.8852745502639,7.32995315871171,7.26,,,,5.43661022186279,,,,0
ARG,Argentina,AR,2014,12233.1444119186,526.319673731638,41.8,1.1,2.5,11.7,12.1898117574431,10.4337704144982,7.11110569216023,7.28,,,,5.36144018173218,24.5697808575806,,,0
ARG,Argentina,AR,2015,13679.6264980954,594.749285413212,,,,,11.7465462088143,10.0437766671451,6.81171001805741,7.3,,,,5.77611017227173,25.0083932347048,,,0
ARG,Argentina,AR,2016,12699.9623137756,557.532320662954,42.3,1.3,2.6,11.5,11.363106283175,9.70563658554065,6.50797108322867,7.31,,,,5.54548978805542,26.1799164832469,,,0
ARG,Argentina,AR,2017,14532.5009308511,643.628393281364,41.4,1.1,2.5,9.8,11.0345587791597,9.41358080384252,6.26134432956906,7.33,,,,5.45431995391846,24.2825320419979,,,0
ARG,Argentina,AR,2018,11752.7998922979,524.819892360176,41.7,1.6,3.2,12.5,10.7455102810636,9.15611018783504,6.12522036062526,7.35,8.7,2.0,1.7,4.87773990631104,22.6709430512171,,,0
ARG,Argentina,AR,2019,9955.97478680428,447.754683615224,43.3,1.7,3.8,14.9,10.4830734242708,8.92211959390004,6.12264035314911,7.36,,,,4.7716498374939,22.0364845686943,,,0
ARG,Argentina,AR,2020,8535.59938004389,385.740508436965,42.7,2.2,4.2,18.3,10.2582116963671,8.72032314366994,6.12530945579591,7.36,,,,5.27689981460571,25.8405452538391,,,0
ARG,Argentina,AR,2021,10738.0179223384,486.564085480036,42.4,1.4,3.3,14.2,10.0468513667165,8.53004221323062,5.93672287579876,,,,,4.65393018722534,22.8967903877811,,,0
ARG,Argentina,AR,2022,13935.6811110049,632.790070063124,40.7,1.3,2.9,13.9,9.84577900908724,8.3497883174835,5.49466665309962,,,,,4.79263019561768,21.9068187207194,,,0
ARG,Argentina,AR,2023,14187.4827252965,646.075277525125,42.4,1.2,3.1,16.4,9.64850748979662,8.1754957925572,5.001731752056,,,,,5.89754023690244,21.1189070510753,,,0
ARM,Armenia,AM,2000,593.450581742282,1.91156366885006,,,,,30.7514708654539,27.8384054236847,16.1003575445759,8.87,20.0,2.6,2.0,2.77273011207581,,,,1
ARM,Armenia,AM,2001,659.588988535629,2.11846791337873,35.4,24.1,47.3,85.5,29.2827406617807,26.3803049256104,15.3420258310698,8.78,,,,2.46943998336792,,,,1
ARM,Armenia,AM,2002,742.651118319819,2.37633504839976,34.8,19.8,43.7,84.6,27.8841160304609,25.017843776682,14.6392351109252,8.68,,,,2.13504004478455,,,,1
ARM,Armenia,AM,2003,882.030167695474,2.80706100869084,33.0,14.8,39.7,84.9,26.5417476698003,23.7158097955778,13.9448794370467,8.56,,,,2.1450400352478,,,,1
ARM,Armenia,AM,2004,1130.08791444158,3.57661524041616,37.5,10.3,29.0,76.2,25.2291707742897,22.4511879884368,13.2906579237456,8.44,,,,2.48673009872436,16.9559988456693,,,1
ARM,Armenia,AM,2005,1557.48458908655,4.9004695111019,36.0,6.1,19.4,70.7,23.9904366093392,21.2650496730178,12.6489852327164,8.33,16.9,4.1,3.8,2.71202993392944,18.1464405215631,,,1
ARM,Armenia,AM,2006,2041.65267068997,6.3844520665146,29.7,4.5,15.5,66.8,22.8160529881216,20.1415688034934,12.0339597451503,8.25,,,,2.71577000617981,17.1482192993136,,,1
ARM,Armenia,AM,2007,2962.70234594569,9.20630126979164,31.2,3.7,13.7,59.7,21.7061890578598,19.0844001746424,11.4448034035732,8.21,,,,3.01893997192383,17.0424253804612,,,1
ARM,Armenia,AM,2008,3777.66859313767,11.6620407138753,29.2,2.0,9.3,56.3,20.6480754617322,18.103638216444,10.8907174498682,8.2,,,,3.17272996902466,21.1396851697465,,,1
ARM,Armenia,AM,2009,2820.5926553347,8.6479370812562,28.0,3.1,13.9,65.0,19.6507303466185,17.1998129904103,10.343094410395,8.23,,,,3.84079003334045,23.8619179943921,,,0
ARM,Armenia,AM,2010,3041.34450723339,9.26028575562424,30.0,2.9,14.1,66.0,18.7092632301967,16.3634418768776,9.83967073110149,8.25,23.6,8.0,5.4,3.24900007247925,22.9973623470093,,,0
ARM,Armenia,AM,2011,3349.55309771906,10.1421118245835,29.4,3.1,13.1,63.0,17.8141172450955,15.5696801439193,9.36668564735368,8.27,,,,3.14385008811951,22.5680163171222,,,0
ARM,Armenia,AM,2012,3511.56399687426,10.6193206829473,29.6,2.5,11.2,59.6,16.9600745069253,14.8204043019423,8.92754469830871,8.28,,,,2.77248001098633,21.3736421560682,,,0
ARM,Armenia,AM,2013,3680.16692158886,11.1214644370415,30.6,2.9,11.4,57.4,16.1562820259079,14.1231901069483,8.50986879720397,8.29,,,,2.65018010139465,22.6371817977093,,,0
ARM,Armenia,AM,2014,3852.11800610384,11.6095132467958,31.5,3.4,11.4,55.2,15.3804397043496,13.4499946474483,8.11151317920883,8.3,,,,2.24724006652832,23.9875580530759,,,0
ARM,Armenia,AM,2015,3512.39350276709,10.553337518414,32.4,2.9,9.5,50.7,14.6488747852455,12.824035527868,7.73123720859275,8.3,,,,2.80591011047363,25.0779813488419,0.4856131970882416,,0
ARM,Armenia,AM,2016,3524.42476874707,10.5461362355219,32.5,2.5,9.6,45.9,13.9707057410061,12.236944065973,7.37029689509018,8.31,13.4,3.1,5.9,2.75812005996704,25.7115181584805,,,0
ARM,Armenia,AM,2017,3869.05373867752,11.5274587090158,33.6,2.4,8.1,52.7,13.3218249747431,11.6866806417303,7.02355936369126,8.3,,,,2.70759010314941,22.6297249923647,,,0
ARM,Armenia,AM,2018,4196.00562301769,12.4579406947395,34.4,2.9,9.4,52.8,12.7114825411208,11.1642102931297,6.69390256146162,8.29,,,,2.11331180512289,22.0768137564949,,,0
ARM,Armenia,AM,2019,4597.22887399548,13.6192905392116,30.0,2.4,9.8,57.1,12.1320360351397,10.66970817376,6.38288565991778,8.27,,,,2.15984239839771,21.7584805720085,,,0
ARM,Armenia,AM,2020,4268.68093304583,12.6416985832152,25.1,1.5,6.7,58.2,11.5714440557054,10.1853518473194,6.08710667047482,8.27,,,,2.70555996894836,26.5812877778437,,,0
ARM,Armenia,AM,2021,4685.17997128509,13.8789086289378,27.9,2.1,8.8,57.0,11.0391690610356,9.72991673773534,5.80904916033151,,,,,2.76784992218018,24.968529504044,,,0
ARM,Armenia,AM,2022,6571.97445545099,19.5135065531251,27.9,1.9,10.0,55.7,10.5305723433989,9.29311504192371,5.5458889125683,,,,,2.4918999671936,21.1627548327889,,,0
ARM,Armenia,AM,2023,8125.27395754003,24.0857495923359,27.2,1.9,8.4,56.9,10.0444541803123,8.8751046504844,5.28293558911895,,,,,2.43869996070862,21.034321345275,,,0
ATG,Antigua and Barbuda,AG,2000,12027.4949768222,0.901003703703704,,,,,14.930061427654,12.1773452849513,10.8630471820007,14.06,,,,,,,,0
ATG,Antigua and Barbuda,AG,2001,11539.1825063308,0.877774074074074,,,,,14.6121604608124,11.9011143153489,10.7453889812792,14.14,,,,,,,,0
ATG,Antigua and Barbuda,AG,2002,11658.6949915956,0.898092592592592,,,,,14.29201821795,11.6241133223203,10.5543866162124,14.22,,,,3.07913994789123,,,,0
ATG,Antigua and Barbuda,AG,2003,12173.2319860305,0.9481,,,,,13.9652898130763,11.3362090463784,10.263791447229,14.31,,,,,,,,0
ATG,Antigua and Barbuda,AG,2004,13037.8895772257,1.02632962962963,,,,,13.6403114954972,11.0479967545702,9.89964217004831,14.4,,,,,,,,0
ATG,Antigua and Barbuda,AG,2005,14368.5708796058,1.1438962962963,,,,,13.3246669647665,10.7707593885451,9.49524152455643,14.49,,,,,,,Very_Low,0
ATG,Antigua and Barbuda,AG,2006,16173.8136329968,1.30367407407407,,,,,13.0061283650304,10.4878100877149,9.06324439043875,14.58,,,,,,,,0
ATG,Antigua and Barbuda,AG,2007,18204.5124043068,1.48738148148148,,,,,12.711956903098,10.2205504080867,8.63204886529989,14.67,,,,,,,,0
ATG,Antigua and Barbuda,AG,2008,18786.6743142216,1.55764074074074,,,,,12.4474815895752,9.97700184049251,8.22532798696043,14.76,,,,,,,,0
ATG,Antigua and Barbuda,AG,2009,16472.2478528568,1.38651851851852,,,,,12.1868950481412,9.73666649657405,7.84765968995413,14.85,,,,2.22275996208191,,,,0
ATG,Antigua and Barbuda,AG,2010,15217.3950790922,1.29834814814815,,,,,11.944045647997,9.51038280031655,7.53233047646684,14.94,,,,,,,,0
ATG,Antigua and Barbuda,AG,2011,14911.7275084471,1.28735925925926,,,,,11.727024557864,9.30827336977879,7.2484158586455,15.02,,,,,,,,0
ATG,Antigua and Barbuda,AG,2012,15639.8078114787,1.36472962962963,,,,,11.5228127311139,9.11718479271214,7.0171000407138,15.08,,,,2.13043025907083,,,,0
ATG,Antigua and Barbuda,AG,2013,15051.5113587425,1.3254962962963,,,,,11.3349936644479,8.93929040205958,6.83560865131588,15.14,,,,2.35972143126598,,,,0
ATG,Antigua and Barbuda,AG,2014,15532.1062063584,1.37870740740741,,,,,11.1595167206265,8.76914965694481,6.67710182316865,15.19,,,,2.3044409375638,,,,0
ATG,Antigua and Barbuda,AG,2015,16077.6340769406,1.43748518518519,,,,,10.9706436273819,8.58954067738152,6.51806668903896,15.24,,,,1.9934755302761,,,,0
ATG,Antigua and Barbuda,AG,2016,16556.8551801588,1.4896037037037,,,,,10.8097011922374,8.43844769959046,6.37646774765827,15.29,,,,2.17149931504636,,,,0
ATG,Antigua and Barbuda,AG,2017,16965.7288273816,1.53485555555556,,,,,10.6402282353442,8.29012239128916,6.23966493825513,15.31,,,,2.28158315038897,,,,0
ATG,Antigua and Barbuda,AG,2018,18273.4270684912,1.66152962962963,,,,,10.4795629586564,8.1584202293635,6.11331028810899,15.34,,,,2.26922708436893,,,,0
ATG,Antigua and Barbuda,AG,2019,18896.3721832248,1.72644814814815,,,,,10.2790969681881,8.00958822954004,5.9820095774781,15.36,,,,3.35725653382563,,,,0
ATG,Antigua and Barbuda,AG,2020,15369.6082250401,1.41163703703704,,,,,10.0626514100816,7.84224952771267,5.84388165227402,15.36,,,,3.0051830460864,,,,0
ATG,Antigua and Barbuda,AG,2021,17348.6006987182,1.60212592592593,,,,,9.8270539875825,7.66575105287513,5.69009775943323,,,,,2.50897393198865,,,,0
ATG,Antigua and Barbuda,AG,2022,20105.1989085164,1.86656666666667,,,,,9.58318101090616,7.48862617862077,5.54177245423944,,,,,2.50368755552383,,,,0
ATG,Antigua and Barbuda,AG,2023,21494.5474000727,2.00578518518518,,,,,9.3310141201116,7.30468114067279,5.38657926015459,,,,,3.10505161832136,,,,0
AUS,Australia,AU,2000,21870.4159669594,416.167815092908,,,,,6.19237808174438,5.10269057411839,3.51801174978168,6.22,,,,,24.0288588355662,,,0
AUS,Australia,AU,2001,19695.7297379144,379.629301675108,33.5,1.0,1.0,1.7,6.07714523511331,5.01601952537822,3.4796160726605,6.25,,,,,26.178184398687,,,0
AUS,Australia,AU,2002,20301.8431713256,395.788696012059,,,,,5.98198293547366,4.94612107699018,3.43544747967886,6.27,,,,,26.3570697710081,,,0
AUS,Australia,AU,2003,23718.1338501868,467.739079790332,33.5,1.0,1.2,2.0,5.90909712074225,4.89509492168152,3.38709693364924,6.28,,,,,25.7046374833771,,,0
AUS,Australia,AU,2004,30836.7306824685,614.659980082515,33.1,0.7,0.7,1.2,5.83214403366044,4.84029066504985,3.33348524761524,6.29,,,,,25.6056957095855,,,0
AUS,Australia,AU,2005,34479.7679298388,695.69289867656,,,,,5.72462136149189,4.76019084364789,3.27065799286684,6.3,,,,,25.5544917995941,,,0
AUS,Australia,AU,2006,36595.7071548423,748.417562769636,,,,,5.58405043796045,4.65181145178866,3.19789606803009,6.3,,,,,24.8991331402532,,,0
AUS,Australia,AU,2007,41051.6120652288,855.007458585224,,,,,5.41391339776214,4.51793923587381,3.11025222853377,6.31,1.9,0.5,0.2,,24.4470502459544,,,0
AUS,Australia,AU,2008,49701.2817843335,1056.11242719038,35.4,0.7,0.7,1.0,5.21928770294957,4.36330528111446,3.00493264981948,6.33,,,,,24.3225624327649,,,0
AUS,Australia,AU,2009,42816.5674002829,928.76212269805,,,,,5.00278968723135,4.18894997957226,2.88624684867308,6.35,,,,,26.4666361724409,,,0
AUS,Australia,AU,2010,52144.6654705468,1148.83823348072,34.7,0.3,0.7,1.0,4.76940055680599,4.0000011178071,2.75749970856963,6.37,,,,,26.7049854253781,,,0
AUS,Australia,AU,2011,62605.600458306,1398.61061677297,,,,,4.53392517520603,3.80841086397143,2.63059961715337,6.39,,,,,25.9965923165691,,,0
AUS,Australia,AU,2012,68072.8732340801,1547.5322811164,,,,,4.31463001721224,3.62974122251294,2.52233652030639,6.42,,,,,26.1190161107402,,,0
AUS,Australia,AU,2013,68190.7010035651,1577.12332941088,,,,,4.12604014258002,3.47630724797236,2.43951290610742,6.43,,,,,25.8800823016892,,,0
AUS,Australia,AU,2014,62544.0873773726,1468.26535642776,34.4,0.5,0.7,1.0,3.97930594749851,3.35794623978979,2.38213589062542,6.45,,,,,26.2576336510283,,,0
AUS,Australia,AU,2015,56739.0265346593,1351.29637225431,,,,,3.88102224948097,3.28012184430657,2.34894478003046,6.46,,,,,26.7642142270028,,,0
AUS,Australia,AU,2016,49888.0410842736,1206.83696228184,33.7,0.5,0.5,1.0,3.8254982141468,3.23825178048529,2.33663709783188,6.48,,,,,26.9840896451806,,,0
AUS,Australia,AU,2017,53901.7145392154,1325.58265815654,,,,,3.79862184447088,3.22076097875023,2.33835910666975,6.49,,,,,26.6338388364042,,,0
AUS,Australia,AU,2018,57196.4220783778,1427.80904101944,34.3,0.5,0.7,1.2,3.78900413559939,3.21776630951985,2.3468774937631,6.51,,,,,26.2293809326048,,,0
AUS,Australia,AU,2019,54972.7017885437,1392.72383456264,,,,,3.78377046216863,3.2181961723003,2.35677507268755,6.53,,,,,26.1765021550141,,,0
AUS,Australia,AU,2020,51791.540179984,1328.41405837838,33.8,1.0,1.0,1.5,3.77297462496702,3.21407774514772,2.35966537402988,6.55,,,,5.38625001907349,30.2551947530937,,,0
AUS,Australia,AU,2021,60607.7788605166,1556.73577043726,,,,,3.7494924976183,3.19900730031339,2.35255247614975,,,,,5.34109020233154,32.6329859403151,,,0
AUS,Australia,AU,2022,64997.0136536475,1690.85824699443,,,,,3.71338951172435,3.17276379012266,2.33660481494075,,,,,5.05916023254395,27.6611156622091,,,0
AUS,Australia,AU,2023,64835.9199754535,1728.05731669561,,,,,3.66551302275429,3.13619371980333,2.31144832972404,,,,,,,,,0
AUT,Austria,AT,2000,24487.2974685956,196.181599831286,29.0,0.2,0.2,0.6,5.49889606580409,4.54963979795063,3.07879858716342,6.96,,,,5.62036991119385,46.4244332273425,,,0
AUT,Austria,AT,2001,24430.495982841,196.47720682933,,,,,5.40342880345494,4.4709141262935,3.05850626607731,6.94,,,,5.60475015640259,46.8148444061803,,,0
AUT,Austria,AT,2002,26334.862215032,212.837224022813,,,,,5.30672662441319,4.39151963289245,3.0321872477879,6.92,,,,5.56255006790161,46.2826879102055,,,0
AUT,Austria,AT,2003,32110.1159661425,260.779834340097,29.5,0.4,0.4,0.7,5.18789071737649,4.29475061185014,2.9893080031647,6.9,,,,5.39253997802734,46.1536982748192,,,0
AUT,Austria,AT,2004,36614.2506533707,299.210411454823,29.8,0.1,0.1,0.4,5.05076154745371,4.18252679247196,2.92608132584636,6.87,,,,5.34224987030029,48.9500268699742,,,0
AUT,Austria,AT,2005,38157.37022862,313.952317330776,28.7,0.2,0.2,0.5,4.90584943996293,4.06453409259406,2.84651139657388,6.85,,,,5.28515005111694,46.2539521666493,,,0
AUT,Austria,AT,2006,40382.2078298575,333.905979332481,29.6,0.1,0.2,0.5,4.76555379526753,3.95040854319595,2.7592629270758,6.82,,,,5.26367998123169,45.5316465384067,,,0
AUT,Austria,AT,2007,46622.9622913635,386.760177589497,30.6,0.4,0.6,0.8,4.64265091934733,3.85102081299016,2.67994535307622,6.8,,,,5.17918014526367,44.2908136763851,,,0
AUT,Austria,AT,2008,51581.3982361071,429.234399096173,30.4,0.5,0.6,1.0,4.54343474651227,3.7711963406634,2.6127011833971,6.78,,,,5.29851007461548,44.8763008234169,,,0
AUT,Austria,AT,2009,47857.4446635266,399.290118782429,31.5,0.7,0.7,1.0,4.44409434420071,3.69119170344422,2.55504024218294,6.77,,,,5.76567983627319,48.0972422914672,,,0
AUT,Austria,AT,2010,46611.1393420232,389.827789217634,30.3,0.5,0.6,0.8,4.3257803081414,3.59520870385434,2.49870654215922,6.75,,,,5.73625993728638,46.7361288145075,,,0
AUT,Austria,AT,2011,51116.8953522042,428.954737064057,30.8,0.5,0.6,1.0,4.18826187523281,3.48346795425328,2.44599408502423,6.72,,,,5.62787008285522,45.7857004145268,,,0
AUT,Austria,AT,2012,48250.4059142637,406.75048760359,30.5,0.7,0.7,1.1,4.04769737411353,3.36899456235544,2.39661787815024,6.69,,,,5.51611995697021,46.5833364419865,,,0
AUT,Austria,AT,2013,50305.3545774973,426.580502769416,30.8,0.3,0.4,0.7,3.91698893380702,3.26299737326857,2.35109473278716,6.65,,,,5.59405994415283,47.2584334360885,,,0
AUT,Austria,AT,2014,51314.9722616322,438.556021078034,30.5,0.2,0.3,0.7,3.80250004315062,3.17067680855696,2.3087210751133,6.6,,,,5.4976601600647,47.3819786391457,,,0
AUT,Austria,AT,2015,43915.228020857,379.546097300633,30.5,0.7,0.7,1.2,3.71224360373736,3.09792049632725,2.26895487851602,6.56,,,,5.49144983291626,46.3323461865485,,,0
AUT,Austria,AT,2016,45061.4993920192,393.687359770273,30.8,0.7,0.9,1.3,3.64665587857101,3.04550453070711,2.23630292210728,6.51,,,,5.50954008102417,45.553025088735,,,0
AUT,Austria,AT,2017,47163.7425775142,414.926138132691,29.7,0.3,0.4,0.7,3.59380447579935,3.00376863493652,2.21576070115692,6.46,,,,5.40181016921997,44.8654197632576,,,0
AUT,Austria,AT,2018,51194.0749841299,452.582294972775,30.8,0.6,0.7,1.2,3.54861778963197,2.96854258973544,2.20855375516383,6.41,,,,5.25437021255493,44.1363840597814,,,0
AUT,Austria,AT,2019,49885.9947355204,442.983642371842,30.2,0.6,0.7,0.9,3.49366199578761,2.92498492499004,2.19624567757284,6.36,,,,5.23678016662598,43.9069061163649,,,0
AUT,Austria,AT,2020,48716.4098900349,434.397601557696,29.8,0.7,0.9,1.1,3.42054535520444,2.86616023081812,2.16721263570314,6.31,,,,5.57961988449097,51.1591725615403,,,0
AUT,Austria,AT,2021,53648.7190742245,480.467037338783,30.7,0.5,0.5,1.1,3.32912917152151,2.79208199692615,2.12206414971942,,,,,5.48071002960205,50.0215856914731,,,0
AUT,Austria,AT,2022,52176.6649141178,471.77362983038,30.9,0.6,0.7,1.1,3.22882819817805,2.71003295830817,2.06292260378986,,,,,5.27748012542725,47.509529668642,,,0
AUT,Austria,AT,2023,56033.573792065,511.685203845,31.2,0.5,0.6,1.0,3.12639981361465,2.6263181932444,1.99683105661073,,,,,,46.4788740013619,,,0
AZE,Azerbaijan,AZ,2000,655.097249579917,5.27261572296892,,,,,74.0346853853721,59.8688806658398,34.3554574407352,11.0,24.2,14.0,9.0,3.85399007797241,,,,1
AZE,Azerbaijan,AZ,2001,703.670998584686,5.70761620372011,36.5,11.4,27.9,73.1,69.0202355525737,55.7435251648069,32.9781313706597,10.99,18.0,5.9,3.2,3.50342011451721,,,,1
AZE,Azerbaijan,AZ,2002,763.108895463487,6.23608773828284,25.3,0.2,2.5,53.7,64.1261055125142,51.6954155602629,31.5613168916441,10.99,,,,3.15445995330811,,,,1
AZE,Azerbaijan,AZ,2003,883.692580745256,7.2764130791145,26.8,0.2,3.1,48.8,59.5717001616866,47.9075268407222,30.0319370443284,10.98,,,,3.28614997863769,,,,1
AZE,Azerbaijan,AZ,2004,1045.0136328106,8.68040574094125,26.6,0.0,0.9,47.7,55.4696137711852,44.4840421043491,28.5206461412355,10.97,,,,3.44770002365112,,,,1
AZE,Azerbaijan,AZ,2005,1578.36733030667,13.245421880834,26.6,0.0,0.3,35.9,51.8347746948204,41.4380349798663,27.0903964296097,10.97,,,,2.97462010383606,,,,1
AZE,Azerbaijan,AZ,2006,2472.95725732287,20.9819294976188,,,,,48.4939502467014,38.6372958907336,25.8008468002101,10.96,26.5,8.4,6.8,2.55552005767822,,,,1
AZE,Azerbaijan,AZ,2007,3851.33015175141,33.0494194312244,,,,,45.4542006083847,36.076053311999,24.5952235675541,10.95,,,,2.5492799282074,,,,1
AZE,Azerbaijan,AZ,2008,5574.46810432575,48.8512937854483,,,,,42.6721237483218,33.7245286161642,23.4144960468453,10.95,,,,2.44092988967896,18.5077683545439,,,1
AZE,Azerbaijan,AZ,2009,4950.39949009423,44.2924271849492,,,,,40.1174470807006,31.5633212793085,22.3179857982281,10.95,,,,3.22430992126465,23.0788028594301,,,1
AZE,Azerbaijan,AZ,2010,5843.5337683582,52.9092947919262,,,,,37.7030087383252,29.5136731585838,21.2713871740509,10.95,,,,2.78062009811401,20.8724832214765,,,1
AZE,Azerbaijan,AZ,2011,7189.81869211976,65.9527964279473,,,,,35.3757808297356,27.5475476752272,20.0678886053941,10.96,16.4,6.5,6.6,2.43564009666443,18.4783610460428,,,1
AZE,Azerbaijan,AZ,2012,7495.86527658099,69.6799445041972,,,,,33.2253449165786,25.7309276267257,18.8101890545063,10.97,,,,2.06763005256653,22.1853838889224,,,1
AZE,Azerbaijan,AZ,2013,7875.34536661549,74.1605601236902,,,,,31.2481953193366,24.0557157743793,17.7334661432156,10.99,17.8,4.9,3.2,2.44213008880615,20.9255439826751,,,1
AZE,Azerbaijan,AZ,2014,7890.84028062087,75.2397854521022,,,,,29.4654862970166,22.5346811250304,16.7778575856855,11.01,,,,2.63303995132446,22.1009894245612,,,1
AZE,Azerbaijan,AZ,2015,5500.50364628486,53.076235354746,,,,,27.8065299478206,21.1268371426468,15.9594458545835,11.03,,,,2.95167994499206,24.7887090842221,,,1
AZE,Azerbaijan,AZ,2016,3880.6852276838,37.8669968829157,,,,,26.2971155246283,19.8382192379003,15.3332919782813,11.04,,,,2.90340995788574,27.1959381185333,,,1
AZE,Azerbaijan,AZ,2017,4147.1981423222,40.8666273519817,,,,,24.9220911843732,18.6758334451699,14.8469579717221,11.05,,,,2.4738199710846,27.9587305829867,,,1
AZE,Azerbaijan,AZ,2018,4739.7943123408,47.1124700517701,,,,,23.6159676718251,17.5720384834377,14.449453314269,11.05,,,,2.45543003082275,21.402262398242,,,1
AZE,Azerbaijan,AZ,2019,4805.75371765917,48.1742352941176,,,,,22.437231915153,16.5795486069006,14.1387606776955,11.04,,,,3.1764600276947,24.2843990319453,,,1
AZE,Azerbaijan,AZ,2020,4229.91064904503,42.693,,,,,21.3304127300201,15.6474657793471,13.8364089213596,11.04,,,,4.33204984664917,33.9314765748897,,,1
AZE,Azerbaijan,AZ,2021,5408.04535175023,54.8254117647059,,,,,20.3673996566608,14.8366676591283,13.5198944747604,,,,,3.7020800113678,27.1444134965323,,,1
AZE,Azerbaijan,AZ,2022,7770.594223351,78.8074705882353,,,,,19.4345255026578,14.0558602900377,13.2047676858406,,,,,3.04690003395081,23.0088211493834,,,0
AZE,Azerbaijan,AZ,2023,7133.02838048328,72.4284705882353,,,,,18.5556211442405,13.3252219809558,12.7954573147471,,6.6,3.0,3.5,3.66400003433227,,,,0
BDI,Burundi,BI,2000,134.537861752389,0.870486065883137,,,,,153.686241278771,88.6314494541207,36.5617121816878,15.64,65.9,40.8,8.1,2.64547991752625,,,,1
BDI,Burundi,BI,2001,132.159554541932,0.876794723068586,,,,,148.500886489886,86.0900639145364,35.9972585417238,15.6,,,,2.90390992164612,,,,1
BDI,Burundi,BI,2002,120.952308575468,0.825394519423728,,,,,143.013841684802,83.3376011838478,35.3891025471706,15.57,,,,3.00493001937866,,,,1
BDI,Burundi,BI,2003,111.406682804391,0.784654423620476,,,,,137.31548697272,80.4254625785016,34.6550192791428,15.53,,,,,,,,1
BDI,Burundi,BI,2004,125.194965184533,0.9152573233961,,,,,131.003268642078,77.1338508578967,33.9055273000654,15.49,,,,3.74496006965637,,,,1
BDI,Burundi,BI,2005,147.234619294225,1.11711307973645,,,,,124.100202526053,73.4023141037414,33.0329166939307,15.45,57.7,35.2,9.0,3.632159948349,,,,1
BDI,Burundi,BI,2006,161.892755640319,1.27337507844844,33.4,81.5,91.0,98.5,116.813169582298,69.4744972812677,32.107749928775,15.39,,,,,,,,1
BDI,Burundi,BI,2007,166.162744906755,1.35619938742308,,,,,109.706593139882,65.5857541663679,31.0828978980604,15.34,,,,,,,,1
BDI,Burundi,BI,2008,189.502074570768,1.61183585704588,,,,,102.843644654633,61.7786167731842,30.0756327162753,15.29,,,,5.19290018081665,,,,1
BDI,Burundi,BI,2009,199.097633037708,1.78145513985931,,,,,96.5988942076509,58.2873175391216,29.0807627259504,15.24,,,,6.17194986343384,,,,1
BDI,Burundi,BI,2010,216.727705301976,2.03213519201248,,,,,90.7783972305405,55.033671291395,28.0437073494386,15.19,59.4,30.1,6.1,6.77524995803833,21.4202292080077,,,1
BDI,Burundi,BI,2011,230.070577369084,2.23582080932006,,,,,85.2533427817526,51.8968450944271,27.0900328825957,15.13,,,,6.31925010681152,19.9992977562959,,,1
BDI,Burundi,BI,2012,231.688496393569,2.33334133445753,,,,,80.1794844699418,49.0342227431088,26.1407063587227,15.09,52.0,27.9,8.0,6.16777992248535,17.9381007754932,,,1
BDI,Burundi,BI,2013,234.843045388828,2.45160663229246,38.6,75.8,87.3,97.1,75.4601646198312,46.3274730454553,25.2532198621691,15.04,,,,5.99539995193481,17.0164704203652,,,1
BDI,Burundi,BI,2014,250.540481111877,2.70578332980483,,,,,71.2952917421324,43.9675574162449,24.4050933390189,15.0,,,,6.78452014923096,16.9374058140755,,,1
BDI,Burundi,BI,2015,280.966831311923,3.10400354626496,,,,,67.5574657136528,41.8273488624173,23.6657229353471,14.97,,,,6.37133979797363,18.6032284085147,,,1
BDI,Burundi,BI,2016,235.286205393908,2.64448777650077,,,,,64.3729244740712,40.0207588776464,23.0002364908433,14.94,58.8,31.1,5.3,4.69199991226196,17.6044811138672,1.397778153419495,,1
BDI,Burundi,BI,2017,236.694472592753,2.72358696284034,,,,,61.4824013563352,38.372740393173,22.4144070756207,14.92,,,,4.76202011108398,17.6948478838913,,Very_High,1
BDI,Burundi,BI,2018,224.89939239264,2.66718219951333,,,,,58.9924976418284,36.961995864767,21.8560685062772,14.88,56.6,29.6,4.8,5.07864999771118,,,,1
BDI,Burundi,BI,2019,210.236494521532,2.57651887982353,,,,,56.6573088603511,35.6284947184287,21.3991607361691,14.83,54.0,27.0,4.8,5.34668445378401,16.6189077019688,,,1
BDI,Burundi,BI,2020,210.008139902508,2.64968026144299,37.5,74.2,87.2,97.4,54.631948674125,34.4899572816902,20.9295543085127,14.78,50.9,27.7,5.7,5.32158506838731,17.6736886423553,,,1
BDI,Burundi,BI,2021,214.091455416133,2.77579869746022,,,,,52.6477608883087,33.3819193963393,20.482863127778,,,,,4.87114173892375,15.1240449247962,,,1
BDI,Burundi,BI,2022,250.634225368744,3.33872282765691,,,,,50.8367233896553,32.374904627425,20.0581441885105,,55.8,27.6,5.0,,,,,1
BDI,Burundi,BI,2023,192.074305359351,2.62939159950157,,,,,49.2071848733826,31.4608241113404,19.6030264614974,,58.0,28.0,4.7,,,,,1
BEL,Belgium,BE,2000,23098.8865077401,236.792460312471,33.1,0.3,0.7,1.0,5.87522427743049,4.84582744847472,2.98437428874181,7.16,,,,,42.6348525059249,,,0
BEL,Belgium,BE,2001,23015.0712632462,236.74614160437,,,,,5.67307731783106,4.67338178300172,2.87375037362883,7.14,,,,,43.0371850255112,,,0
BEL,Belgium,BE,2002,25006.191397109,258.383599375177,,,,,5.49059831164281,4.51823637544638,2.7938723623853,7.12,,,,,41.4436065241409,,,0
BEL,Belgium,BE,2003,30655.2092679024,318.082528506588,28.1,0.4,0.5,0.9,5.32389734754517,4.37794300565624,2.73489587115744,7.1,,,,,42.5564419939957,,,0
BEL,Belgium,BE,2004,35429.4077933344,369.214712443206,30.5,0.1,0.1,0.4,5.16942076604629,4.24846078254639,2.68396388529813,7.08,,,,,40.8989362902799,,,0
BEL,Belgium,BE,2005,36809.7013403619,385.714762230039,29.3,0.3,0.3,0.6,5.02973488573692,4.13270093423401,2.63461948081198,7.06,,,,5.79585981369019,43.5309136698259,,,0
BEL,Belgium,BE,2006,38705.1067959147,408.259840868823,28.1,0.2,0.2,0.4,4.90363342013812,4.02910545039281,2.57762293251116,7.05,,,,,40.5934156846885,,,0
BEL,Belgium,BE,2007,44319.165448813,470.922156309453,29.2,0.2,0.2,0.4,4.78531336041116,3.93249722444257,2.51433433769322,7.04,,,,,40.2935344941736,,,0
BEL,Belgium,BE,2008,48303.397956286,517.328087920078,28.4,0.1,0.1,0.3,4.66906250519866,3.83901874129846,2.44773620809466,7.03,,,,6.33294010162354,42.1013518104548,,,0
BEL,Belgium,BE,2009,44923.3400135081,485.014525992461,28.6,0.1,0.2,0.3,4.55929248097925,3.75121071188626,2.38241923881474,7.03,,,,6.43465995788574,44.2375786842218,,,0
BEL,Belgium,BE,2010,44197.393671162,481.556503720001,28.4,0.1,0.2,0.5,4.45885134557465,3.67221957020349,2.32806522052535,7.02,,,,6.44077014923096,43.5672983109901,,,0
BEL,Belgium,BE,2011,47760.8298776546,527.196649048639,28.1,0.2,0.3,0.6,4.36995238516901,3.60380489313908,2.29213659370453,7.0,,,,6.38481998443604,44.5122501817844,,,0
BEL,Belgium,BE,2012,44874.1709182123,498.414364944961,27.5,0.2,0.2,0.5,4.2894159763994,3.54267170623066,2.27517834653745,6.98,,,,6.56626987457275,45.704833465615,,,0
BEL,Belgium,BE,2013,46964.5946777056,524.09702659855,27.7,0.1,0.2,0.5,4.21693855585754,3.48912253359867,2.2738317401329,6.96,,,,6.60135984420776,45.341690143058,,,0
BEL,Belgium,BE,2014,47995.7786961339,537.987419164351,28.1,0.1,0.1,0.3,4.15360664268418,3.4430880758523,2.28345119596285,6.93,1.6,1.1,0.5,6.55865001678467,44.953912538649,,,0
BEL,Belgium,BE,2015,40893.804537772,461.044767544531,27.7,0.1,0.2,0.2,4.1050913619747,3.41018560240857,2.29472243507545,6.9,,,,6.46963977813721,41.7110348512049,,,0
BEL,Belgium,BE,2016,41854.5498296444,474.271566739729,27.6,0.1,0.1,0.3,4.06722656241036,3.38631911178912,2.30245526697852,6.87,,,,6.48613023757935,41.1616434494037,,,0
BEL,Belgium,BE,2017,44035.3239358548,500.90876735153,27.4,0.2,0.2,0.4,4.0311327023427,3.36350529443786,2.30572553325011,6.84,,,,6.44915008544922,40.1035662028041,,,0
BEL,Belgium,BE,2018,47487.2100392561,542.638913427921,27.2,0.1,0.1,0.2,3.98640533950915,3.33316266241688,2.30308304700047,6.81,,,,6.38883018493652,39.9416268146679,,,0
BEL,Belgium,BE,2019,46716.6227467964,536.726344405489,27.2,0.1,0.1,0.2,3.9289662960746,3.2921704636017,2.29114769719279,6.78,,,,6.32381010055542,39.4025048550939,,,0
BEL,Belgium,BE,2020,45906.2875805246,529.694473501791,26.0,0.1,0.1,0.3,3.85877616439055,3.2395905748942,2.2605329129947,6.76,,,,6.75470018386841,43.656605302545,,,0
BEL,Belgium,BE,2021,51658.238294958,598.52242224185,26.6,0.0,0.1,0.3,3.77938180593982,3.17965038778124,2.21423625053521,,,,,6.38112020492554,41.4118090170245,,,0
BEL,Belgium,BE,2022,50822.2518538518,593.614574325878,26.4,0.0,0.1,0.2,3.69625524596886,3.11547285755805,2.15821891991345,,,,,6.27796983718872,39.5682713023795,,,0
BEL,Belgium,BE,2023,54690.0942734964,644.65527511158,26.8,0.1,0.1,0.3,3.60260920510039,3.04260333569625,2.09884306488733,,1.9,0.3,0.8,,,,,0
BEN,Benin,BJ,2000,487.424141384242,3.51999144047912,,,,,136.087800233167,79.6593224265582,38.8148825005583,18.84,,,,2.11366009712219,,,,1
BEN,Benin,BJ,2001,492.401499509072,3.66622263513875,,,,,132.815865396598,77.8244110730411,38.1269136950582,18.73,40.7,24.7,5.7,2.36509990692139,,,,1
BEN,Benin,BJ,2002,546.463829658159,4.1943426862178,,,,,129.600094008,75.998275384693,37.4142932065418,18.62,,,,2.15949010848999,,,,1
BEN,Benin,BJ,2003,676.002878084282,5.34925809448239,38.6,70.5,84.2,96.5,126.47555872001,74.2105830126606,36.7471691627166,18.51,,,,2.28315997123718,,,,1
BEN,Benin,BJ,2004,758.695803786371,6.19027038049856,,,,,123.494250182171,72.4887169466523,36.1480839089127,18.39,,,,2.56690001487732,,,,1
BEN,Benin,BJ,2005,779.437777753268,6.56765495438903,,,,,120.611642939272,70.8537984315734,35.6358918490228,18.28,,,,2.6566801071167,,,,1
BEN,Benin,BJ,2006,809.147072506221,7.03411131488811,,,,,117.913011804468,69.3053814233138,35.2124998708825,18.16,,,,2.56340003013611,,,,1
BEN,Benin,BJ,2007,912.338247188342,8.16904838283875,,,,,115.392621931025,67.8670422948685,34.8182445053428,18.04,,,,2.36331009864807,,,,1
BEN,Benin,BJ,2008,1060.60254502099,9.78773452623965,,,,,112.971624227787,66.4467835302018,34.4752205429006,17.92,39.0,18.0,5.2,2.77728009223938,,,,1
BEN,Benin,BJ,2009,1024.10277858112,9.73862651700318,,,,,110.648160666972,65.0608892828187,34.1369012136225,17.81,,,,3.08927011489868,,,,1
BEN,Benin,BJ,2010,973.244254931526,9.53534501578355,,,,,108.362590092762,63.71054617324,33.7939263458059,17.71,,,,3.67997002601623,,,,1
BEN,Benin,BJ,2011,1059.41358852588,10.6933213636574,43.4,68.4,80.3,94.1,106.16137363134,62.4099420457931,33.3835545367672,17.59,,,,,,,,1
BEN,Benin,BJ,2012,1071.5258366283,11.1413581158991,,,,,103.868648282272,61.0132192168269,32.9575650867357,17.48,,,,3.56202006340027,,,,1
BEN,Benin,BJ,2013,1168.92699279226,12.5178451239315,,,,,101.603885827734,59.6579146832368,32.5568540949877,17.35,,,,3.3275101184845,,,,1
BEN,Benin,BJ,2014,1204.39918670094,13.2845278469081,,,,,99.3472011437548,58.3200535159494,32.1153048463252,17.23,45.1,26.8,0.8,3.161789894104,,,High,1
BEN,Benin,BJ,2015,1002.41886879614,11.3881609967738,47.6,65.8,83.4,93.2,97.1157791484731,56.9655810639816,31.7352908822621,17.11,,,,3.17298007011414,,,,1
BEN,Benin,BJ,2016,1010.5338961993,11.8210658533838,,,,,94.9725307917617,55.6933416561639,31.3270165337059,16.98,,,,2.89910006523132,,,,1
BEN,Benin,BJ,2017,1054.97408066814,12.7016558369467,,,,,92.7300493774966,54.3976900004312,30.9226341215131,16.84,,,,3.53558993339539,,1.938916325569153,,1
BEN,Benin,BJ,2018,1151.7409703472,14.2624080899261,37.9,37.2,58.5,88.1,90.4570108453301,53.1194420190517,30.4704033882043,16.7,39.5,20.5,5.1,2.93161988258362,,,,1
BEN,Benin,BJ,2019,1130.82135339795,14.3916863134641,,,,,88.0034705533197,51.7506383563073,29.9906254026154,16.56,,,,2.73204741460628,,,,1
BEN,Benin,BJ,2020,1200.19426631122,15.6867418935187,,,,,85.5445576123389,50.4338238778555,29.5201638043395,16.45,,,,2.89898431911618,,,,1
BEN,Benin,BJ,2021,1318.65158107487,17.6876235346665,34.4,27.2,50.0,86.5,83.0583134212207,49.1194355025321,29.0132451308566,,39.9,23.9,7.2,3.09692638090381,,,,1
BEN,Benin,BJ,2022,1266.42710981159,17.4254050838797,,,,,80.4331187623433,47.7319858858901,28.5357099917782,,,,,3.0972642678305,,,,1
BEN,Benin,BJ,2023,1394.17784663045,19.673290995849,,,,,77.9021150829163,46.4215063817777,28.0012032754185,,,,,3.22974322056608,,,,1
BFA,Burkina Faso,BF,2000,248.908526921752,2.96837008759759,,,,,178.105037035586,92.4451452844968,40.4328070007369,20.29,,,,,,,,1
BFA,Burkina Faso,BF,2001,259.485223380436,3.19037108094768,,,,,173.966938246423,90.4777783359053,39.6922582120318,20.17,,,,,,,,1
BFA,Burkina Faso,BF,2002,285.654087637533,3.62235006296052,,,,,169.319913853408,88.2747237662377,38.9238277576129,20.06,,,,,9.94393922475686,,,1
BFA,Burkina Faso,BF,2003,362.373899996953,4.74076814267494,43.3,69.6,81.1,95.1,164.254036880637,85.8988752805995,38.0284425375383,19.94,,,,,9.30638470843529,,,1
BFA,Burkina Faso,BF,2004,403.81283743461,5.45168853760959,,,,,158.5658156665,83.2106782562983,36.9630554730838,19.82,,,,,10.179532584478,,,1
BFA,Burkina Faso,BF,2005,441.164148016012,6.14635317334929,,,,,152.298303883883,80.264329443756,35.8368775095421,19.7,,,,3.94113993644714,10.2043369788626,,,1
BFA,Burkina Faso,BF,2006,455.513655620024,6.54741982038113,,,,,145.712451497775,77.1339302322706,34.653150678188,19.59,,,,3.98218989372253,11.2753125531784,,,1
BFA,Burkina Faso,BF,2007,514.684451177238,7.62572283676847,,,,,139.020735502755,73.9294144676423,33.5559379678727,19.5,,,,4.07983016967773,12.3129823081145,,,1
BFA,Burkina Faso,BF,2008,619.437533256264,9.45143549011467,,,,,132.710679727307,70.952712708644,32.5967318239593,19.42,,,,,10.761506058922,,,1
BFA,Burkina Faso,BF,2009,601.569520671859,9.45069687334326,39.8,67.2,82.3,95.9,126.814668818578,68.1719573886855,31.7891276437099,19.34,35.1,26.0,11.3,,11.2287831746703,,,1
BFA,Burkina Faso,BF,2010,624.957252224766,10.1096197406994,,,,,121.520544469821,65.6906613025236,31.0936082221,19.26,34.7,26.2,15.5,3.50222992897034,10.5945968597121,,,1
BFA,Burkina Faso,BF,2011,725.024767725475,12.0802959775632,,,,,116.834805261752,63.5498907130004,30.4592067009485,19.17,34.6,25.1,10.4,3.98515009880066,11.0358957782752,,,1
BFA,Burkina Faso,BF,2012,731.470138867833,12.5610151565683,,,,,112.565480643206,61.5919808888285,29.9035174082239,19.07,32.8,24.3,10.7,3.60315990447998,12.9214457539664,,,1
BFA,Burkina Faso,BF,2013,759.762065168498,13.4443004858412,,,,,108.554113988068,59.7538960351393,29.3831186727052,18.99,31.3,20.9,8.1,4.08343982696533,12.3336649866679,,,1
BFA,Burkina Faso,BF,2014,764.861675106225,13.9430160767436,35.3,58.7,77.4,94.5,104.714979165563,57.9805790729914,28.8460134455373,18.91,29.0,20.0,8.5,4.05329990386963,12.8787351779888,,,1
BFA,Burkina Faso,BF,2015,630.124750752312,11.8321593156298,,,,,101.082536879587,56.2842456021923,28.3156011244281,18.83,30.1,22.8,10.2,3.67008996009827,13.1974934417641,,,1
BFA,Burkina Faso,BF,2016,663.742364842886,12.8333630453367,,,,,97.6641816288444,54.6960824665157,27.8662160025608,18.76,26.8,18.9,7.5,,14.7098212612735,,,1
BFA,Burkina Faso,BF,2017,709.091535894695,14.1069556153442,,,,,94.2872696207386,53.0830982329302,27.3748814470637,18.68,21.1,16.2,8.6,5.62846994400024,18.4897905554418,,,1
BFA,Burkina Faso,BF,2018,777.465618514048,15.8900662212882,43.0,47.7,66.1,89.5,91.2302287579781,51.608978371125,26.8471746411883,18.6,24.9,17.7,8.4,5.488609790802,17.3707418259823,,,1
BFA,Burkina Faso,BF,2019,764.853077774946,16.0328135033707,,,,,88.2484752761752,50.1663614237102,26.3429558101126,18.53,23.8,16.4,8.1,5.45615632520251,18.2174288376112,,,1
BFA,Burkina Faso,BF,2020,825.237038782475,17.7250105325268,,,,,85.254300966641,48.6809480896369,25.9083109974508,18.47,17.5,12.7,8.8,5.21148277030166,18.017832406322,,,1
BFA,Burkina Faso,BF,2021,895.535288442991,19.6975162843787,37.4,42.1,64.6,90.4,82.4705380552955,47.3295706871348,25.4228257543224,,29.2,24.3,12.9,5.24913346712028,19.8586086524281,,,1
BFA,Burkina Faso,BF,2022,836.118304593682,18.8202186905948,,,,,79.8947005050986,46.1093307884661,24.9434272871183,,,,,5.29456753304241,22.5336605756817,,,1
BFA,Burkina Faso,BF,2023,882.689810086163,20.3246178445265,,,,,77.2720050281619,44.8037858786271,24.4664790231021,,,,,5.32757840997187,19.3644859093552,,,1
BGD,Bangladesh,BD,2000,396.670730249751,53.3697873186244,33.4,41.4,66.5,92.3,85.4054169283021,59.8101616406367,43.2181353927055,25.66,51.1,42.4,12.5,2.12508010864258,,,,1
BGD,Bangladesh,BD,2001,394.65641001891,53.9912898443291,,,,,80.1240786333812,56.5688393098384,41.2375375055558,25.6,53.2,43.2,12.7,2.17193007469177,7.85279247057531,,,1
BGD,Bangladesh,BD,2002,393.886422327628,54.7240814905102,,,,,75.2789923931297,53.5806523787122,39.4052654545636,25.53,51.4,41.0,12.4,2.01714992523193,7.88712372772849,,,1
BGD,Bangladesh,BD,2003,426.74880754362,60.1589291882556,,,,,70.8643317772374,50.8502203048963,37.7855517373901,25.44,47.8,38.9,12.5,2.06939005851746,7.83605027787651,,,1
BGD,Bangladesh,BD,2004,455.614016909798,65.1085442500425,,,,,66.8584162868158,48.3560028367241,36.304938689783,25.32,50.5,42.8,14.6,1.94014000892639,7.60497659759871,,,1
BGD,Bangladesh,BD,2005,480.08585075452,69.476001239419,33.2,32.3,59.0,90.0,63.1686791691008,46.0404171433396,34.8997298893213,25.17,46.2,39.7,14.5,,8.1426283401405,,,1
BGD,Bangladesh,BD,2006,490.388026533289,71.7957361721561,,,,,59.8076955234163,43.9230107831917,33.5551507467231,25.01,45.1,37.9,11.9,2.13128995895386,8.33493730155715,,,1
BGD,Bangladesh,BD,2007,537.955492792911,79.6116449745571,,,,,56.7093335578708,41.9437295165951,32.2896944192143,24.85,43.2,41.3,17.5,2.20221996307373,8.66279314084748,,,1
BGD,Bangladesh,BD,2008,613.06204104124,91.6369973709772,,,,,53.8599086981986,40.1122215089259,31.1116905421549,24.72,,,,2.0545699596405,9.42878117115452,,,1
BGD,Bangladesh,BD,2009,679.211477428056,102.475158190998,,,,,51.2641581135513,38.4217482455605,29.9692456538816,24.6,,,,1.93941998481751,9.87158360325856,,,1
BGD,Bangladesh,BD,2010,757.385280361508,115.275540051262,32.1,25.1,52.1,88.6,48.9059398425992,36.8743019910419,28.8442881085041,24.49,,,,,9.26625106718959,,,1
BGD,Bangladesh,BD,2011,837.336944695647,128.607482310357,,,,,46.7462141543175,35.4472425810505,27.7586493850608,24.39,40.0,34.0,12.0,2.13269996643066,9.84388457755423,,,1
BGD,Bangladesh,BD,2012,859.680536375497,133.310747603483,,,,,44.6887244146787,34.0708703065283,26.7023920335834,24.29,37.0,33.0,11.0,2.17549991607666,9.63853873285246,,,1
BGD,Bangladesh,BD,2013,958.262989798283,149.998957434186,,,,,42.7049932731562,32.7190147124226,25.6871500491492,24.18,42.0,31.9,9.6,1.96616005897522,9.50711961128958,,,1
BGD,Bangladesh,BD,2014,1094.46199702838,172.886611653786,,,,,40.734737611924,31.3536518411485,24.65809527286,24.03,35.0,30.0,11.0,2.09871663086838,9.50443649145954,1.03736400604248,,1
BGD,Bangladesh,BD,2015,1224.38647668165,195.146608978131,,,,,38.7933447878644,29.9838367418572,23.5900296521966,23.86,32.7,28.9,15.6,1.87225417109978,9.00588487034226,,,1
BGD,Bangladesh,BD,2016,1649.28380858601,265.224515675034,32.4,19.5,44.7,85.7,36.9130170538597,28.6469125931008,22.4992912956988,23.67,,,,1.28183996677399,7.86276813546215,,,1
BGD,Bangladesh,BD,2017,1811.08221668646,293.732446624596,,,,,35.1821284062572,27.406728333778,21.2833954676587,23.47,,,,2.11342875356648,7.63987436772557,,,1
BGD,Bangladesh,BD,2018,1965.24372731467,321.36275244178,,,,,33.6611783411063,26.3225553634161,20.2005080697181,23.29,30.9,21.9,8.4,2.09477473545666,7.4941450180451,,,1
BGD,Bangladesh,BD,2019,2129.79896954606,351.231654603692,,,,,32.4251596318216,25.4482079969516,19.319157558481,23.14,26.2,19.1,9.5,1.13094997406006,8.27231587687115,,,1
BGD,Bangladesh,BD,2020,2248.85078828233,373.979442362192,,,,,31.5442189896782,24.8558493395211,18.6712202801668,23.05,,,,2.13974351741877,8.14832024557625,,,1
BGD,Bangladesh,BD,2021,2482.84917843357,416.271647911014,,,,,30.9672054275143,24.4955241134151,18.2521703136701,,,,,2.17090882504654,8.3242513417429,,,1
BGD,Bangladesh,BD,2022,2716.48592780431,460.131689083083,30.9,5.9,20.5,71.5,30.6670360079829,24.3590664612643,18.0395385583455,,23.6,21.7,10.7,2.08538657806243,,,,1
BGD,Bangladesh,BD,2023,2551.01773827307,437.415333018291,,,,,30.5562358998401,24.3666140177687,17.9459112457734,,,,,2.16213826344701,,,,1
BGR,Bulgaria,BG,2000,1621.26210738992,13.2459902744581,,,,,17.5006153742096,14.3383657601224,7.89817151338919,10.52,,,,,33.9941005970514,,,0
BGR,Bulgaria,BG,2001,1770.90704918691,14.1834460257389,32.7,4.7,9.1,35.8,16.7532023332124,13.773745121893,7.57502316697527,10.54,,,,3.38423991203308,33.7999982444074,,,0
BGR,Bulgaria,BG,2002,2092.98288625558,16.4030438498297,,,,,15.9559574585823,13.1582012528523,7.20841638205338,10.54,,,,3.38608002662659,33.1779493160763,,,0
BGR,Bulgaria,BG,2003,2719.49436859287,21.1449579904681,28.9,2.2,5.5,37.3,15.1046257197367,12.4916819557363,6.81953738273199,10.54,,,,3.99845004081726,34.9141085036207,,,0
BGR,Bulgaria,BG,2004,3389.68743360274,26.1577433688716,,,,,14.2033292768994,11.7751355720138,6.40014908868048,10.55,15.2,1.1,2.2,4.24988985061646,34.1928556278216,,,0
BGR,Bulgaria,BG,2005,3899.82596332878,29.8686578580082,,,,,13.2847270031352,11.0372684775736,5.95244894236504,10.56,,,,4.10879993438721,31.4350650952714,,,0
BGR,Bulgaria,BG,2006,4523.1465578805,34.3805364956738,35.7,8.0,12.0,33.5,12.4495977338897,10.3629846305164,5.55781010508857,10.58,,,,3.90346002578735,29.6121304490211,,,0
BGR,Bulgaria,BG,2007,5888.57081403932,44.4312571288618,36.1,2.5,5.4,18.5,11.8331456161863,9.8643308021841,5.30426527996017,10.63,9.2,3.7,4.7,3.680340051651,32.7946577032009,,,0
BGR,Bulgaria,BG,2008,7271.30338858025,54.4806841884442,33.6,1.9,3.9,13.4,11.449947574014,9.55705038357323,5.21279330547109,10.67,,,,4.2190899848938,31.8122701168032,,,0
BGR,Bulgaria,BG,2009,6988.27316296465,52.02380123012,33.8,1.8,3.3,13.0,11.1636370478587,9.32753186602505,5.17475055092241,10.73,,,,4.27429008483887,33.8382129955994,,,0
BGR,Bulgaria,BG,2010,6853.94805511171,50.6890513824361,35.7,2.7,4.9,15.9,10.8396464096551,9.06377016805722,5.09009768771576,10.81,,,,3.85746002197266,31.6315388880341,,,0
BGR,Bulgaria,BG,2011,7849.58061302818,57.6812930069721,34.3,3.4,5.7,17.0,10.4216660501147,8.71710235167436,4.93786511443118,10.88,,,,3.54690003395081,29.8496236412362,,,0
BGR,Bulgaria,BG,2012,7431.95789508871,54.2970520022338,36.0,3.0,5.8,16.8,9.89848240812487,8.27812878619171,4.73135838237354,10.96,,,,3.47650003433227,30.9132693281019,,,0
BGR,Bulgaria,BG,2013,7795.98092108928,55.8192623749039,36.6,3.3,5.5,15.2,9.29363782564111,7.76921261463088,4.50278523627139,11.03,,,,4.05766010284424,32.9223988647865,,,0
BGR,Bulgaria,BG,2014,8069.60005667684,57.0808970121077,37.4,2.7,4.3,13.2,8.69344273255224,7.26219789809429,4.27273444790187,11.1,7.0,1.7,5.9,,37.9434073102519,,,0
BGR,Bulgaria,BG,2015,7268.65445473873,50.7659181591476,38.6,4.6,6.4,15.6,8.15928039226341,6.80887076309925,4.06834245007658,11.15,,,,,34.2858376669531,,,0
BGR,Bulgaria,BG,2016,7822.49923292968,53.9293970392106,40.6,3.1,5.1,11.6,7.70115549505858,6.41834353141493,3.87522030680605,11.2,,,,,32.0269320095318,,,0
BGR,Bulgaria,BG,2017,8696.68930427924,59.167647387606,40.4,2.0,3.7,11.7,7.30626724064117,6.07956227353138,3.67244310611372,11.23,,,,4.07755994796753,31.9919661067059,,,0
BGR,Bulgaria,BG,2018,9872.38507789106,66.2515820359412,41.3,1.5,2.6,9.1,6.96547946413363,5.78570935594228,3.44969821272957,11.27,,,,4.05202007293701,33.0814837240474,,,0
BGR,Bulgaria,BG,2019,10372.8044341114,68.6340047921,40.3,1.6,3.0,8.2,6.69052279787169,5.54659798706743,3.22714523505746,11.31,,,,4.21429014205933,33.1317348471441,,,0
BGR,Bulgaria,BG,2020,10769.9475699414,70.5506524666251,40.5,0.7,1.5,5.8,6.47772798317469,5.35830928655503,3.02147461807406,11.36,,,,4.48297023773193,36.4634393218119,,,0
BGR,Bulgaria,BG,2021,12972.2173356002,84.4141228401687,39.0,1.2,2.0,6.5,6.31252438647687,5.2107362977695,2.84210953616345,,,,,4.7092399597168,37.6808446952674,,,0
BGR,Bulgaria,BG,2022,13999.6719197289,90.5092369292236,38.2,1.1,1.7,5.5,6.18285565828212,5.09351340634485,2.69812980870971,,,,,4.50109004974365,39.3206741649902,,,0
BGR,Bulgaria,BG,2023,15883.8618545581,102.396840296147,39.5,1.0,1.6,4.4,6.0768100588774,4.99561067124344,2.59028029740957,,,,,,35.6868250526548,,,0
BHR,Bahrain,BH,2000,14214.4836839343,9.06289893617021,,,,,12.4974826321628,10.5241503111871,4.97775610580838,10.1,,,,,19.9022786964624,,,0
BHR,Bahrain,BH,2001,13573.2339887597,8.97619680851064,,,,,11.9878579190754,10.0631236030707,4.5675759602836,10.23,,,,,20.8411727233671,,,0
BHR,Bahrain,BH,2002,13501.4708801425,9.59351063829787,,,,,11.5974556134617,9.704796168028,4.25333079640077,10.35,,,,,23.1816720078954,,,0
BHR,Bahrain,BH,2003,14486.0269029822,11.0748138297872,,,,,11.2722128549428,9.40675115107197,4.00069580908884,10.47,,,,,20.8663034055133,,,0
BHR,Bahrain,BH,2004,15963.9493171617,13.1501595744681,,,,,10.9655671785613,9.13020082651657,3.78953078251952,10.58,,,,,19.3691525464864,,,0
BHR,Bahrain,BH,2005,17966.1657837625,15.9687234042553,,,,,10.6253547008982,8.82674523150012,3.59776914304097,10.69,,,,,17.3135983904707,,,0
BHR,Bahrain,BH,2006,19267.282615072,18.5047606382979,,,,,10.2511681646392,8.49920991924546,3.43674747531023,10.81,,,,2.87440991401672,16.2899426398325,,,0
BHR,Bahrain,BH,2007,20908.4042548073,21.73,,,,,9.83556354201769,8.14239369623013,3.30949777126791,10.94,,,,2.57500004768372,16.0054244059101,,,0
BHR,Bahrain,BH,2008,23299.4992780392,25.7109042553191,,,,,9.40189351320622,7.77190074977655,3.22236926544604,11.1,,,,2.49677991867065,16.2177650429799,,,0
BHR,Bahrain,BH,2009,19465.3140745038,22.9382180851064,,,,,8.97791717645693,7.41267438544011,3.17443637743391,11.26,,,,,19.7624980144398,,,0
BHR,Bahrain,BH,2010,21819.3291098099,26.8059840425532,,,,,8.60995709184951,7.10441570652667,3.16143057575608,11.4,,,,2.35114974984976,18.6739821709387,,,0
BHR,Bahrain,BH,2011,25032.7867743333,29.9146808510638,,,,,8.30255101842294,6.84805217490042,3.1762012308633,11.52,,,,2.31235396487985,21.6471133862972,,,0
BHR,Bahrain,BH,2012,26438.6733230428,31.963404255319,,,,,8.05870245634,6.64755734055223,3.19965946967122,11.61,,,,2.54483008384705,20.8985126699084,,,0
BHR,Bahrain,BH,2013,26989.7601148469,33.8233244680851,,,,,7.88225865166415,6.5027351993078,3.23150472717107,11.69,,,,2.38286995887756,22.4686162529477,,,0
BHR,Bahrain,BH,2014,26451.7965647453,34.7725265957447,,,,,7.75989099736441,6.40314977860648,3.28387562256571,11.77,,,,2.36918997764587,23.5115457835002,,,0
BHR,Bahrain,BH,2015,23734.0551143019,32.5232978723404,,,,,7.67981442105498,6.34013832012333,3.36648141981023,11.86,,,,2.55344009399414,25.3293874440254,,,0
BHR,Bahrain,BH,2016,23800.001440631,33.8846808510638,,,,,7.64186581824215,6.31374380676882,3.48017707551115,11.98,,,,2.80248290251154,24.4996564184373,,,0
BHR,Bahrain,BH,2017,24784.7693514607,37.2048138297872,,,,,7.65290308310791,6.32726528025445,3.62472426812124,12.09,,,,2.21637010574341,22.5215503005502,,,0
BHR,Bahrain,BH,2018,26324.4066549559,39.5679787234042,,,,,7.72009401003567,6.38893360736589,3.79165122249285,12.22,,,,2.38893976833662,22.4700360043582,,,0
BHR,Bahrain,BH,2019,27259.7438599327,40.4468085106383,,,,,7.83295666082737,6.48840831832278,3.96162188625715,12.33,,,,2.11146982812491,21.7538186236849,,,0
BHR,Bahrain,BH,2020,24342.8444554718,35.8376329787234,,,,,7.98920821170263,6.62469095721585,4.10962516365318,12.44,,,,2.05801907522052,26.1085121752585,,,0
BHR,Bahrain,BH,2021,27147.8083882286,40.8402127659574,,,,,8.18210478174494,6.79040302974397,4.23047678824128,,,,,1.85115940115918,,,,0
BHR,Bahrain,BH,2022,30470.5219276023,46.4581914893617,,,,,8.39177144813229,6.97402111036903,4.32943656704872,,,,,1.71192127094005,,,,0
BHR,Bahrain,BH,2023,29290.1284215098,46.1922606382978,,,,,8.59574405631122,7.15158127297374,4.4043780597816,,,,,1.88778167912993,,,,0
BHS,"Bahamas, The",BS,2000,24940.0775086078,8.07647,,,,,16.2017365045837,13.7477621898457,7.86657016225784,14.64,,,,2.23284006118774,10.2594326481743,,,0
BHS,"Bahamas, The",BS,2001,25371.9237667614,8.31783,,,,,16.3202902453226,13.8772259269462,8.03484563064135,14.66,,,,,10.4233916778775,,,0
BHS,"Bahamas, The",BS,2002,26781.6195938652,8.88116,,,,,16.5208466017461,14.0776078804007,8.23134497394262,14.7,,,,,10.3894085907697,,,0
BHS,"Bahamas, The",BS,2003,26429.1247787663,8.87009,,,,,16.727764483199,14.2877376680218,8.42512665982416,14.75,,,,,11.2625689254562,,,0
BHS,"Bahamas, The",BS,2004,26650.2934234303,9.05529,,,,,16.8568885448522,14.4309064241111,8.58202730267788,14.8,,,,,11.278457122853,,,0
BHS,"Bahamas, The",BS,2005,28602.4181869995,9.8362,,,,,16.8698971175153,14.4766306720556,8.6889385379928,14.84,,,,,11.3576991114455,,,0
BHS,"Bahamas, The",BS,2006,29184.7865087908,10.16725,,,,,16.7507098460365,14.4109401945279,8.72993277829795,14.9,,,,,11.6635471735228,,,0
BHS,"Bahamas, The",BS,2007,30051.8489587756,10.61834,,,,,16.5069978762623,14.2349569093195,8.67991193365021,14.95,,,,,11.8675423842145,,,0
BHS,"Bahamas, The",BS,2008,29392.3824416397,10.526,,,,,16.1777680509975,13.9858518007338,8.5692993020225,15.02,,,,,12.77773133194,,,0
BHS,"Bahamas, The",BS,2009,27512.9130950084,9.98196,,,,,15.7951463472175,13.6899983012621,8.41969034729702,15.11,,,,,14.2433449943698,,,0
BHS,"Bahamas, The",BS,2010,27473.100430502,10.09576,,,,,15.4077159775575,13.3896906377308,8.26949379787871,15.17,,,,2.45165990475209,15.3934154965055,,,0
BHS,"Bahamas, The",BS,2011,27090.8376801379,10.07045,,,,,15.0471008997552,13.1086876795862,8.16366882088575,15.22,,,,2.35576638581195,16.5592966586399,,,0
BHS,"Bahamas, The",BS,2012,28552.0242683151,10.7204,,,,,14.7152212273811,12.8490050319425,8.14091887411081,15.26,,,,2.30391197238935,16.3549707228275,,,0
BHS,"Bahamas, The",BS,2013,27642.7419759179,10.4753,,,,,14.4146489596625,12.616396530253,8.21449520852758,15.31,,,,2.4242884241713,16.2498733548443,,,0
BHS,"Bahamas, The",BS,2014,29137.2175632622,11.1391,,,,,14.161323834754,12.4249333190184,8.38020411795739,15.35,,,,2.24714705533939,15.7965215023655,,,0
BHS,"Bahamas, The",BS,2015,30719.405417469,11.8376,,,,,13.9499194551902,12.270553384342,8.64594916354506,15.39,,,,2.2723175918231,16.0689793736906,,,0
BHS,"Bahamas, The",BS,2016,30616.5363157284,11.8809,,,,,13.777834230367,12.1524523195682,8.93010751011857,15.42,,,,2.58786212973921,17.8870918557517,,,0
BHS,"Bahamas, The",BS,2017,31875.4881749619,12.4469,,,,,13.64726943386,12.0673248421021,9.1821305870397,15.42,,,,2.69510162053495,19.7385600143007,,,0
BHS,"Bahamas, The",BS,2018,32642.3353203452,12.8192,,,,,13.5341521016676,11.9978591981677,9.37411472430588,15.42,,,,2.49264112462151,17.3844779705442,,,0
BHS,"Bahamas, The",BS,2019,33640.3369861278,13.277,,,,,23.505862604181,15.711229754145,9.67315879913841,15.4,,,,2.62573176503127,18.4739549597048,,,1
BHS,"Bahamas, The",BS,2020,26178.7537607708,10.3632,,,,,13.3015763827394,11.8498102249971,9.5311319195456,15.4,,,,3.7125229961238,25.8412924772271,,,0
BHS,"Bahamas, The",BS,2021,30367.8605757708,12.037,,,,,13.1422725904653,11.7309632728949,9.46950965008662,,,,,3.04890655208507,24.6633838830273,,,0
BHS,"Bahamas, The",BS,2022,34957.1613279737,13.8968,,,,,12.9325921233378,11.5655654368119,9.32592499125146,,,,,2.62367021406169,22.3247708393299,,,0
BHS,"Bahamas, The",BS,2023,38231.774484278,15.2713,,,,,12.686869503704,11.3655367847186,9.15254651251088,,,,,2.74191570247934,20.347142731791,,,0
BIH,Bosnia and Herzegovina,BA,2000,1338.48059636261,5.56777276881188,,,,,9.54604385829715,8.33391595649711,6.55799929604071,5.06,12.6,4.2,7.3,,,,,0
BIH,Bosnia and Herzegovina,BA,2001,1387.89365131544,5.80061546626648,30.0,0.6,1.6,20.2,8.9283187294556,7.78835725340026,6.15464850129485,5.07,,,,,,,,0
BIH,Bosnia and Herzegovina,BA,2002,1606.54672243362,6.72822088664546,,,,,8.39800740073905,7.32153422978995,5.85117698614019,5.08,,,,,,,,0
BIH,Bosnia and Herzegovina,BA,2003,2033.94700935864,8.49889435938629,,,,,7.96635986114616,6.94140225997708,5.60387167699492,5.09,,,,,,,,0
BIH,Bosnia and Herzegovina,BA,2004,2452.68616839392,10.156541538399,34.0,0.4,0.9,9.7,7.62986122062464,6.64626694594959,5.38780183675659,5.1,,,,,,,,0
BIH,Bosnia and Herzegovina,BA,2005,2739.61076866057,11.2227963365426,,,,,7.38305085968241,6.43196201133515,5.20748739915938,5.11,,,,,32.6172734570244,,,0
BIH,Bosnia and Herzegovina,BA,2006,3166.12865344833,12.8648419059543,,,,,7.20824642806494,6.27985738638575,5.08091605096429,5.11,12.3,1.3,3.4,,33.9930341864315,,,0
BIH,Bosnia and Herzegovina,BA,2007,3931.48948737505,15.7787342643787,33.1,0.2,0.6,6.8,7.08164189875359,6.17124719884468,5.00595374331108,5.12,,,,,36.0736132174875,,,0
BIH,Bosnia and Herzegovina,BA,2008,4841.69311934649,19.1127966231175,,,,,6.98401625805373,6.08899421986662,4.96870197033397,5.12,,,,,37.8310013389341,,,0
BIH,Bosnia and Herzegovina,BA,2009,4539.91863774968,17.6139490912294,,,,,6.90447326126251,6.02302089581125,4.9535176902775,5.13,,,,,39.8245478836713,,,0
BIH,Bosnia and Herzegovina,BA,2010,4506.47828548389,17.1763158037298,,,,,6.83309987990016,5.96401313616086,4.94533488266046,5.14,,,,,39.163346131891,,,0
BIH,Bosnia and Herzegovina,BA,2011,4982.69375768263,18.6442335371092,33.0,0.2,1.0,8.1,6.77182480271626,5.91455405057534,4.93291137987286,5.16,,,,,38.1186179452594,,,0
BIH,Bosnia and Herzegovina,BA,2012,4693.78899115381,17.2267359956904,,,,,6.72691355383686,5.88052313434942,4.9149679413483,5.16,7.9,1.4,2.6,,39.0326697243166,,,0
BIH,Bosnia and Herzegovina,BA,2013,5034.56616016469,18.1791085305261,,,,,6.70493450271184,5.86627170448768,4.89503171539048,5.17,,,,,37.3655580614393,,,0
BIH,Bosnia and Herzegovina,BA,2014,5206.06558252,18.5587335644692,,,,,6.71103700665894,5.87794732370366,4.87723698313505,5.17,,,,3.31473965674631,39.9462729767212,,,0
BIH,Bosnia and Herzegovina,BA,2015,4662.25883724069,16.4043488714437,,,,,6.73885577319545,5.90768626969582,4.85619938028234,5.17,,,,3.0181128667772,36.4782077046437,,,0
BIH,Bosnia and Herzegovina,BA,2016,4928.5665251728,17.1169263276247,,,,,6.77526024511333,5.94559342967981,4.82735134673972,5.16,,,,4.26451015472412,34.9010236092688,,,0
BIH,Bosnia and Herzegovina,BA,2017,5345.01985489192,18.3263733661105,,,,,6.79065851820851,5.96595480223829,4.7825046489944,5.15,,,,2.83868424239217,33.8899252873302,,,0
BIH,Bosnia and Herzegovina,BA,2018,6047.84584261133,20.4840538689246,,,,,6.76447147819534,5.94971672829839,4.74073241656877,5.15,,,,3.89297008514404,34.4993474661743,,,0
BIH,Bosnia and Herzegovina,BA,2019,6122.3753450882,20.482608755379,,,,,6.69467022106725,5.89563676052856,4.72419241879356,5.14,,,,4.04449987411499,34.0521689246355,,,0
BIH,Bosnia and Herzegovina,BA,2020,6130.31133245161,20.2260365644128,,,,,6.5741488471037,5.79562216587665,4.70830101695747,5.15,,,,3.01954088371123,38.3614659355678,,,0
BIH,Bosnia and Herzegovina,BA,2021,7295.3438240957,23.6727122422149,,,,,6.41101201132951,5.65913450927788,4.66923703687206,,,,,4.13622999191284,34.8589044117291,,,0
BIH,Bosnia and Herzegovina,BA,2022,7655.59421024383,24.5346636361778,,,,,6.22768694168589,5.50476165730266,4.59968257898848,,,,,2.97012986426524,33.4237705090927,,,0
BIH,Bosnia and Herzegovina,BA,2023,8663.02322987879,27.5923613878597,,,,,6.04210838863635,5.34591863483629,4.50404129360602,,,,,3.24564826597779,35.2955107381856,,,0
BLR,Belarus,BY,2000,1276.28038121269,12.7367804551539,31.2,26.5,49.5,89.4,12.7662265397151,9.9327026690291,5.2236534192045,5.3,,,,6.19661998748779,25.3401651010532,,,0
BLR,Belarus,BY,2001,1244.37318523431,12.3548201438849,30.6,14.7,33.0,80.5,11.8342755239346,9.17051320447045,4.41136440636275,5.28,,,,,26.8710548994946,,,0
BLR,Belarus,BY,2002,1479.38066337175,14.5949009447658,30.3,10.4,26.7,76.1,10.9515087168804,8.45368881608049,3.88775939771925,5.25,,,,,24.6783838275634,,,0
BLR,Belarus,BY,2003,1819.52653114699,17.8254447244878,28.8,8.7,22.6,73.3,10.1522693910783,7.80860476425362,3.57616436348093,5.22,,,,,28.2128169988623,,,0
BLR,Belarus,BY,2004,2378.33700470129,23.1415662929462,26.5,4.3,13.6,64.5,9.43483432455112,7.23375760985417,3.38455774606992,5.18,,,,5.7122597694397,29.2698762597066,,,0
BLR,Belarus,BY,2005,3126.07176665248,30.2100918368294,27.6,2.4,8.2,47.2,8.73848457336072,6.68198053777918,3.19029197520077,5.14,11.8,2.8,2.6,5.8710298538208,30.250762674224,,,0
BLR,Belarus,BY,2006,3848.22350300163,36.9618942813444,28.3,1.1,4.9,36.7,8.01491394247867,6.11447095809796,2.90133502892112,5.1,,,,6.07696008682251,32.4134847792902,,,0
BLR,Belarus,BY,2007,4735.48107556066,45.275711995825,29.6,1.1,3.3,28.2,7.29973694489859,5.55864741844725,2.56224259359565,5.07,,,,5.15210008621216,34.6577822535411,,,0
BLR,Belarus,BY,2008,6376.17569162063,60.752106347126,27.8,0.5,2.4,24.0,6.64341960200204,5.05230287815588,2.23765103274816,5.05,,,,,33.9503611411595,,,0
BLR,Belarus,BY,2009,5352.48809190697,50.8731673260414,27.7,0.5,2.2,22.3,6.07489000400486,4.6157396313707,1.97631977257835,5.03,,,,4.3689398765564,31.7738362587998,,,0
BLR,Belarus,BY,2010,6034.67885177216,57.2319045428755,28.6,0.2,1.3,18.0,5.59290918675793,4.24736481349299,1.79570995426546,5.02,,,,5.22003984451294,30.2074804270194,,,0
BLR,Belarus,BY,2011,6527.6593428786,61.7623823279319,27.2,0.1,0.9,14.6,5.19355873236568,3.94413952861453,1.71329710593042,5.02,,,,4.68479013442993,25.4492994190304,,,0
BLR,Belarus,BY,2012,6953.21591683101,65.6858904388922,26.5,0.1,0.3,9.2,4.85991672418751,3.6931502144247,1.69362426778784,5.03,,,,4.95964002609253,27.6224227639515,,,0
BLR,Belarus,BY,2013,7998.0802045456,75.5275589664473,26.6,0.0,0.1,5.8,4.57672707184142,3.48123036175634,1.68097170012115,5.04,,,,5.0094199180603,28.2546964798114,,,0
BLR,Belarus,BY,2014,8341.31809294883,78.8130691209983,27.2,0.0,0.1,5.4,4.32454569956404,3.29334749030626,1.64172633729519,5.06,,,,4.81832981109619,27.410400205909,,,0
BLR,Belarus,BY,2015,5967.05595058777,56.4547698447632,25.6,0.0,0.3,6.8,4.08782337540696,3.1174016748489,1.57350569125061,5.08,,,,4.78750991821289,28.110499205426,,,0
BLR,Belarus,BY,2016,5039.77560949445,47.723545321259,25.3,0.0,0.3,7.4,3.85360540042265,2.94323856399583,1.48120930000865,5.1,,,,4.94654989242554,29.4170537971155,,,0
BLR,Belarus,BY,2017,5785.54491935194,54.7254057511559,25.4,0.0,0.2,6.2,3.61539715363621,2.76485797353271,1.36527717591657,5.11,,,,4.79500007629395,29.3216054007539,,,0
BLR,Belarus,BY,2018,6360.037502312,60.03102657626,25.2,0.0,0.1,4.3,3.37260661461968,2.58260531425924,1.22942563705037,5.11,,,,4.83656978607178,28.1637805187554,,,0
BLR,Belarus,BY,2019,6837.77339645635,64.4101706534569,25.3,0.0,0.0,3.9,3.13233403016875,2.401381779809,1.08332888006688,5.12,1.1,,1.3,4.97948980331421,28.5883479992147,,,0
BLR,Belarus,BY,2020,6542.85579976768,61.3716733447424,24.4,0.0,0.1,2.6,2.91420011386217,2.23722481824872,0.960370971090326,5.12,1.2,,1.3,4.86263990402222,29.9281796626654,,,0
BLR,Belarus,BY,2021,7489.71894713888,69.67374713187,,,,,2.72691755785312,2.09618734203559,0.871513707586269,,1.2,,1.2,4.60641002655029,27.8747723019691,,,0
BLR,Belarus,BY,2022,7994.64806074889,73.775179924603,,,,,2.57229813702596,1.9806108996496,0.814478713463837,,1.2,,1.3,4.62823009490967,28.2689984078899,,,0
BLR,Belarus,BY,2023,7896.75388295584,72.4787603704258,,,,,2.44150036675188,1.88369474228329,0.7715920965054,,1.2,,1.3,4.9514799118042,28.4675083787373,,,0
BLZ,Belize,BZ,2000,4729.67080428075,1.1389,,,,,24.4655423285066,19.6287997732783,12.1195473234191,10.9,,,,3.68356990814209,13.0551848274651,,,1
BLZ,Belize,BZ,2001,4721.81625660785,1.1728,,,,,23.6003873504207,18.9791483331897,11.7387802348682,10.9,,,,4.23519992828369,14.4133697135061,,,1
BLZ,Belize,BZ,2002,4861.74314184267,1.24465,,,,,22.8199956628509,18.3986167403426,11.3352262472536,10.9,,,,,14.1499618366609,,,1
BLZ,Belize,BZ,2003,4962.08962013799,1.3089,,,,,22.1355934738679,17.8963923779081,10.9122535877144,10.9,,,,3.90120005607605,16.1980670792268,,,1
BLZ,Belize,BZ,2004,5156.09817143194,1.40085,,,,,21.5353059126885,17.4538116809543,10.4812761436596,10.91,,,,4.0096697807312,19.2024128207874,,,1
BLZ,Belize,BZ,2005,5272.74417207961,1.47495,,,,,21.028521634017,17.0916012837998,10.0661908280613,10.94,,,,,18.6014102172955,,,1
BLZ,Belize,BZ,2006,5527.16775856439,1.59115,,,,,20.5595420854821,16.7557063290582,9.74806186870179,10.97,39.1,5.0,0.6,,19.5061433554347,,High,1
BLZ,Belize,BZ,2007,5765.28199932455,1.7071,,,,,20.1351839472139,16.4577501990887,9.61545608879253,11.02,,,,,17.93336652803,,,1
BLZ,Belize,BZ,2008,5713.28126796797,1.7389,,,,,19.7235526164962,16.168828987605,9.7336701703324,11.07,,,,4.29996013641357,18.2253436080281,,,0
BLZ,Belize,BZ,2009,5401.22963143045,1.6885,,,,,19.2986727873111,15.8675338397286,10.0220447777802,11.12,,,,4.8011999130249,19.811045306485,,,0
BLZ,Belize,BZ,2010,5451.13897172477,1.7457,,,,,18.829429104918,15.5292364186925,10.4183117964933,11.17,,,,5.24251985549927,19.7578048920204,,,0
BLZ,Belize,BZ,2011,5582.22170621269,1.82705,,,,,18.2960625777494,15.1326693795588,10.7742248960957,11.22,35.1,6.2,3.3,5.51786910233588,19.953011685504,,,0
BLZ,Belize,BZ,2012,5709.68918765363,1.9094,,,,,17.6884235555505,14.6724088708587,10.9675984843459,11.26,,,,5.47351989539787,18.3977172423274,,,0
BLZ,Belize,BZ,2013,5950.20299917747,2.03275,,,,,17.0194942035236,14.1555478521521,10.9369015837052,11.31,,,,5.12474012374878,18.8861415860288,,,0
BLZ,Belize,BZ,2014,6128.14288539305,2.13825,,,,,16.3245572971078,13.6150197047507,10.7580528051315,11.34,,,,5.1395001411438,19.4393247814802,,,0
BLZ,Belize,BZ,2015,6154.49593498217,2.19305,,,,,15.6417119477261,13.0784992042836,10.4913139925382,11.38,26.8,4.6,0.4,5.35711002349854,20.6171829002987,0.645681619644165,,0
BLZ,Belize,BZ,2016,6142.49873185177,2.2402,,,,,14.9923257553536,12.5646903345917,10.2040865130917,11.42,,,,5.72603988647461,21.2659008943398,,,0
BLZ,Belize,BZ,2017,6072.58267640581,2.2663,,,,,14.4044155720073,12.1020837226361,9.94061631827497,11.46,,,,5.95071983337402,22.3410892617923,,,0
BLZ,Belize,BZ,2018,6031.28139580144,2.29325,39.9,1.0,4.0,19.7,13.8983320147746,11.7046095954762,9.74363442847056,11.5,,,,6.12779998779297,,,,0
BLZ,Belize,BZ,2019,6190.04792278445,2.3883,,,,,13.4824035125073,11.3803925162794,9.5937361250737,11.53,,,,5.96377992630005,,,,0
BLZ,Belize,BZ,2020,5227.19363786168,2.04285,,,,,13.1719260135385,11.1457184157365,9.50599268480827,11.56,,,,5.21301984786987,,,,0
BLZ,Belize,BZ,2021,6122.61158580079,2.42055,,,,,12.9536919778421,10.9832745985716,9.43032304924148,,,,,5.96298980712891,,,,0
BLZ,Belize,BZ,2022,7068.45478269722,2.8467,,,,,12.8201577522924,10.8919076310886,9.36355463595062,,,,,4.60415983200073,,,,0
BLZ,Belize,BZ,2023,7459.99815132837,3.06685,,,,,12.7357851171837,10.8440689192533,9.28601638393452,,,,,4.23143005371094,,,,0
BOL,Bolivia,BO,2000,975.777060358751,8.39785548476908,61.6,28.3,36.2,58.8,75.7189396938024,59.6131376367087,29.6572700915167,8.87,,,,,20.5536490053406,,,1
BOL,Bolivia,BO,2001,930.168227214313,8.14151692839489,57.4,22.3,30.1,54.2,71.4204413136892,56.5573585919783,28.743587440176,8.85,,,,,24.2449169289855,,,1
BOL,Bolivia,BO,2002,888.221328974352,7.90548514644351,59.3,23.9,32.0,56.4,67.3572548971459,53.6563155300296,28.0083733430633,8.83,,,,,28.7844354599794,,,1
BOL,Bolivia,BO,2003,893.013760211149,8.08239963954305,,,,,63.5054845630382,50.8569263302346,27.4215345512717,8.8,43.5,5.8,2.0,,28.2076378858982,,,1
BOL,Bolivia,BO,2004,953.191893246277,8.7734517515121,55.0,13.2,21.9,49.3,59.8627053824748,48.2152718925247,26.8695793873645,8.75,,,,,27.2111987248072,,,1
BOL,Bolivia,BO,2005,1020.12326200737,9.54912290532852,58.5,18.7,26.1,49.5,56.3979917036342,45.6887387771199,26.2601281996548,8.7,,,,,25.9831530558235,,,1
BOL,Bolivia,BO,2006,1202.71150446327,11.4518449022214,56.7,15.9,22.5,44.6,53.1233719672946,43.2763757267985,25.5584267814033,8.63,,,,6.43421983718872,23.9380392527656,,,1
BOL,Bolivia,BO,2007,1354.54905949929,13.1201080083477,54.5,12.1,19.1,42.7,50.0395702059691,40.9776379968894,24.7505747001357,8.57,,,,6.72048997879028,21.8110433637866,,,1
BOL,Bolivia,BO,2008,1692.67248455876,16.6742762858955,50.8,10.6,15.4,36.6,47.1658465038755,38.8304633006856,23.857758221082,8.51,38.7,4.5,1.8,6.72302007675171,,,,1
BOL,Bolivia,BO,2009,1731.18172112209,17.3399921937322,49.2,10.0,14.5,31.9,44.4787602314542,36.8096907849817,22.892663002086,8.46,,,,7.57486009597778,,,High,1
BOL,Bolivia,BO,2010,1929.78373077158,19.6497237221034,,,,,41.9957978115843,34.9303962163458,21.9215902619275,8.41,,,,6.97379016876221,,,,1
BOL,Bolivia,BO,2011,2315.52121930607,23.963164696592,46.1,6.9,10.6,25.3,39.6732851337084,33.1654796985288,20.9539225992651,8.36,,,,6.45056009292603,,,,1
BOL,Bolivia,BO,2012,2575.59857098084,27.0844974819103,46.6,7.9,11.1,25.9,37.4706576060099,31.4841647301207,20.0470014787218,8.31,25.5,3.6,2.1,6.62799978256226,,,,1
BOL,Bolivia,BO,2013,2870.02377000756,30.6593388856729,47.6,6.8,9.5,23.6,35.4124251926427,29.9028754503138,18.9590901208228,8.26,,,,6.80321979522705,,,,1
BOL,Bolivia,BO,2014,3041.43503162408,32.9961880173661,47.8,5.6,9.2,22.6,33.5298162907465,28.4365307180773,17.875674198842,8.2,,,,7.47812986373901,,,,1
BOL,Bolivia,BO,2015,2996.01289811344,33.0001982489146,46.7,6.2,8.8,23.0,31.7995574884481,27.0710826526974,16.9403287580685,8.14,,,,8.14342975616455,,,,1
BOL,Bolivia,BO,2016,3035.87347732132,33.9411261939219,45.2,7.2,10.2,23.7,30.3067295224565,25.8889572571049,16.152609236495,8.09,24.0,3.4,1.7,8.15060997009277,,,,1
BOL,Bolivia,BO,2017,3306.30301224425,37.508642170767,44.6,6.4,9.3,23.1,29.0001878149591,24.8464671602488,15.444817744021,8.05,,,,8.09724044799805,,,,1
BOL,Bolivia,BO,2018,3500.72642189887,40.2876479305355,42.6,4.7,7.9,21.3,27.8093618670705,23.8910278373112,14.8090978334797,8.0,,,,8.01587009429932,,,,1
BOL,Bolivia,BO,2019,3503.89601123129,40.8953228509406,41.6,3.1,5.8,17.8,26.7181697674123,23.0034745092526,14.215198422849,7.97,,,,8.09103965759277,,,,1
BOL,Bolivia,BO,2020,3099.94219053514,36.6298438060781,43.6,4.2,6.6,19.5,25.7344309399083,22.1994017233651,13.6969307612514,7.93,,,,8.43710994720459,,,,1
BOL,Bolivia,BO,2021,3384.84486462654,40.4061116931983,40.9,3.1,5.5,17.1,24.8140047022859,21.4449096123369,13.196745680803,,,,,7.96215009689331,,,,1
BOL,Bolivia,BO,2022,3643.92826984604,44.0082828798842,41.2,3.3,5.7,18.5,23.9438414707003,20.7306598485184,12.7099841428764,,,,,7.57550001144409,,,,1
BOL,Bolivia,BO,2023,3686.27996442176,45.1353980028944,42.1,2.8,5.1,16.5,23.1036641974494,20.0376938082068,12.2435835746646,,,,,8.31589071412357,,,,1
BRA,Brazil,BR,2000,3766.54811466032,655.448231983527,,,,,34.4505214787492,29.0976620768642,18.1278487260758,8.01,,,,3.94893002510071,,,,1
BRA,Brazil,BR,2001,3176.28935747524,559.98363479898,58.4,17.5,26.5,50.3,32.2114331814429,27.2615056464588,17.226296923021,8.05,,,,3.84468007087708,,,,1
BRA,Brazil,BR,2002,2855.94018885769,509.795273806715,58.1,16.2,25.5,49.8,30.1151482345539,25.5366021049108,16.3052174966601,8.09,,,,3.75037002563477,,,,1
BRA,Brazil,BR,2003,3090.6070097455,558.233745651874,57.6,17.1,26.3,50.9,28.1479405722422,23.9125684216119,15.4479854839248,8.12,,,,,,,,1
BRA,Brazil,BR,2004,3663.823188064,669.289424806307,56.5,15.3,24.7,49.5,26.3041586628314,22.3846582905299,14.6415760646904,8.15,,,,3.97447991371155,,,,1
BRA,Brazil,BR,2005,4827.78173074714,891.633839894183,56.3,13.7,22.7,47.5,24.6146245270752,20.9796409307754,13.8870026184345,8.18,,,,4.47908020019531,,,,1
BRA,Brazil,BR,2006,5934.14470924968,1107.62654143492,55.6,11.4,19.6,43.7,23.0770814111236,19.6955957948285,13.2013575584646,8.21,,,,4.87060022354126,,,,1
BRA,Brazil,BR,2007,7409.69130673473,1397.11448636867,54.9,10.8,18.2,41.2,21.7251727532427,18.5648915574167,12.591758789265,8.23,7.5,2.0,2.4,4.97425985336304,,,,1
BRA,Brazil,BR,2008,8908.33176538648,1695.85508349752,54.0,9.1,15.9,38.2,20.5365015940461,17.5699145756083,12.0429609330719,8.25,,,,5.2688398361206,,,,1
BRA,Brazil,BR,2009,8678.6592244676,1666.99643858143,53.7,8.4,14.8,36.3,19.4936773170977,16.6957470080048,11.5490807835629,8.27,,,,5.46355009078979,,,,0
BRA,Brazil,BR,2010,11403.2821278747,2208.83774510055,,,,,18.6132411852885,15.9551873888906,11.0988862134689,8.29,,,,5.64879989624023,28.0594682317914,,,0
BRA,Brazil,BR,2011,13396.6243562986,2616.15622391769,52.9,7.1,12.2,32.2,17.8646422100075,15.3246719936525,10.6804845115164,8.31,,,,5.73741006851196,28.662521677616,,Low,0
BRA,Brazil,BR,2012,12521.7213519966,2465.22780280676,53.4,6.4,10.7,30.3,17.2432803752354,14.8012255269412,10.2914624807488,8.34,,,,5.85510015487671,28.1749993082199,,,0
BRA,Brazil,BR,2013,12458.8912138813,2472.8195355572,52.7,5.4,9.6,27.8,16.7303756317201,14.3689901528969,9.96407061873346,8.38,,,,5.8388500213623,28.150486422269,,,0
BRA,Brazil,BR,2014,12274.9939689363,2456.04372719885,52.0,4.7,8.8,26.3,16.3112272300763,14.0166569138394,9.71349515635271,8.44,,,,5.94848012924194,29.2822360064413,,,0
BRA,Brazil,BR,2015,8936.19661712113,1802.2122068145,51.9,5.4,9.4,27.3,15.9637667705098,13.7237101996722,9.52024593428633,8.5,,,,6.24105978012085,33.9491788065831,,,0
BRA,Brazil,BR,2016,8836.28652735657,1795.69348285301,53.4,6.5,10.8,29.0,16.7790248519747,14.5848898844977,10.0460136087978,8.55,,,,6.314040184021,33.4051681393353,,,0
BRA,Brazil,BR,2017,10080.5092819305,2063.51497736565,53.3,6.9,11.1,29.2,15.4282362292684,13.2759264586034,9.20887832316839,8.6,,,,6.32047986984253,32.3610510090101,,,0
BRA,Brazil,BR,2018,9300.66164923219,1916.93389801098,53.9,6.9,11.0,28.6,15.2119495254606,13.0964831036804,9.14212382626791,8.64,,,,6.08851003646851,32.2312978931468,,,0
BRA,Brazil,BR,2019,9029.83326681073,1873.28820505969,53.5,7.0,10.9,28.0,15.0338456705172,12.9508822451892,9.17422842019327,8.67,8.0,3.5,3.4,5.96346998214722,31.1361557850731,,,0
BRA,Brazil,BR,2020,7074.19378337644,1476.10723131049,48.9,2.8,5.4,20.8,14.8718958055686,12.8179674016671,9.17465413293289,8.7,,,,5.77150011062622,34.9119748286061,,,0
BRA,Brazil,BR,2021,7972.5366498646,1670.6473989049,52.9,7.5,11.5,30.5,14.7336358100307,12.7023603252528,8.90062677432756,,,,,5.4969801902771,29.4981043220662,,,0
BRA,Brazil,BR,2022,9281.33334441234,1951.92394208332,52.0,4.9,8.5,25.3,14.5944443378158,12.5881821256004,8.29340105979621,,,,,5.61922979354858,31.641435845417,,,0
BRA,Brazil,BR,2023,10377.5892792557,2191.13176568463,51.6,3.8,7.5,23.4,14.4415264259814,12.4619363023351,7.60949720177243,,,,,,32.4311004876294,,,0
BRB,Barbados,BB,2000,11674.6736471764,3.0595,,,,,14.3646894320898,12.9844211918149,8.96984133906505,,,,,4.71585988998413,,,,0
BRB,Barbados,BB,2001,11639.5160522054,3.0545,,,,,14.5223358385655,13.1402502213811,9.07300683697725,,,,,6.05536985397339,,,,0
BRB,Barbados,BB,2002,11760.4524736133,3.1065,,,,,14.6950317493291,13.311424036353,9.23643990444505,,,,,5.88062000274658,,,,0
BRB,Barbados,BB,2003,12075.9587020649,3.2095,,,,,14.8222881357547,13.4424383040523,9.42299442651196,,,,,6.24569988250732,26.98426546191,,,0
BRB,Barbados,BB,2004,12886.3665272467,3.4445,,,,,14.8730870843753,13.5087162236618,9.6087891148804,,,,,6.02428007125854,25.7947452460444,,,0
BRB,Barbados,BB,2005,14214.4202213572,3.8195,,,,,14.8267767343474,13.4828569683775,9.7645555362809,,,,,5.66965007781982,28.1038131576123,,,0
BRB,Barbados,BB,2006,15619.6005955511,4.2173234,,,,,14.6974709659124,13.3802785013502,9.85602989549402,,,,,,26.8972727708053,,,0
BRB,Barbados,BB,2007,17235.4396434785,4.67576795,,,,,14.5178621308104,13.2297530680699,9.86896849009934,,,,,5.22061014175415,29.2461750694878,,,0
BRB,Barbados,BB,2008,17565.6929970592,4.7904104,,,,,14.3063685271055,13.0511347301817,9.80349248482941,,,,,4.92074012756348,30.8636436347917,,,0
BRB,Barbados,BB,2009,16294.9099491834,4.4668096,,,,,14.0852663730324,12.8657708112161,9.6995160573632,,,,,5.11040019989014,33.9790117761008,,,0
BRB,Barbados,BB,2010,18860.3833703309,5.1911885,,,,,13.8873098734384,12.7005201458146,9.57239534783967,,,,,6.05261993408203,29.9771015346486,,,0
BRB,Barbados,BB,2011,19345.9953139542,5.3421838,,,,,13.6883086045849,12.5338226148639,9.43464988403366,,,,,,28.1359896771055,,,0
BRB,Barbados,BB,2012,19034.0708028512,5.2712575,,,,,13.5024337984998,12.3776496961737,9.28162346372018,,10.5,1.3,5.3,4.58823013305664,31.0620486667555,,,0
BRB,Barbados,BB,2013,19308.0091116993,5.36115835,,,,,13.3101399701147,12.215468239475,9.11912245716296,,,,,4.50306987762451,30.9856075413255,,,0
BRB,Barbados,BB,2014,19277.9423599235,5.3659767,,,,,13.0641135674057,12.0029801925166,8.94205525665874,,,,,5.35950994491577,29.2771852512889,,,0
BRB,Barbados,BB,2015,18954.2913724506,5.28805775,,,,,12.7944266033777,11.7678485652459,8.7458861453578,,,,,5.15997517232471,31.4668784772632,,,0
BRB,Barbados,BB,2016,19065.8069800213,5.3307615,34.1,1.7,3.2,15.8,12.476127135908,11.4833604216134,8.52972486604272,,,,,4.19719982147217,30.6472250728156,,,0
BRB,Barbados,BB,2017,19692.7606711615,5.51734045,,,,,12.1208660869935,11.1653538708655,8.28932917480768,,,,,3.956209897995,,,,0
BRB,Barbados,BB,2018,20055.915870771,5.6299162,,,,,11.7723059685614,10.8531590007876,8.04495551628085,,,,,5.40447825597088,,,,0
BRB,Barbados,BB,2019,20583.7265786414,5.788288,,,,,11.408282299549,10.5272661323525,7.80371125414192,,,,,3.72228002548218,,,,0
BRB,Barbados,BB,2020,18347.1109131055,5.16834445,,,,,11.0650138155729,10.2212379946569,7.56384693255456,,,,,3.86529994010925,,,,0
BRB,Barbados,BB,2021,18696.7858952957,5.27524205,,,,,10.7218711934676,9.91221794120168,7.33136814896571,,,,,4.49793004989624,,,,0
BRB,Barbados,BB,2022,22164.0260273876,6.2573035,,,,,10.3833748698198,9.6099550693789,7.08703594125036,,,,,4.14000988006592,,,,0
BRB,Barbados,BB,2023,23804.0249914995,6.7207332,,,,,10.0397471712842,9.30046599098922,6.87123126507094,,,,,3.7754499912262,,,,0
BRN,Brunei Darussalam,BN,2000,20130.2571493081,6.57099905970575,,,,,10.3110576281161,8.30953696650081,4.97497275776664,12.33,,,,3.38460993766785,,,,0
BRN,Brunei Darussalam,BN,2001,18287.8271687345,6.09615574756182,,,,,10.0255238949669,8.11215046947515,5.00529054772964,12.38,,,,,,,,0
BRN,Brunei Darussalam,BN,2002,18621.2922677806,6.33308287897992,,,,,9.80006416081195,7.960638364492,5.04414558655894,12.44,,,,,,,,0
BRN,Brunei Darussalam,BN,2003,20677.9001224663,7.16772526475135,,,,,9.63444500443658,7.85816596994781,5.06125758945136,12.5,,,,,,,,0
BRN,Brunei Darussalam,BN,2004,24423.0947731021,8.61917879947025,,,,,9.53103324153129,7.80460589918727,5.03482455865553,12.57,,,,,,,,0
BRN,Brunei Darussalam,BN,2005,29386.2703597208,10.5472026124295,,,,,9.48250601409121,7.79586541077814,4.99004065957702,12.64,,,,,,,,0
BRN,Brunei Darussalam,BN,2006,34674.7995990594,12.6446164461918,,,,,9.47493321239865,7.8208925919849,4.94222337054036,12.72,,,,,,,,0
BRN,Brunei Darussalam,BN,2007,36217.3291010089,13.4320294956785,,,,,9.50281020105593,7.87495909812786,4.90510744953935,12.8,,,,,,,,0
BRN,Brunei Darussalam,BN,2008,42156.5685216979,15.9264564915178,,,,,9.55537845911279,7.95032315004807,4.88301135761998,12.89,,,,,,,,0
BRN,Brunei Darussalam,BN,2009,30946.4674272953,11.9129045290722,,,,,9.61922206539625,8.03590731648131,4.87615220824508,12.97,19.6,9.7,2.9,,,,,0
BRN,Brunei Darussalam,BN,2010,34937.5555174068,13.7071210312552,,,,,9.70122070449247,8.13572924810546,4.86946711039869,13.05,,,,1.84384000301361,,,,0
BRN,Brunei Darussalam,BN,2011,46382.8274456238,18.5247910706802,,,,,9.78910116318708,8.24097904826972,4.85773666361078,13.13,,,,3.32213997840881,,,,0
BRN,Brunei Darussalam,BN,2012,46968.5971144517,19.0484433399457,,,,,9.87199503236305,8.34195146015553,4.85093281772485,13.21,,,,2.88964009284973,,,,0
BRN,Brunei Darussalam,BN,2013,44003.0644293856,18.0941480994922,,,,,9.94165378595504,8.43389374262162,4.87147168324253,13.28,,,,,,,,0
BRN,Brunei Darussalam,BN,2014,41026.508391054,17.0977973719718,,,,,9.98382056551042,8.50156772904536,4.92658701907107,13.35,,,,3.35321998596191,,,,0
BRN,Brunei Darussalam,BN,2015,30625.128732694,12.9302968524882,,,,,10.0032706257573,8.54982132006021,5.01414607335539,13.4,,,,,,,,0
BRN,Brunei Darussalam,BN,2016,26663.2973199878,11.4002660553232,,,,,9.99991918805821,8.57990048704549,5.09047887389932,13.46,,,,4.42539978027344,,,,0
BRN,Brunei Darussalam,BN,2017,28024.3824618568,12.1281680467827,,,,,9.96450627483738,8.58016468585572,5.1596152873682,13.51,,,,,,,,0
BRN,Brunei Darussalam,BN,2018,30988.1190497851,13.5669084011864,,,,,9.90883252331267,8.56220833888487,5.19789154552288,13.56,,,,,,,,0
BRN,Brunei Darussalam,BN,2019,30426.5730284202,13.4692353482211,,,,,9.83474602882669,8.52884969440006,5.19089173236863,13.6,,,,,,,,0
BRN,Brunei Darussalam,BN,2020,26834.3592463839,12.0057996642691,,,,,9.73850004762403,8.47259805709808,5.15696506356423,13.64,,,,,,,,0
BRN,Brunei Darussalam,BN,2021,31006.9636220576,14.0064966143195,,,,,9.64336810824806,8.41797500108306,5.0931184509011,,,,,,,,,0
BRN,Brunei Darussalam,BN,2022,36632.9280421411,16.6815364425498,,,,,9.52843151621451,8.34523208463053,5.02187936376163,,,,,,,,,0
BRN,Brunei Darussalam,BN,2023,32890.5492465722,15.0950846861651,,,,,9.3905740434742,8.24543029564618,4.9339206782503,,,,,,,,,0
BTN,Bhutan,BT,2000,771.924911410619,0.460733418399276,,,,,78.4817644190221,60.0541345566851,32.1075986519705,12.35,,,,5.78675985336304,18.2868822617884,,,1
BTN,Bhutan,BT,2001,812.238210772056,0.496110225710307,,,,,74.005675529028,56.7347288381538,31.1356731360145,12.29,,,,5.44985008239746,19.3825946871297,,,1
BTN,Bhutan,BT,2002,895.799489930972,0.559345263708309,,,,,69.6277560502566,53.4811552052479,30.0897782194797,12.22,,,,,17.753205497603,,,1
BTN,Bhutan,BT,2003,1022.38240311018,0.651935430314445,40.9,23.1,41.6,76.1,65.3705152433315,50.299037384261,29.0855544023804,12.14,,,,,17.6930195474782,,,1
BTN,Bhutan,BT,2004,1130.35934606796,0.735348490428435,,,,,61.1828805359955,47.1712130425895,28.0104318386257,12.05,,,,6.12311983108521,16.2325864534645,,,1
BTN,Bhutan,BT,2005,1299.94938578359,0.860391000221655,,,,,57.0983660403952,44.0964955268906,26.9251709298211,11.97,,,,6.76420021057129,18.8022858870792,,,1
BTN,Bhutan,BT,2006,1405.6071618158,0.942879878538879,,,,,53.2341541557314,41.1986135107549,25.867851590714,11.89,,,,,18.3739035007277,,,1
BTN,Bhutan,BT,2007,1850.41570433398,1.25576796400491,38.1,12.0,26.8,65.1,49.5925757566103,38.4479957698341,24.8146803872151,11.83,,,,,17.510448810681,,,1
BTN,Bhutan,BT,2008,1919.59774896395,1.31751783459916,,,,,46.2061269727193,35.9107155245535,23.7299253592737,11.79,34.9,10.4,4.5,4.56950998306274,21.5505702403735,,,1
BTN,Bhutan,BT,2009,1918.39599211093,1.33134379777308,,,,,43.0793430729521,33.5536836638117,22.634950114204,11.76,,,,4.41887998580933,22.1231123083322,,,1
BTN,Bhutan,BT,2010,2435.5798056672,1.70888073020988,,,,,40.2765850997763,31.4394460472321,21.6597941819972,11.74,33.5,12.7,5.9,3.82318997383118,20.1367804659329,,,1
BTN,Bhutan,BT,2011,2787.97967608562,1.97772865868259,,,,,37.7489507556673,29.521475430906,20.7445878802467,11.73,,,,4.31658983230591,20.1181323773237,,,1
BTN,Bhutan,BT,2012,2751.2128864294,1.97338722796518,38.8,3.6,12.1,48.5,35.6117616998978,27.9244806945217,19.7033308361889,11.72,,,,,18.8856610730292,,,1
BTN,Bhutan,BT,2013,2679.95217201538,1.94369695165411,,,,,33.7714897985181,26.5440792519735,18.7181651899098,11.69,,,,5.16563987731934,18.6357911039665,,,1
BTN,Bhutan,BT,2014,2849.49998647303,2.08907957058284,,,,,32.1772396782471,25.3520516951991,17.8294923834166,11.67,,,,5.46183013916016,17.0322760399245,,,1
BTN,Bhutan,BT,2015,2954.04081911097,2.18781580336833,,,,,30.8403303542593,24.3552734298819,17.0562070437048,11.63,,,,6.92889022827148,17.9112552177493,,,1
BTN,Bhutan,BT,2016,3152.30905106786,2.35750476078592,,,,,29.6063688942234,23.4412717848284,16.3403658421462,11.57,,,,6.40447998046875,17.6140527540135,,,1
BTN,Bhutan,BT,2017,3435.28804735662,2.59135800920276,37.4,2.6,9.6,42.5,28.5286854936874,22.6382988576142,15.7376288691178,11.52,,,,6.6172399520874,17.6203577247984,,,1
BTN,Bhutan,BT,2018,3400.20417245342,2.58333572185904,,,,,27.4463330813707,21.8350177691278,15.1741682950367,11.48,,,,6.47809982299805,19.3875030428865,,,1
BTN,Bhutan,BT,2019,3576.87987100503,2.73568357046155,,,,,26.455569869186,21.0814690515305,14.599690911571,11.45,,,,4.50982783818663,16.630738064931,,,1
BTN,Bhutan,BT,2020,3191.66906999331,2.45760433390927,,,,,25.4905751754242,20.3411209113979,14.0896301347476,11.43,,,,5.46991778261464,24.0761573964997,,,1
BTN,Bhutan,BT,2021,3570.61257980872,2.76880296011204,,,,,24.691200402369,19.7516102125101,13.6366336278064,,,,,6.5983860642268,,,,1
BTN,Bhutan,BT,2022,3711.32767981591,2.89822774375576,28.5,0.0,0.5,10.1,23.8639022523501,19.1286374303084,13.1742567088396,,,,,7.46981980280053,,,,1
BTN,Bhutan,BT,2023,3839.4093039286,3.01925388546989,,,,,23.0580867456751,18.5246478217584,12.6606071423175,,17.9,8.7,5.1,5.84519004821777,,,,1
BWA,Botswana,BW,2000,3450.81180622992,5.78832960915755,,,,,81.1199391284379,42.4979589206733,11.0218824804739,18.1,29.1,11.1,5.9,,,,,1
BWA,Botswana,BW,2001,3206.07123689853,5.48960829966444,,,,,81.2467393045087,42.2656686372297,11.8377143050769,18.13,,,,,,,,1
BWA,Botswana,BW,2002,3117.25087183011,5.43886398288692,61.5,34.8,49.2,70.6,79.9986982830272,42.3790796636792,13.0558361975532,18.19,,,,,,,,1
BWA,Botswana,BW,2003,4230.12326909926,7.51158217337724,,,,,78.4775112518773,43.2941228266249,14.5776497340775,18.21,,,,,,,,1
BWA,Botswana,BW,2004,4956.69287735214,8.9574677065354,,,,,76.3140356795823,44.5287247661512,16.3564705134533,18.21,,,,,,,,1
BWA,Botswana,BW,2005,5391.07076619634,9.91890710809701,,,,,70.298789415938,42.975708504806,18.2160586479461,18.17,,,,10.6785898208618,,,,1
BWA,Botswana,BW,2006,5291.58379144849,9.91915848241085,,,,,64.342429655361,43.832533401621,20.0645442571673,18.08,,,,,29.3333740630352,,,1
BWA,Botswana,BW,2007,5529.12574632532,10.5672706555027,,,,,61.6064101836236,47.0830246443095,21.2650738536038,18.0,28.9,11.8,7.3,9.04666996002197,31.1492331125624,,,1
BWA,Botswana,BW,2008,5503.07395314313,10.7308291164105,,,,,60.3359523443071,48.9536108243076,22.1731866962551,17.87,,,,,35.751214669201,,,1
BWA,Botswana,BW,2009,5082.93388332404,10.1184592423183,56.9,21.1,33.9,62.7,57.7893298705369,49.2719671379167,22.8588094126987,17.75,,,,9.8253002166748,39.1751612933252,,,1
BWA,Botswana,BW,2010,6215.73216077919,12.6372734291339,,,,,55.8176543815573,50.4832869966063,23.2942463909887,17.61,,,,,33.5156076335395,,,1
BWA,Botswana,BW,2011,7287.38295334919,15.1106436121729,,,,,56.7500307936527,51.9672820742429,23.5420715448738,17.44,,,,10.8265537416631,29.7867605507382,,,1
BWA,Botswana,BW,2012,6595.53845015424,13.9074645001489,,,,,53.4314084095421,48.7691189849566,23.6868094679312,17.3,,,,8.1098729741114,31.5200789767544,,,1
BWA,Botswana,BW,2013,6666.91219583487,14.2717389332042,,,,,50.9910138393754,47.6373336124754,23.7083379264987,17.17,,,,8.0172064061589,29.48597480927,,,1
BWA,Botswana,BW,2014,7122.36423421503,15.4700885007414,,,,,51.1435334525934,48.3540083156496,23.6182143415755,17.09,,,,7.88874188960311,29.1324048731669,,,1
BWA,Botswana,BW,2015,6141.20394726616,13.5307488445049,54.9,21.4,35.8,63.2,49.8053829827508,47.2237908677901,23.5013863301047,17.04,,,,8.39457941644674,31.2430941784713,,Very_High,1
BWA,Botswana,BW,2016,6749.05994339013,15.0826371840496,,,,,48.9739661066963,46.6636029155068,23.373197318974,17.0,,,,8.73589296358928,26.7811392255083,,,1
BWA,Botswana,BW,2017,7104.96401088027,16.1051558567708,,,,,46.5473028097308,44.2855408007527,23.1104692459524,16.97,,,,7.80924443947392,28.154984240063,,,1
BWA,Botswana,BW,2018,7407.95940141786,17.0319431861353,,,,,45.8765473147908,43.2301549480655,22.7493633687756,16.91,,,,7.9053860532971,29.0644156467701,,,1
BWA,Botswana,BW,2019,7172.08956480028,16.7259081485481,,,,,44.9939039265893,42.3413076996358,22.399257210161,16.86,,,,8.3989966033446,28.800544988701,,,1
BWA,Botswana,BW,2020,6323.29749806946,14.9602516108975,,,,,43.8910937838267,41.4669651671818,22.0925789417912,16.83,,,,8.05833660991541,33.8588005035996,,,1
BWA,Botswana,BW,2021,7807.88794500125,18.7501822345317,,,,,42.0255352403768,40.2850072034234,21.632893348936,,,,,,28.389444963017,,,1
BWA,Botswana,BW,2022,8328.70905682185,20.3211505980672,,,,,40.658396411606,39.2481988524978,21.2389523022687,,,,,,25.0924165298183,,,1
BWA,Botswana,BW,2023,7826.35376483298,19.4112669671044,,,,,39.5682175258074,38.2487924524973,20.8804489967546,,,,,,23.896888551899,,,1
CAF,Central African Republic,CF,2000,239.154133726071,0.916777282691658,,,,,165.548481086575,99.8123209702385,42.960183974387,15.25,48.1,27.1,11.5,1.61265003681183,,,,1
CAF,Central African Republic,CF,2001,237.951702544735,0.932648604751954,,,,,162.800223335345,98.3016590551428,42.323969236238,15.3,,,,,,,,1
CAF,Central African Republic,CF,2002,248.639290978403,0.996068144884889,,,,,159.449890843409,96.5353876165732,41.6554034461929,15.35,,,,1.5195699930191,,,,1
CAF,Central African Republic,CF,2003,278.403992150941,1.14231552253864,,,,,155.952609984631,94.6739505448042,40.9918803437999,15.4,,,,1.53980004787445,,,,1
CAF,Central African Republic,CF,2004,303.461321152782,1.27236051732373,,,,,152.236970185227,92.5955981564462,40.2757131170698,15.45,,,,1.6245299577713,9.66162851275332,,,1
CAF,Central African Republic,CF,2005,311.950023138687,1.33789437873743,,,,,148.35646891388,90.4761769309669,39.5649493943408,15.49,,,,1.65222001075745,,,,1
CAF,Central African Republic,CF,2006,333.942519903031,1.46185976233459,,,,,143.760714645484,87.8053033185198,38.8773871813382,15.54,49.4,26.5,11.3,1.41506004333496,,,,1
CAF,Central African Republic,CF,2007,380.887048839475,1.69981129494935,,,,,139.52900033945,85.5721465240598,38.1342912583768,15.58,,,,1.31332004070282,,,,1
CAF,Central African Republic,CF,2008,437.24827472489,1.99340788849838,56.2,67.3,79.1,92.4,135.62314742571,83.5664597542497,37.4729856297928,15.61,,,,1.29000997543335,11.0060729405559,,,1
CAF,Central African Republic,CF,2009,456.471673898404,2.06738166525454,,,,,478.931974931059,234.87692307655,42.7184581745711,15.62,,,,1.25458002090454,15.8641793874006,,,1
CAF,Central African Republic,CF,2010,476.873786950728,2.14259154040068,,,,,149.226658103573,88.0883140635614,36.5297159324777,15.67,44.9,25.9,7.6,1.11760997772217,16.3366647703798,,,1
CAF,Central African Republic,CF,2011,534.057281471636,2.43798270512093,,,,,125.383169493446,78.068010701214,35.6479786355258,15.75,,,,1.10792005062103,13.4640903708419,,,1
CAF,Central African Republic,CF,2012,544.395849142785,2.51012651222831,,,,,122.256835964669,76.4918120832766,35.2199171269049,15.89,39.7,24.5,7.4,1.98034724839473,8.18447190574619,,,1
CAF,Central African Republic,CF,2013,364.36696260838,1.69154411018543,,,,,133.550322052189,80.9995540952737,35.1217095879904,16.09,,,,2.63821423826355,,,,1
CAF,Central African Republic,CF,2014,409.8504859647,1.89481338940325,,,,,182.577890770389,100.153967773999,35.6456649878602,16.25,38.0,20.0,6.2,2.22015331698693,8.27197400077813,,,1
CAF,Central African Republic,CF,2015,366.322853938121,1.69582571419282,,,,,114.140551837286,72.3734820171524,34.2023644838604,16.35,,,,1.9102285875012,9.30655844158761,,,1
CAF,Central African Republic,CF,2016,387.176203444318,1.82501814465595,,,,,126.074978848133,77.0277046481348,34.0983311842496,16.39,,,,1.75408898250234,9.02134552692702,,,1
CAF,Central African Republic,CF,2017,432.324025684263,2.0723499726818,,,,,152.373447590042,87.4329808379293,34.2590195322995,16.36,,,,1.75365013911465,8.67679860120799,,,1
CAF,Central African Republic,CF,2018,455.243962859534,2.22097914611241,,,,,119.788665587216,73.9972295942882,33.3957489256366,16.35,37.5,19.7,6.5,1.56587596817535,10.1233533419528,,,1
CAF,Central African Republic,CF,2019,449.228467602439,2.22130135143918,,,,,243.12053040911,124.288412577821,35.0434997003189,16.34,44.2,25.9,6.1,1.76792074637361,9.93933909760806,,,1
CAF,Central African Republic,CF,2020,462.879071294011,2.32672090038046,,,,,122.62268965196,74.4735406583731,32.5611672618754,16.35,,,,2.14468061163977,13.9733066121224,,,1
CAF,Central African Republic,CF,2021,492.263142830507,2.51649841246384,43.0,71.6,83.9,96.1,171.252412987167,93.6488915889408,33.0339807384683,,,,,1.8725169173301,11.6613898280077,,,1
CAF,Central African Republic,CF,2022,467.359825026238,2.38261861501694,,,,,387.442500174647,189.058197753248,36.2449972508498,,37.9,18.4,5.2,2.11509129476365,,,,1
CAF,Central African Republic,CF,2023,495.978897288721,2.55549208594725,,,,,92.1958673827785,60.4132592026833,30.7100928642479,,,,,1.82995911310419,,,,1
CAN,Canada,CA,2000,24271.0020563821,744.773415931587,33.4,0.2,0.5,1.0,6.22855252659155,5.27358602658218,3.75575256098975,5.69,,,,5.42331981658935,18.7745182688509,,,0
CAN,Canada,CA,2001,23822.096210932,738.981792355371,33.6,0.2,0.5,1.0,6.19490882489455,5.26256299269751,3.80465938638817,5.73,,,,4.95303010940552,18.7110049059225,,,0
CAN,Canada,CA,2002,24256.0192337185,760.649334098005,33.6,0.2,0.5,1.0,6.17900013609522,5.26585134604169,3.8775506847791,5.77,,,,4.99308013916016,17.963084125068,,,0
CAN,Canada,CA,2003,28301.8645937428,895.540646634787,33.8,0.2,0.5,0.7,6.16513155213519,5.26985178009271,3.93409071083766,5.81,,,,,18.0373335713637,,,0
CAN,Canada,CA,2004,32145.5412620217,1026.69023827825,33.8,0.2,0.5,0.7,6.1375714439511,5.26152349209562,3.94017144279863,5.86,,,,,17.2659172104417,,,0
CAN,Canada,CA,2005,36383.6600068095,1173.10859877867,33.6,0.2,0.5,1.0,6.09457780121301,5.23778057758672,3.9036333375936,5.9,,,,4.76588010787964,17.8239879344923,,,0
CAN,Canada,CA,2006,40504.0370977806,1319.26480959097,34.1,0.2,0.5,0.7,6.0356314717299,5.19953611651453,3.85316830869098,5.94,,,,,17.0276912468077,,,0
CAN,Canada,CA,2007,44660.0838892281,1468.82040778326,33.8,0.2,0.2,0.7,5.96187008167015,5.14665352259098,3.80936949022674,5.99,,,,4.7664098739624,16.9627803202211,,,0
CAN,Canada,CA,2008,46710.2526864484,1552.98969072164,33.9,0.2,0.5,1.0,5.88321562225873,5.08797819523115,3.77670930537946,6.04,,,,4.62612009048462,17.0833534495245,,,0
CAN,Canada,CA,2009,40874.8831932903,1374.62514215729,34.0,0.2,0.2,1.0,5.80278121784002,5.02638105051618,3.75910664052134,6.09,,,,4.84057998657227,18.85417104193,,,0
CAN,Canada,CA,2010,47560.6666009406,1617.34336748626,33.6,0.2,0.2,0.7,5.72600158211711,4.96625988536171,3.7465115527387,6.14,,,,5.356369972229,19.0847071449408,,,0
CAN,Canada,CA,2011,52223.8588398531,1793.32663017452,32.7,0.2,0.5,0.7,5.64957286378486,4.90588195741511,3.72554587536976,6.19,,,,5.26205015182495,17.8502680006291,,,0
CAN,Canada,CA,2012,52670.3447335415,1828.3664815216,33.5,0.2,0.5,1.0,5.57325851646939,4.84451866066461,3.68799015706226,6.24,,,,,17.5175199279774,,,0
CAN,Canada,CA,2013,52638.1187235237,1846.59742183498,33.8,0.5,0.5,1.0,5.49755447471286,4.78317756711768,3.64110602950935,6.29,,,,4.5890097618103,17.0848821579089,,,0
CAN,Canada,CA,2014,50960.8431174661,1805.74987843994,33.2,0.2,0.5,1.0,5.42332275194478,4.72225066312694,3.59141230465445,6.34,,,,4.84358978271484,16.4020498301416,,,0
CAN,Canada,CA,2015,43594.1941045394,1556.50881621713,33.7,0.5,0.5,1.0,5.35155059296645,4.66273163920387,3.54317089512848,6.38,,,,4.7393798828125,17.0597786823228,,,0
CAN,Canada,CA,2016,42314.0615817218,1527.99474190743,32.7,0.5,0.5,1.0,5.28664736204901,4.60905529870324,3.50144403335137,6.43,,,,4.81642007827759,17.498604071126,,,0
CAN,Canada,CA,2017,45129.628116623,1649.26564424409,33.3,0.5,0.5,0.7,5.23055080597854,4.5631339930551,3.46977500812747,6.48,,,,4.95996999740601,17.6065954076372,,,0
CAN,Canada,CA,2018,46539.1761570405,1725.32919278302,32.5,0.2,0.5,0.7,5.18537341821745,4.52661180762314,3.44819988493706,6.52,,,,4.8889799118042,17.5409004540917,,,0
CAN,Canada,CA,2019,46352.8693445211,1743.72518367252,31.7,0.2,0.5,0.7,5.14737055633171,4.49581657828768,3.43604355681946,6.57,,,,4.77293014526367,18.1057096781026,,,0
CAN,Canada,CA,2020,43537.839298904,1655.68473000019,29.9,0.2,0.2,0.5,5.11837926819681,4.47309003942174,3.42808153497337,6.63,,,,4.88794994354248,28.5714736058033,,,0
CAN,Canada,CA,2021,52886.6616372703,2022.37874842323,31.1,0.2,0.2,0.5,5.09999576446677,4.45950374376281,3.42193108948121,,,,,4.74860000610352,22.4985744222565,,,0
CAN,Canada,CA,2022,56256.8007264015,2190.41108013432,,,,,5.08805253282014,4.45172511842519,3.41030045080537,,,,,4.88021993637085,18.2522606578883,,,0
CAN,Canada,CA,2023,54220.3285039875,2173.33967006433,,,,,5.06430607881266,4.43416744839393,3.38850470428968,,,,,,19.2603133808938,,,0
CHE,Switzerland,CH,2000,38865.021939688,279.216033870204,33.4,0.2,0.2,0.5,5.63342008636758,4.67617010612815,3.45833134253542,6.23,,,,4.65878009796143,18.516531788552,,,0
CHE,Switzerland,CH,2001,39638.7911061864,286.582672434226,,,,,5.53767900768396,4.613821301316,3.44721894573966,6.25,,,,4.82218980789185,17.5202183407864,,,0
CHE,Switzerland,CH,2002,42458.7384679187,309.301422430386,31.7,0.0,0.0,0.2,5.43330285667221,4.54301666634315,3.41378603245842,6.26,,,,5.17881011962891,19.4819504580923,,,0
CHE,Switzerland,CH,2003,49335.7456291067,362.07508650776,,,,,5.31287176016375,4.45895841474149,3.36378354366832,6.28,,,,5.38400983810425,18.3415985235915,,,0
CHE,Switzerland,CH,2004,54659.4571488233,403.912891033374,31.6,0.2,0.2,0.5,5.18836907683516,4.37044989087313,3.31290413387126,6.29,,,,5.3142900466919,18.1701679230064,,,0
CHE,Switzerland,CH,2005,56242.8933645639,418.284865884998,,,,,5.06353111008374,4.28072190799588,3.27708900812789,6.3,,,,5.08472013473511,17.8222313074719,,,0
CHE,Switzerland,CH,2006,59011.0324592016,441.634672196523,33.9,0.1,0.2,0.5,4.94084938092678,4.19213168927424,3.25910314708627,6.32,,,,4.84120988845825,16.8917221176105,,,0
CHE,Switzerland,CH,2007,64989.1553256031,490.740715594802,34.3,0.1,0.1,0.5,4.8277903152258,4.11032003622128,3.24312131742749,6.33,,,,4.58395004272461,16.3543043101587,,,0
CHE,Switzerland,CH,2008,74175.1927898555,567.267767519157,33.8,0.1,0.1,0.5,4.72695959749481,4.03782751012067,3.22274214275587,6.34,,,,4.75725984573364,15.8397851197895,,,0
CHE,Switzerland,CH,2009,71568.3123885672,554.212916092271,32.9,0.0,0.1,0.3,4.63813533941283,3.97486488846889,3.19364788104123,6.35,,,,4.92561006546021,16.918582516051,,,0
CHE,Switzerland,CH,2010,76531.3728182297,598.85102794772,32.6,0.1,0.2,0.5,4.56015353093883,3.92038274736223,3.15101754756788,6.36,,,,4.80210018157959,16.7197445696918,,,0
CHE,Switzerland,CH,2011,90476.7589651577,715.888126682396,31.7,0.0,0.0,0.1,4.49464372868554,3.87538324421013,3.10264734282035,6.37,,,,4.85663986206055,16.6376791837765,,,0
CHE,Switzerland,CH,2012,85836.2076767359,686.42022155799,31.6,0.0,0.0,0.0,4.43697071868129,3.83558917650331,3.06144163413304,6.38,,,,4.89862012863159,16.5219261840556,,,0
CHE,Switzerland,CH,2013,87304.3305813557,706.234937370968,32.5,0.0,0.0,0.1,4.38622598849883,3.80166714014981,3.02971883414124,6.38,,,,4.91392993927002,16.7887620098092,,,0
CHE,Switzerland,CH,2014,88724.9910735609,726.537809429524,32.5,0.0,0.1,0.1,4.33540626330823,3.7665728058916,2.99953243900489,6.39,,,,4.93057012557983,16.7192644780742,,,0
CHE,Switzerland,CH,2015,83806.4476003837,694.118186379628,32.3,0.0,0.0,0.1,4.27339957127556,3.72107339664565,2.96207587055174,6.39,,,,4.99559020996094,17.0674446630017,,,0
CHE,Switzerland,CH,2016,82153.0745447889,687.895460902713,33.0,0.0,0.1,0.2,4.2052187537279,3.66953554621774,2.91807144202606,6.4,,,,4.98163986206055,17.2408228496826,,,0
CHE,Switzerland,CH,2017,82254.3770471336,695.200834102045,32.7,0.0,0.0,0.1,4.14004953808857,3.61997129920618,2.88020226614759,6.4,,,,5.01765012741089,17.2162171145504,,,0
CHE,Switzerland,CH,2018,85217.3691512274,725.568717468001,33.1,0.0,0.0,0.2,4.08326785547297,3.57731048051409,2.85197539071455,6.41,,,,4.93008995056152,16.7182236540887,,,0
CHE,Switzerland,CH,2019,84121.9310304414,721.369112726724,34.0,0.0,0.0,0.2,4.03673136587748,3.54339017447594,2.83528872548031,6.41,,,,5.01438999176025,16.8530605013535,,,0
CHE,Switzerland,CH,2020,85897.7843338323,741.999406005627,33.7,0.1,0.1,0.1,4.00421386481675,3.5212701916772,2.83036796847068,6.42,,,,5.27676010131836,20.0431954756295,,,0
CHE,Switzerland,CH,2021,93664.7736696111,815.309330986719,33.8,0.0,0.1,0.2,3.98201606032512,3.50843247758748,2.83253045596064,,,,,5.03708982467651,18.9667523426681,,,0
CHE,Switzerland,CH,2022,94394.5106803525,828.508926958393,33.8,0.2,0.2,0.3,3.96310535034409,3.49791237857456,2.83262923243928,,,,,4.92419004440308,16.4692697536485,,,0
CHE,Switzerland,CH,2023,100631.802755125,894.424821645204,,,,,3.94356458065003,3.4872866615374,2.82322406845057,,,,,,16.7263244208761,,,0
CHL,Chile,CL,2000,5052.99245766325,78.339750721364,52.8,8.6,16.1,44.5,10.9380476804024,9.19242269055647,5.75344988800626,5.27,,,,3.75707006454468,20.1386805049182,,,0
CHL,Chile,CL,2001,4563.5952986689,71.5747395614329,,,,,10.2795181814126,8.65272263120367,5.43069701730794,5.34,2.8,0.7,0.5,,20.0571230559933,,,0
CHL,Chile,CL,2002,4430.84741157984,70.2640459392773,,,,,9.7647524255664,8.23452247426387,5.25423355890678,5.41,2.5,0.7,0.5,4.04881000518799,20.0926250802076,,,0
CHL,Chile,CL,2003,4773.40177520754,76.4925796440605,51.5,7.9,15.5,43.2,9.47369123139665,8.00500821589813,5.28250706154394,5.48,2.5,0.6,0.5,3.91868996620178,19.3366626993026,,,0
CHL,Chile,CL,2004,6120.59152055344,99.0759857736682,,,,,9.29735661128646,7.87320847867769,5.39769264978203,5.55,2.4,0.6,0.5,3.54307007789612,18.2083109080648,,,0
CHL,Chile,CL,2005,7480.32330998636,122.294145163192,,,,,9.128719392302,7.74814654906324,5.47554825511997,5.62,,,,3.28016996383667,17.2109749859784,,,0
CHL,Chile,CL,2006,9318.65655296121,153.843518170864,47.7,3.3,7.7,32.0,8.97314945211859,7.63377388782208,5.47909493495077,5.69,2.2,0.6,0.5,3.04014992713928,15.8867269551126,,,0
CHL,Chile,CL,2007,10346.4138184533,172.491076033863,,,,,8.88035670554342,7.57186619773167,5.4229954762855,5.76,2.1,0.6,0.3,3.2331600189209,16.0414047722644,,,0
CHL,Chile,CL,2008,10683.2188772511,179.894594475405,,,,,8.85447732361111,7.56676136260416,5.33304938245296,5.83,2.0,0.5,0.3,3.79189991950989,18.4111324189756,,,0
CHL,Chile,CL,2009,10098.8017167286,171.777900623892,47.4,2.6,5.7,27.6,8.82922164892548,7.56086069927214,5.27112510389306,5.9,,,,4.25475978851318,21.3114681707184,,,0
CHL,Chile,CL,2010,12632.8704724192,217.051209238534,,,,,8.73132070980392,7.49155945033351,5.29419412333133,5.97,,,,4.18953990936279,20.2081834494716,,,0
CHL,Chile,CL,2011,14487.3927832032,251.38257389387,46.9,1.7,4.1,23.5,8.56959281862525,7.36521122408627,5.34367042405389,6.05,,,,4.0617299079895,19.4945095729622,,Very_Low,0
CHL,Chile,CL,2012,15241.9069981119,267.024782486855,,,,,8.39103134863241,7.22318112774956,5.32265029935131,6.13,,,,,19.9248545225746,,,0
CHL,Chile,CL,2013,15683.5486369155,277.395018842417,46.8,0.8,2.0,14.4,8.2238784122022,7.0884246900958,5.21664952017739,6.21,1.8,0.5,0.3,4.54814004898071,20.1963012042744,,,0
CHL,Chile,CL,2014,14529.6767206336,259.560978224359,,,,,8.06606034583272,6.96023222947713,5.14541446633122,6.3,1.8,0.5,0.3,4.75167989730835,20.6752522601778,,,0
CHL,Chile,CL,2015,13433.9202987032,242.450355830884,45.3,0.7,1.6,11.7,7.91585779069202,6.83684537422131,5.2195323586426,6.39,,,,4.90390014648438,21.6348148833018,,,0
CHL,Chile,CL,2016,13649.8520452803,249.344863928438,,,,,7.74448397158538,6.69298981474206,5.32559784113474,6.49,,,,5.3664698600769,22.1268634762876,,,0
CHL,Chile,CL,2017,14879.9086227187,276.154259981096,45.3,0.5,1.0,9.0,7.51981492318608,6.50166227765086,5.26121756562516,6.58,,,,5.43278980255127,22.3472564737029,,,0
CHL,Chile,CL,2018,15659.4808675628,295.857562991708,,,,,7.24434743241162,6.26571142120494,4.97955417434309,6.67,,,,5.473060131073,22.6179870091523,,,0
CHL,Chile,CL,2019,14495.716721687,278.285058719466,,,,,6.97299103258655,6.03257340674072,4.69002193323161,6.76,,,,5.62630987167358,23.3151987137799,,,0
CHL,Chile,CL,2020,13114.815470545,254.042159309311,47.0,1.7,2.7,11.3,6.7660951263355,5.85394396035437,4.53976052248672,6.84,,,,5.62993001937866,26.2421928843387,,,0
CHL,Chile,CL,2021,16206.8325493421,315.325547162072,,,,,6.68939395961215,5.78791801129398,4.47707357126739,,,,,4.99923992156982,30.8172643358219,,,0
CHL,Chile,CL,2022,15405.6165774073,301.226575540242,43.0,0.5,0.9,5.7,6.81752022825302,5.89970124017777,4.4986445749919,,,,,4.89753007888794,24.1256231102656,,,0
CHL,Chile,CL,2023,17067.0364799154,335.518054097637,,,,,7.16415210639038,6.20056391562356,4.63224856552053,,,,,,24.579585902841,,,0
CHN,China,CN,2000,969.199513696287,1223.75491997105,,,,,36.7157122561846,29.9570988127273,21.3795478786711,5.74,17.8,7.4,2.5,,,,,1
CHN,China,CN,2001,1065.40597574519,1355.03659025152,,,,,34.1527648026908,27.8323349036362,19.9402368172846,5.7,,,,,,,,1
CHN,China,CN,2002,1163.55957673426,1489.82168205054,42.0,48.1,64.0,89.3,31.5120259302679,25.6456350418425,18.4262836267642,5.65,21.8,6.8,3.0,,,,,1
CHN,China,CN,2003,1306.97245408557,1683.90330984385,,,,,28.8743309992798,23.4500221418651,16.8690670121943,5.59,,,,,,,,1
CHN,China,CN,2004,1530.92726215723,1984.19655130044,,,,,26.3539703902089,21.3445888584258,15.3372759238141,5.52,,,,,,,,1
CHN,China,CN,2005,1777.64496828464,2317.55129805205,40.9,33.1,50.7,81.8,24.026669913804,19.4033503180906,13.8644164911519,5.46,11.7,4.5,2.9,,,,,1
CHN,China,CN,2006,2129.25696999613,2791.49847280433,,,,,21.9380392587143,17.658305873111,12.5020409981109,5.39,,,,,,,,1
CHN,China,CN,2007,2734.72709877693,3604.05582257163,,,,,20.0966983893298,16.1123034176088,11.2746800532473,5.32,,,,,,,,1
CHN,China,CN,2008,3523.44302065213,4667.34641452195,43.0,26.2,41.6,73.0,18.4745284570973,14.7501095276935,10.179705467781,5.27,9.8,3.8,2.6,,,,,0
CHN,China,CN,2009,3898.24459158811,5189.57709499758,,,,,17.0560595804306,13.553414071767,9.21138101227311,5.22,9.0,3.4,2.6,,,,,0
CHN,China,CN,2010,4629.24551710077,6192.56487445329,43.7,20.6,34.9,66.1,15.7594801171866,12.4596763784658,8.36808360896078,5.18,9.4,3.4,2.3,,,,,0
CHN,China,CN,2011,5703.76027973346,7671.75720785129,42.4,15.7,29.7,62.7,14.5718047754191,11.4543675119841,7.62486716257317,5.15,,,,,,,,0
CHN,China,CN,2012,6405.0574241349,8673.66471318924,42.2,13.2,25.7,58.0,13.4822855722533,10.5353896422996,6.95750917722151,5.12,,,,,,,,0
CHN,China,CN,2013,7147.03518622344,9743.12424726724,39.7,6.2,17.0,51.7,12.4716665699063,9.68246480154275,6.36092927599213,5.09,8.1,2.4,1.9,,,,,0
CHN,China,CN,2014,7781.06597484974,10674.5331682574,39.2,4.7,14.0,46.7,11.5447204717334,8.90363976086378,5.81898337200816,5.06,,,,,,,,0
CHN,China,CN,2015,8175.33285077393,11280.8147874689,38.6,3.0,10.9,42.4,10.7048878861656,8.1973468047323,5.318192339175,5.04,,,,,,,,0
CHN,China,CN,2016,8254.86859320357,11456.024084962,38.5,2.2,8.7,38.7,9.93477986606064,7.55169809910338,4.86172416450387,5.01,,,,,,,,0
CHN,China,CN,2017,8979.67652709856,12537.5590622829,39.1,1.7,7.7,36.3,9.23764273165984,6.96816371989983,4.44641968698934,4.98,4.8,,1.9,,,,,0
CHN,China,CN,2018,10085.6638148819,14147.7657729638,38.5,0.8,5.7,32.2,8.60863160108358,6.44321928650997,4.07992040419627,4.96,,,,,,,,0
CHN,China,CN,2019,10342.9009524335,14560.1671012834,38.2,0.0,3.2,28.9,8.03920515359815,5.96869071509553,3.75588913745138,4.96,,,,,,,,0
CHN,China,CN,2020,10627.4637989619,14996.4141667151,37.1,0.0,1.7,29.5,7.51663400226327,5.53619523533786,3.47659389866903,4.97,,,,,,,,0
CHN,China,CN,2021,12887.4357242941,18201.698719564,35.7,0.0,0.3,21.0,7.03962556070945,5.1429245949434,3.2328682425726,,,,,,,,,0
CHN,China,CN,2022,12970.6056414327,18316.7650216902,36.0,0.0,0.5,21.5,6.59504673847644,4.77993852845917,3.01712991259276,,,,,,,,,0
CHN,China,CN,2023,12951.1782397043,18270.3566545332,,,,,6.1903512672627,4.4513127679397,2.82635108390129,,,,,4.00127983093262,,,,0
CIV,Cote d'Ivoire,CI,2000,936.636541348798,16.5775338918785,,,,,140.502104783565,91.3646575191562,40.8132799062098,19.41,,,,2.40031003952026,,,,1
CIV,Cote d'Ivoire,CI,2001,924.727294962066,16.8105370438407,,,,,137.082236726852,89.378375596126,40.3383984511819,19.4,,,,2.44477009773254,8.2941205356375,,,1
CIV,Cote d'Ivoire,CI,2002,967.815864415991,18.0543833208474,41.3,44.7,65.5,88.8,133.444168152523,87.2671028213084,39.8736323762391,19.39,,,,2.81048011779785,9.08261519702029,,,1
CIV,Cote d'Ivoire,CI,2003,1111.17135087887,21.2517543404305,,,,,129.633210367728,85.0903895724035,39.392531798552,19.38,,,,2.86437010765076,10.3190259166705,,,1
CIV,Cote d'Ivoire,CI,2004,1199.82524528546,23.5105756813686,,,,,125.739582191479,82.7905337815656,38.8898750424188,19.37,,,,2.91176009178162,10.1072584827044,,,1
CIV,Cote d'Ivoire,CI,2005,1197.74616979415,24.0369187031747,,,,,121.622309911236,80.2219771440695,38.3976851139019,19.36,,,,2.91944003105164,10.5281294074699,,,1
CIV,Cote d'Ivoire,CI,2006,1230.43056838584,25.2814132633712,,,,,117.812969742107,78.0831329560557,37.8987291547305,19.35,,,,2.8199999332428,9.75267521167762,,,1
CIV,Cote d'Ivoire,CI,2007,1367.53817722326,28.7600909533081,,,,,113.918272080177,75.5773927718096,37.3349261002316,19.33,44.4,36.5,16.0,3.01613998413086,10.6613980449347,,,1
CIV,Cote d'Ivoire,CI,2008,1583.97066701372,34.0782402932559,43.2,47.9,65.0,89.1,109.49929281673,72.9811427482343,36.7889970964803,19.31,,,,3.09853005409241,11.0198789267792,,,1
CIV,Cote d'Ivoire,CI,2009,1540.45393569596,33.8868132502036,,,,,105.831150377312,70.8823274793072,36.1849568688736,19.29,,,,3.1739399433136,10.4786765320953,,,1
CIV,Cote d'Ivoire,CI,2010,1553.54887048143,34.936307980063,,,,,102.15579541478,68.8098692929588,35.548733296518,19.26,,,,3.24651002883911,10.6252444022858,,,1
CIV,Cote d'Ivoire,CI,2011,1596.62826565998,36.6937108013976,,,,,99.0809837793528,66.9945829882839,34.8956051528302,19.21,27.2,15.5,5.3,2.86576008796692,9.60983909951552,1.561912775039673,,1
CIV,Cote d'Ivoire,CI,2012,1546.9460184731,36.3023028772977,,,,,95.9997196851881,64.9367423137939,34.2703585696879,19.12,35.2,17.5,7.6,3.4344699382782,11.3215604705724,,,1
CIV,Cote d'Ivoire,CI,2013,1786.15862031324,42.7602354846093,,,,,92.6576260755157,62.8417080087112,33.6345544444811,19.02,,,,3.45860004425049,9.93060164103365,,,1
CIV,Cote d'Ivoire,CI,2014,1991.36539423404,48.843005613709,,,,,89.2396329116732,60.8019753697064,33.0562392796552,18.89,,,,3.31416988372803,9.21632749724051,,,1
CIV,Cote d'Ivoire,CI,2015,1814.71855088017,45.8150051692651,41.5,47.5,65.6,90.2,86.1482202113776,58.9774133028607,32.4946275561384,18.76,,,,3.49412989616394,13.4545912156732,,,1
CIV,Cote d'Ivoire,CI,2016,1862.59597081287,48.4077610368238,,,,,83.5900196142766,57.4290517507219,31.9816736569264,18.64,27.4,15.4,6.3,3.93593001365662,13.4001933039204,,,1
CIV,Cote d'Ivoire,CI,2017,1964.29930338343,52.51234399669,,,,,81.1429043970534,55.7734757700956,31.4096788044487,18.53,,,,3.73654007911682,14.9472059883342,,,1
CIV,Cote d'Ivoire,CI,2018,2130.86619381144,58.5224777866889,37.2,22.7,42.2,79.6,78.5323057188448,54.1230231599348,30.8521372636512,18.44,,,,3.21164989471436,14.7370417836244,,,1
CIV,Cote d'Ivoire,CI,2019,2141.76836170115,60.3828946973556,,,,,75.9142123652578,52.3231067877824,30.3009997753082,18.35,,,,3.4130699634552,13.6271086543806,,,1
CIV,Cote d'Ivoire,CI,2020,2179.72934832935,63.0278528054204,,,,,73.7155940291808,50.8544377431479,29.7400473060623,18.29,,,,3.78674006462097,16.0320683194889,,,1
CIV,Cote d'Ivoire,CI,2021,2455.98127626488,72.7946366494342,35.3,20.9,41.7,80.9,71.3770671838728,49.2187512689454,29.2145028097984,,28.2,16.6,8.5,3.32718992233276,16.3773571246349,,,1
CIV,Cote d'Ivoire,CI,2022,2333.37128334477,70.9228248240069,,,,,69.1876341410701,47.872036620012,28.7140447016856,,,,,3.51197004318237,18.4136127955891,,,1
CIV,Cote d'Ivoire,CI,2023,2554.67304885576,79.6180563237639,,,,,67.1289060913335,46.6133229950554,28.2056429739073,,,,,3.42617011070252,18.142258717321,,,1
CMR,Cameroon,CM,2000,708.565731625965,10.5665792949831,,,,,144.44860697042,82.8295897385686,35.6384675220559,13.31,,,,1.70284998416901,,,,1
CMR,Cameroon,CM,2001,715.470296470585,10.9534853491135,42.1,30.8,49.8,82.3,141.442598175513,80.894930733655,34.8163271300309,13.28,,,,2.29733991622925,,,,1
CMR,Cameroon,CM,2002,789.623811072554,12.4172513504882,,,,,138.069212327458,78.8244290003084,34.2124902434538,13.25,,,,,,,,1
CMR,Cameroon,CM,2003,988.241276791846,15.9703150349903,,,,,134.676479590328,76.8546286376092,33.8698381519535,13.21,,,,2.82259011268616,,,,1
CMR,Cameroon,CM,2004,1133.39326749673,18.8262141356418,,,,,131.279682054899,74.9371346931962,33.6024162470865,13.16,46.5,23.7,8.2,2.79530000686646,,,,1
CMR,Cameroon,CM,2005,1142.62466252106,19.5098522069341,,,,,128.076893591607,73.2737704266883,33.3515076168489,13.13,,,,2.65651988983154,,,,1
CMR,Cameroon,CM,2006,1191.45458990968,20.910512974933,,,,,124.614460133847,71.3478138671267,33.08137771459,13.09,51.2,31.2,11.7,2.53991007804871,,,,1
CMR,Cameroon,CM,2007,1325.67248215933,23.9282504330378,42.8,36.0,53.4,82.6,121.263122626343,69.742020343843,32.8128887469327,13.06,,,,2.87815999984741,,,,1
CMR,Cameroon,CM,2008,1492.14269801453,27.715142032913,,,,,117.714814465294,67.8828829905428,32.4999526351626,13.02,,,,2.49827003479004,,,,1
CMR,Cameroon,CM,2009,1461.38999232337,27.932970317129,,,,,114.294745426602,66.3210466531827,32.1734894640754,12.98,,,,2.90790009498596,,,,1
CMR,Cameroon,CM,2010,1398.58702025047,27.5075018210296,,,,,110.039460730696,63.8630468081578,31.8331792379964,12.95,,,,2.84803009033203,,,,1
CMR,Cameroon,CM,2011,1513.96056994878,30.630910495217,,,,,105.864266628059,61.9523764459386,31.4713874983881,12.91,48.5,30.6,10.5,2.65336990356445,,,,1
CMR,Cameroon,CM,2012,1449.09874362279,30.1550623292821,,,,,101.588690449612,59.7693324745012,31.0759244604418,12.87,,,,2.60306000709534,12.7527473631683,,,1
CMR,Cameroon,CM,2013,1575.92882118897,33.7286211803231,,,,,97.2613399876131,57.3834802785976,30.6707985947763,12.82,,,,2.6554799079895,12.9354089682102,,,1
CMR,Cameroon,CM,2014,1649.4433905949,36.3865447060806,46.6,29.0,42.4,72.7,93.0853245885103,55.4274780593489,30.1952664728571,12.78,42.1,27.5,8.0,2.58396005630493,12.8603148223258,,Very_High,1
CMR,Cameroon,CM,2015,1415.00009710569,32.2102330204569,,,,,88.9700266792138,53.163179703877,29.6938510652184,12.73,,,,2.65791988372803,12.421318766701,,,1
CMR,Cameroon,CM,2016,1441.7201725688,33.8143370443765,,,,,85.6162909282919,51.5783335042819,29.1029802425298,12.67,,,,2.56234002113342,11.9000531275541,,,1
CMR,Cameroon,CM,2017,1496.08951771242,36.0985470331654,,,,,82.4728523098941,49.7231858157852,28.5042579166668,12.63,,,,3.05962991714477,10.5272373062848,,,1
CMR,Cameroon,CM,2018,1610.69641591017,39.955552189795,,,,,79.6849320158463,48.0736391404552,27.9182035518918,12.58,39.9,20.4,7.6,3.03096008300781,11.367382512434,1.397825360298157,,1
CMR,Cameroon,CM,2019,1555.22660476477,39.6677575276578,,,,,77.2057657926375,46.812877575639,27.3380137622825,12.54,,,,3.0473994932468,12.3229207514112,,,1
CMR,Cameroon,CM,2020,1555.60370660749,40.7732411770505,,,,,74.649339133728,45.2882889572889,26.7894385277522,12.51,,,,3.10390139858492,12.0602939460197,,,1
CMR,Cameroon,CM,2021,1672.32657340872,45.0119373468384,42.2,26.7,41.3,74.0,72.1042967053714,43.8206424916114,26.1954350255639,,,,,2.8493076272306,12.4228090170574,,,1
CMR,Cameroon,CM,2022,1604.87726954895,44.3472060725513,,,,,69.5224225341944,42.473659605644,25.6847483696557,,,,,2.65952378267367,,,,1
CMR,Cameroon,CM,2023,1736.86091073524,49.2794109828259,,,,,67.2353405456744,41.2499012617297,25.211694595339,,,,,2.83907623667935,,,,1
COD,"Congo, Dem. Rep.",CD,2000,377.925421481395,19.0880463057971,,,,,159.190110664576,91.2456884654604,38.3105065979929,12.39,,,,,2.04576770561336,,,1
COD,"Congo, Dem. Rep.",CD,2001,142.678142604412,7.43818910033333,,,,,154.843743415971,89.0125525515552,37.949195142158,12.34,50.7,34.7,16.3,,5.64916739364025,,,1
COD,"Congo, Dem. Rep.",CD,2002,162.38052907429,8.72803852514034,,,,,150.190374237167,86.5348761630501,37.5646318417756,12.25,,,,,7.48177282526455,,,1
COD,"Congo, Dem. Rep.",CD,2003,161.491553524396,8.93756705987754,,,,,145.474163363325,83.9833274855379,37.1223312875424,12.15,,,,,7.69888096756401,,,1
COD,"Congo, Dem. Rep.",CD,2004,180.664764963633,10.297483481223,41.6,94.9,97.8,99.7,140.652512886312,81.3264163502866,36.5993420240253,12.02,,,,,10.2629800534639,,,1
COD,"Congo, Dem. Rep.",CD,2005,203.561668860749,11.9644844659388,,,,,135.857772502713,78.616994991825,35.9565082802688,11.9,,,,,13.1164039621309,,,1
COD,"Congo, Dem. Rep.",CD,2006,238.417639415512,14.4519016963878,,,,,131.085631040418,75.9091435388886,35.2103204504253,11.77,,,,,14.4279622588558,,,1
COD,"Congo, Dem. Rep.",CD,2007,267.88850879878,16.73707181638,,,,,126.466097918022,73.3243823725073,34.4114716901332,11.65,47.8,28.3,8.9,,12.7368992221786,,,1
COD,"Congo, Dem. Rep.",CD,2008,307.319638606745,19.7885155901284,,,,,121.935275855906,70.7444342401386,33.7135320810578,11.53,,,,,12.3520263435603,,,1
COD,"Congo, Dem. Rep.",CD,2009,280.798051526498,18.6483725530921,,,,,117.544569693227,68.2657143062235,33.0086586539482,11.41,,,,,11.3052304766655,,,1
COD,"Congo, Dem. Rep.",CD,2010,314.53858629844,21.5657210448462,,,,,113.492696035743,65.9235629173891,32.3250497834897,11.29,46.7,28.7,9.8,1.5249799489975,8.36974479433535,,,1
COD,"Congo, Dem. Rep.",CD,2011,364.714191777632,25.8397491993671,,,,,109.640403697408,63.7729123782281,31.695289000306,11.17,,,,,,,,1
COD,"Congo, Dem. Rep.",CD,2012,400.059901824342,29.3062352852597,42.1,78.9,88.6,97.9,105.996211724021,61.7654634994674,31.0793913356001,11.05,,,,,14.2195459000256,,,1
COD,"Congo, Dem. Rep.",CD,2013,431.191528160935,32.6797450484427,,,,,102.496517209503,59.8688663990012,30.4882382058363,10.92,49.5,30.7,8.7,2.06221008300781,13.0948791445014,1.948553800582886,,1
COD,"Congo, Dem. Rep.",CD,2014,458.004541775676,35.9090409259375,,,,,98.97478903155,57.9957987898228,29.9951259455328,10.79,,,,1.95142996311188,12.2667325166868,,Medium,1
COD,"Congo, Dem. Rep.",CD,2015,467.9145805459,37.9177064971792,,,,,95.6100363745223,56.1868117202652,29.481786309694,10.66,,,,2.17043995857239,12.5484379534551,,,1
COD,"Congo, Dem. Rep.",CD,2016,442.310472110228,37.1348015553322,,,,,92.3384510652504,54.4574075862506,28.9470065033071,10.54,,,,2.1186900138855,12.3497800629084,,,1
COD,"Congo, Dem. Rep.",CD,2017,436.584534687385,38.0192647948263,,,,,89.3142882469971,52.9106555353102,28.4372862709918,10.43,53.0,31.7,7.7,1.45494997501373,7.73700772380537,,,1
COD,"Congo, Dem. Rep.",CD,2018,528.256019777898,47.5682100098172,,,,,86.2514494990363,51.3056099393203,27.9696804521903,10.33,,,,,9.88439014375416,,,1
COD,"Congo, Dem. Rep.",CD,2019,557.044161335917,51.7758298772088,,,,,83.4568857257111,49.8147288150778,27.3915880835875,10.24,,,,,7.98205495997684,,,1
COD,"Congo, Dem. Rep.",CD,2020,507.521230077872,48.7169618601325,44.7,85.3,92.5,98.0,80.6985728359994,48.3788266829905,26.9100408480524,10.16,,,,2.62263835311571,9.07861492050365,,,1
COD,"Congo, Dem. Rep.",CD,2021,558.034077296358,55.3284827835393,,,,,78.137030942477,47.0624740245329,26.4082030336182,,,,,2.66048474102788,9.23108725429601,,,1
COD,"Congo, Dem. Rep.",CD,2022,642.612267148918,65.8015477556551,,,,,75.7333508487677,45.8169430982841,25.9223208170748,,,,,2.84466514463005,13.322954219227,,,1
COD,"Congo, Dem. Rep.",CD,2023,633.395661686298,67.0067566663604,,,,,73.1896814374085,44.4716511426492,25.3469721688341,,44.7,25.0,7.2,,,,,1
COG,"Congo, Rep.",CG,2000,1024.30159109181,3.2279276975792,,,,,113.716578535696,73.3229657457871,30.656934811069,12.81,,,,,,,,1
COG,"Congo, Rep.",CG,2001,854.598314408095,2.79670460403812,,,,,110.694026232577,71.486611036689,30.1629902655397,12.76,,,,,21.5105209197871,,,1
COG,"Congo, Rep.",CG,2002,905.538135544704,3.03425092397726,,,,,106.048508682808,68.5822986763862,29.4328874654494,12.71,,,,3.20831990242004,26.7993728918238,,,1
COG,"Congo, Rep.",CG,2003,1016.82363412143,3.50372308774483,,,,,100.106479062086,64.820777844982,28.5545562102384,12.63,,,,2.8361599445343,19.5450880992224,,,1
COG,"Congo, Rep.",CG,2004,1306.10136324599,4.65697494012721,,,,,93.4813316371977,60.6181999848081,27.5799903815424,12.55,,,,2.28813004493713,28.6715434638814,,,1
COG,"Congo, Rep.",CG,2005,1799.05158366154,6.65000168048544,47.3,54.5,69.0,88.9,86.6181159760539,56.257758457716,26.5229568474689,12.44,31.2,11.9,8.0,1.6810200214386,21.4522262166708,,,1
COG,"Congo, Rep.",CG,2006,2103.5821381211,8.07230502906514,,,,,80.1529760369199,52.1255959853042,25.5035722222668,12.32,,,,,17.7624189060981,,,1
COG,"Congo, Rep.",CG,2007,2206.47101863414,8.78270343670188,,,,,74.3425906297875,48.4205560513098,24.5884911440048,12.2,,,,,18.4733774881069,,,1
COG,"Congo, Rep.",CG,2008,2832.09177777643,11.6498576734436,,,,,69.4885519929729,45.3324925005016,23.7934976362703,12.08,,,,,15.3037325843748,,,1
COG,"Congo, Rep.",CG,2009,2271.15219175966,9.72329991525312,,,,,65.5118695719815,42.8592031324846,23.1472387756638,11.95,,,,,13.8794708891962,,,1
COG,"Congo, Rep.",CG,2010,2946.55798067708,13.1483962115955,,,,,62.5225658435697,40.9731806852592,22.6241343186961,11.84,,,,5.6867299079895,10.7590345834017,,,1
COG,"Congo, Rep.",CG,2011,3396.16505817952,15.6553835766515,48.9,39.2,55.0,82.4,60.1573659922717,39.4974257363991,22.2107525651526,11.73,24.4,11.8,6.0,2.64652978173867,10.1766500054625,,,1
COG,"Congo, Rep.",CG,2012,3732.32737320389,17.6929112963044,,,,,58.1631643408758,38.2938966620002,21.8522496685576,11.62,,,,2.73923061622047,11.6546669888328,1.626268982887268,,1
COG,"Congo, Rep.",CG,2013,3697.41705884249,17.9587206990868,,,,,56.3515956065013,37.1838410674554,21.471170781209,11.55,,,,5.0138814089415,10.8769536250591,,,1
COG,"Congo, Rep.",CG,2014,3601.2365808718,17.9193210780284,,,,,54.5287847552532,36.0776722819088,21.088512439516,11.51,21.2,12.3,8.2,3.18256998062134,12.764755103564,,,1
COG,"Congo, Rep.",CG,2015,2439.35189403696,12.4347938673568,,,,,52.6683768607742,34.955323498842,20.7122131932061,11.52,,,,3.13882994651794,14.8958714742342,,,1
COG,"Congo, Rep.",CG,2016,2093.10728558843,10.9313281508478,,,,,50.9269279167175,33.892519687406,20.3078405400236,11.59,,,,4.87114096878621,17.1512744009458,,,1
COG,"Congo, Rep.",CG,2017,2211.63309874797,11.8344730393645,,,,,49.2715274369819,32.9051481177312,19.9080298340922,11.69,,,,4.17236995697021,16.0396616415927,,,1
COG,"Congo, Rep.",CG,2018,2694.43413191427,14.7739002885135,,,,,47.7139128119114,31.9748501382911,19.5201918644376,11.81,,,,2.77167010307312,16.4220244342388,,,1
COG,"Congo, Rep.",CG,2019,2488.42466724916,13.9766377799763,,,,,52.3837521124408,33.0183792770194,19.2228102145977,11.89,,,,3.24716413970868,16.2271081721896,,,1
COG,"Congo, Rep.",CG,2020,1993.586671931,11.4686874640046,,,,,44.7324218758192,30.193318017414,18.7549096905102,11.93,,,,4.22208879466149,17.7950013756253,,,1
COG,"Congo, Rep.",CG,2021,2516.16255145432,14.8256902109157,,,,,43.310543881617,29.343532197716,18.3822462321817,,,,,3.31281536274069,16.132138958121,,,1
COG,"Congo, Rep.",CG,2022,2620.83804304713,15.8170301569459,,,,,41.8637722901581,28.4584814206424,18.0136212495185,,,,,2.72738253259215,,,,1
COG,"Congo, Rep.",CG,2023,2477.97845477092,15.3210558183263,,,,,40.5136731287976,27.6455681657237,17.669493710485,,,,,3.34005209256916,,,,1
COL,Colombia,CO,2000,2555.00751039968,99.8750749510278,58.4,23.9,36.4,65.4,25.0840399855096,21.6301949003071,13.5088190641323,9.66,24.3,6.5,1.0,3.5112099647522,16.9331428734368,,,1
COL,Colombia,CO,2001,2472.99084035833,98.2006412033892,57.3,29.6,42.9,71.5,24.2885762135715,21.0101422279865,13.1051786731951,9.75,,,,3.70867991447449,,,,1
COL,Colombia,CO,2002,2428.92969771584,97.9458128028882,56.0,21.2,34.0,62.5,23.5434903397996,20.4279662619859,12.7294315521062,9.83,,,,4.26812982559204,,,,1
COL,Colombia,CO,2003,2311.94218760291,94.6449691570987,53.6,19.8,32.2,63.3,22.8344035332987,19.8727593121437,12.3726617617983,9.91,,,,4.32513999938965,27.622281719396,,,1
COL,Colombia,CO,2004,2818.57195413044,117.092416666245,55.0,19.2,32.1,62.4,22.1519162915198,19.3375987547413,12.0300393796143,9.98,,,,4.07934999465942,,,,1
COL,Colombia,CO,2005,3456.06610874512,145.600529605803,53.9,16.8,28.5,59.1,21.4954039975043,18.8231934507045,11.6984269072736,10.04,22.5,6.8,1.6,4.02098989486694,,,,1
COL,Colombia,CO,2006,3789.85361217027,161.792958904864,,,,,20.8578036627975,18.31248998001,11.3693252160495,10.1,,,,3.91671991348267,,,,1
COL,Colombia,CO,2007,4769.926147194,206.229540926312,,,,,20.2152584021439,17.804547978845,11.0218542504318,10.16,,,,4.08301019668579,,,,1
COL,Colombia,CO,2008,5541.83629665898,242.504150472931,55.3,16.6,26.8,53.7,19.5763558672326,17.2917078883555,10.6830752341958,10.23,,,,3.9387800693512,24.5684126038182,,,0
COL,Colombia,CO,2009,5250.97292433518,232.468663109595,54.3,15.0,24.9,52.5,18.9479673516427,16.7829560555174,10.3505601897243,10.3,,,,4.77651977539062,24.7300721329255,,,0
COL,Colombia,CO,2010,6398.2958447102,286.498534094963,54.6,13.1,22.5,50.0,18.3372322659121,16.292151235833,10.0182908190286,10.37,16.6,4.6,1.0,4.83382987976074,25.4043842590891,,,0
COL,Colombia,CO,2011,7400.9940695669,334.966134804887,53.5,11.2,20.0,47.2,17.7428973624126,15.8042750986048,9.68725351676933,10.43,,,,4.46608018875122,24.2247402762094,,Low,0
COL,Colombia,CO,2012,8108.59838244229,370.691143018039,52.6,10.9,18.9,45.4,17.1548306410815,15.3166992231012,9.36548362893875,10.48,,,,4.37038993835449,25.0329863002189,,,0
COL,Colombia,CO,2013,8279.10255642981,382.093697077685,52.6,9.9,17.3,43.0,16.5886742565759,14.8471977913712,9.05491435132587,10.53,,,,4.87855005264282,33.2851931387088,,,0
COL,Colombia,CO,2014,8187.20824890084,381.240864422406,52.5,9.0,16.1,40.8,16.0586109298,14.4034924502298,8.76733425727005,10.58,,,,4.62945985794067,30.1625917691368,,,0
COL,Colombia,CO,2015,6248.51490534512,293.492370193166,51.0,8.1,14.8,40.0,15.5586188879355,13.9841311469015,8.488607332173,10.64,,,,4.47038984298706,26.8156770552217,,,0
COL,Colombia,CO,2016,5959.84250367574,282.720100286228,50.6,8.0,14.6,40.1,15.053064358609,13.5551066073396,8.21897105285318,10.69,17.3,5.1,2.1,4.47721004486084,28.6308350994839,,,0
COL,Colombia,CO,2017,6479.53231292429,311.866875156879,49.7,7.3,14.0,39.6,14.5819671487327,13.1514259328365,7.96232101588743,10.76,,,,4.53551006317139,27.5049639074473,,,0
COL,Colombia,CO,2018,6816.96818309544,334.198218098276,50.4,7.4,14.1,39.6,14.1063187299282,12.7401871832129,7.70758880357889,10.82,,,,4.44910001754761,29.9717907219429,,,0
COL,Colombia,CO,2019,6472.54544924705,323.03170119284,51.3,8.8,15.6,40.3,13.6783528722579,12.3708858147807,7.46299507067064,10.89,,,,4.51069021224976,31.3047065647576,,,0
COL,Colombia,CO,2020,5339.68711357943,270.348342541465,53.5,13.5,21.4,48.0,13.240182232365,11.9903253452811,7.22363517428614,10.95,,,,5.26166009902954,36.5543934839744,,,0
COL,Colombia,CO,2021,6222.62164397614,318.524633225395,55.1,11.2,18.4,44.0,12.8055820078323,11.6119308460238,7.00301871701855,,,,,,35.6635486558905,,,0
COL,Colombia,CO,2022,6680.44506854481,345.632492851448,54.8,9.3,15.8,40.2,12.4191986512656,11.2759824361051,6.7731074980481,,,,,,32.3909610062162,,,0
COL,Colombia,CO,2023,7000.83660501046,366.291836137916,53.9,7.7,13.9,37.6,12.028780178557,10.9351427523186,6.54463377496523,,,,,,33.3358903472043,,,0
COM,Comoros,KM,2000,655.007796688241,0.351136579648632,,,,,79.5776240984488,64.8188436818197,34.6715308216533,25.52,46.9,25.1,13.3,,,,,1
COM,Comoros,KM,2001,691.699908770798,0.378512024077556,,,,,76.5311774696404,62.6605459858939,33.92944789076,25.4,,,,,,,,1
COM,Comoros,KM,2002,762.116930318449,0.425964681044377,,,,,73.5918964385916,60.5347849859581,33.2352405047435,25.29,,,,2.25841999053955,,,,1
COM,Comoros,KM,2003,959.787894504834,0.546885222713065,,,,,70.7473103180544,58.4756093126012,32.6518619688559,25.18,,,,,,,,1
COM,Comoros,KM,2004,1091.27216412426,0.633706110795614,55.9,27.9,45.5,76.7,67.9923444721074,56.4671286969827,32.0756960239916,25.08,,,,,,,,1
COM,Comoros,KM,2005,1103.20658498402,0.653845169168576,,,,,65.4715286973732,54.6333567693775,31.4892788548903,24.97,,,,,,,,1
COM,Comoros,KM,2006,1154.90422349749,0.698431793872776,,,,,63.1124315111408,52.9042556399234,30.9118225905041,24.87,,,,,,,,1
COM,Comoros,KM,2007,1289.73631056361,0.795673152867077,,,,,60.8476809333983,51.2162030380956,30.353675645316,24.77,,,,,,,,1
COM,Comoros,KM,2008,1455.02768595586,0.915659107965823,,,,,58.7670165432558,49.7076525649985,29.7889047840235,24.64,,,,4.42264986038208,,,,1
COM,Comoros,KM,2009,1410.30516959473,0.90534117270583,,,,,56.8574086504829,48.3256209354462,29.2773714027567,24.52,,,,,,,,1
COM,Comoros,KM,2010,1386.57533553376,0.907979446419588,,,,,55.0852057376336,47.0244523812168,28.7612376476363,24.39,,,,,,,,1
COM,Comoros,KM,2011,1531.43969320468,1.02308747568355,,,,,53.5573422112807,45.9306824220872,28.1715588600767,24.24,,,,2.8304500579834,,,,1
COM,Comoros,KM,2012,1490.31425650871,1.01584290666403,,,,,52.1468451262593,44.9092484511347,27.6333129204395,24.12,31.1,16.9,11.2,2.74783992767334,,1.492506265640259,,1
COM,Comoros,KM,2013,1603.32653496691,1.11622310703168,,,,,50.8352425021378,43.9803578341305,27.0804719897817,23.99,,,,2.3827600479126,,,,1
COM,Comoros,KM,2014,1615.71718460209,1.14958762399594,45.3,31.4,47.7,76.7,49.708837673454,43.1731558718676,26.6012795243759,23.87,,,,2.74472999572754,,,,1
COM,Comoros,KM,2015,1329.3704808998,0.966029599801228,,,,,48.7028078330878,42.4701938074914,26.1484728564661,23.75,,,,2.5450599193573,,,,1
COM,Comoros,KM,2016,1365.48403353158,1.01283549251575,,,,,47.6238720122566,41.6995174845534,25.7222301305494,23.62,,,,,,,,1
COM,Comoros,KM,2017,1423.92480215551,1.07743975612221,,,,,46.6348488317711,40.9996808446029,25.2698185777776,23.47,,,,,,,Very_High,1
COM,Comoros,KM,2018,1540.71132331975,1.18879744996029,,,,,45.6118837979103,40.2575175980922,24.8273772406409,23.32,,,,,,,,1
COM,Comoros,KM,2019,1519.26386326167,1.19501953103663,,,,,44.5804533565545,39.4946936207682,24.3841948516679,23.17,,,,,,,,1
COM,Comoros,KM,2020,1527.16990927956,1.22503919593741,,,,,43.5261900023264,38.7106949264072,23.9380933992414,23.03,,,,2.37805076679617,,,,1
COM,Comoros,KM,2021,1587.72988601478,1.29903931176025,,,,,42.3764748369165,37.7929264233205,23.4997883974565,,,,,2.27485390045927,,,,1
COM,Comoros,KM,2022,1533.87755332151,1.27954224845017,,,,,41.1351694880202,36.7673950482433,23.0110621613961,,18.2,9.1,5.1,2.43164424110924,,,,1
COM,Comoros,KM,2023,1682.20285095721,1.43052343581695,,,,,39.8189373740369,35.6538739079111,22.5351563599976,,,,,2.34146896682989,,,,1
CPV,Cabo Verde,CV,2000,1189.51479345891,0.539227277626411,,,,,36.0129052683012,29.3647579625216,17.938762609333,,,,,,,,,1
CPV,Cabo Verde,CV,2001,1223.33055331575,0.563090490377368,52.5,37.1,52.9,79.9,32.7820439190952,26.9805747287687,16.9240981565175,,,,,,,,,1
CPV,Cabo Verde,CV,2002,1328.57874270666,0.620507387466174,,,,,30.4818359419554,25.3204234050048,16.3296565341053,,,,,7.87682008743286,,,,1
CPV,Cabo Verde,CV,2003,1717.97565369655,0.813260468873834,,,,,29.004694344944,24.3135052477319,16.0997178438785,,,,,,,,,1
CPV,Cabo Verde,CV,2004,1929.49081468781,0.924940011836897,,,,,28.2452755671375,23.8949109385803,16.1574207055506,,,,,7.47664022445679,,,,1
CPV,Cabo Verde,CV,2005,2004.14680417563,0.972241676907662,,,,,27.9922311680917,23.8951200857713,16.4129900944596,,,,,,27.7033769504873,,,1
CPV,Cabo Verde,CV,2006,2256.99666191075,1.10757145790614,,,,,27.9856604498967,24.0976625649136,16.7034874832786,,,,,6.52960014343262,26.921501965803,,,1
CPV,Cabo Verde,CV,2007,3324.57675212498,1.64962173863689,47.2,26.2,40.9,74.2,28.0156121125654,24.3260030775291,16.8795436800696,,,,,4.95981979370117,20.6243477490851,,,1
CPV,Cabo Verde,CV,2008,3908.64885822576,1.95962064831578,,,,,27.9080122303272,24.4284976752336,16.9082601170525,,,,,5.03464984893799,19.0527123679458,,,1
CPV,Cabo Verde,CV,2009,3659.72046361628,1.85233457517521,,,,,27.5029728184074,24.2611988460818,16.7237848238739,,,,,4.86586999893188,18.1073675732364,,,1
CPV,Cabo Verde,CV,2010,3579.46006137809,1.82475146792957,,,,,26.7395710740872,23.7631679911435,16.3392336134026,,,,,5.07658004760742,17.9820174736895,,,1
CPV,Cabo Verde,CV,2011,4002.01386888785,2.04681798720109,,,,,25.6328108087574,22.9441103381533,15.7646179732538,,,,,4.59784984588623,17.7865952743898,,,1
CPV,Cabo Verde,CV,2012,3736.81517011087,1.91308121041411,,,,,24.2208582312811,21.8268453379035,15.0268794896611,,,,,5.39769575795208,16.8342381258496,,,1
CPV,Cabo Verde,CV,2013,3960.97596791345,2.02891091516446,,,,,22.6017034035418,20.4983227853575,14.1843633177311,,,,,4.5615701675415,16.9586624245546,,,1
CPV,Cabo Verde,CV,2014,3985.60706548134,2.04193012542979,,,,,20.8548054905983,19.0289976978946,13.2531451326772,,,,,4.52134990692139,17.9305656018519,,,1
CPV,Cabo Verde,CV,2015,3415.06266730931,1.74985762035329,42.4,14.6,29.7,65.0,19.1341959846029,17.5591120927564,12.3176453059454,,,,,4.80622005462646,19.3035742972947,,,0
CPV,Cabo Verde,CV,2016,3608.96605234906,1.84978998599572,,,,,17.5631680344118,16.2046459031678,11.4595592498189,,,,,4.75475978851318,19.0741910323081,,,0
CPV,Cabo Verde,CV,2017,3893.09571382506,1.99674153995088,,,,,16.2074622040003,15.0303801197923,10.732241043228,,,,,4.59278011322021,18.6694945913411,,,0
CPV,Cabo Verde,CV,2018,4294.96510035729,2.20509950699994,,,,,15.0639890322229,14.0357132921806,10.1300648776118,,6.0,2.2,2.4,4.78792270184537,22.5105795417778,,,0
CPV,Cabo Verde,CV,2019,4380.78117331128,2.25217712432402,,,,,14.1208919212114,13.2152088139574,9.63881415276889,,,,,4.16529989242554,23.8766451705691,,,0
CPV,Cabo Verde,CV,2020,3539.22661248299,1.82156561368613,,,,,13.3461683499832,12.5443277493622,9.25301065421494,,,,,7.09400702406662,30.88206490392,,,0
CPV,Cabo Verde,CV,2021,3971.44409203423,2.05184261870539,,,,,12.683950613865,11.9703137327189,8.92418628504145,,,,,6.15490303089284,,,,0
CPV,Cabo Verde,CV,2022,4323.31362032709,2.24700334434242,,,,,12.1077962414503,11.4690437675105,8.62004956063713,,,,,4.7252554800722,,,,0
CPV,Cabo Verde,CV,2023,4861.29184126229,2.53920342873837,,,,,11.5895252354177,11.0136210424958,8.32346963493199,,,,,4.3482854136693,,,,0
CRI,Costa Rica,CR,2000,3812.75388284924,15.0136296618969,47.4,9.8,15.8,41.4,13.1113050196529,11.2221129663367,7.62435062433031,8.33,,,,4.66695022583008,22.0341229122375,,,0
CRI,Costa Rica,CR,2001,3985.12984506207,15.9761743369721,51.5,7.6,12.5,32.1,12.5943745556627,10.7863786169354,7.47886824080788,8.37,,,,4.83202981948853,22.7586749018497,,,0
CRI,Costa Rica,CR,2002,4067.71851429092,16.5788206872881,51.8,6.6,11.4,31.8,12.1543349596073,10.416257110668,7.32162943303571,8.39,,,,5.15044021606445,24.5949165130501,,,0
CRI,Costa Rica,CR,2003,4173.14856415514,17.2717605069483,49.3,6.9,11.4,30.4,11.8002222572685,10.1200158571594,7.19013303383596,8.41,,,,5.13373994827271,23.6218984320408,,,0
CRI,Costa Rica,CR,2004,4431.0117207843,18.6105948462083,48.4,6.6,10.6,32.2,11.5357249896275,9.9007592434105,7.11577565692193,8.41,,,,4.89062976837158,22.5253860097279,,,0
CRI,Costa Rica,CR,2005,4703.00721784778,20.0406424769817,47.5,5.0,9.2,29.6,11.3449700788054,9.7453958790178,7.06971581805205,8.41,,,,,22.6463628110638,,,0
CRI,Costa Rica,CR,2006,5256.59640859159,22.7155403243032,49.3,5.2,9.1,29.4,11.198943415033,9.62901430219432,7.00125928769481,8.42,,,,4.61613988876343,21.6012303285134,,,0
CRI,Costa Rica,CR,2007,6137.71199925542,26.8847007093146,49.3,3.1,6.6,24.3,11.0736954454222,9.52959458953285,6.89435227517952,8.42,,,,4.6345100402832,21.1608078593404,,,0
CRI,Costa Rica,CR,2008,6937.24261596055,30.8017457004514,48.6,3.4,6.4,23.3,10.9281271607315,9.41153496437747,6.77466890699091,8.43,5.6,0.9,0.7,4.88697004318237,21.6689393887611,,,0
CRI,Costa Rica,CR,2009,6832.69829924138,30.7457143126417,50.6,3.6,6.6,22.8,10.7326050062314,9.25159050248926,6.67267557100804,8.46,,,,6.01030015945435,24.7449925071916,,,0
CRI,Costa Rica,CR,2010,8265.78820275899,37.6586169518182,48.0,2.2,4.5,18.8,10.4819724459871,9.04358222859049,6.58913675454071,8.48,,,,6.56574010848999,25.6136283336856,,,0
CRI,Costa Rica,CR,2011,9276.39107510528,42.7626136989258,48.8,2.7,5.2,19.8,10.1784283898374,8.78935708401439,6.5116558138548,8.5,,,,6.37988996505737,25.3785207083447,,Very_Low,0
CRI,Costa Rica,CR,2012,10126.999102414,47.231655431718,48.4,2.6,4.7,18.4,9.83745167537664,8.50284901690036,6.4323880472229,8.52,,,,6.58239984512329,25.9446831618168,,,0
CRI,Costa Rica,CR,2013,10803.2401961972,50.949668841575,49.2,2.6,4.7,18.4,9.50271471805029,8.22052175914684,6.34636275391132,8.54,,,,6.68739986419678,26.517739577498,,,0
CRI,Costa Rica,CR,2014,10911.4978783227,52.016408854212,48.6,2.4,4.7,18.3,9.21369386984026,7.97855451918097,6.26062709163283,8.56,,,,6.67952013015747,26.7358581094371,,,0
CRI,Costa Rica,CR,2015,11714.7105980803,56.4419208205538,48.4,2.4,4.7,17.5,8.99546466597261,7.79802670582561,6.18359876537607,8.58,,,,6.87349987030029,28.5548940715345,,,0
CRI,Costa Rica,CR,2016,12091.0301606335,58.8470196097429,48.7,2.4,4.4,17.0,8.8690238112751,7.69671728937761,6.13244605610169,8.6,,,,6.89395999908447,27.1467334170925,,,0
CRI,Costa Rica,CR,2017,12317.0902771322,60.5160446565298,48.3,1.7,3.6,15.8,8.85310563114231,7.69219075291799,6.11671248406513,8.61,,,,7.06980991363525,25.3967283752862,,,0
CRI,Costa Rica,CR,2018,12590.2493781628,62.4201649915444,48.0,2.3,4.3,16.5,8.93558713244007,7.77510853420402,6.15249698671879,8.64,9.0,2.9,1.8,6.76991987228394,28.9192248274512,0.251978188753128,,0
CRI,Costa Rica,CR,2019,12884.6859951947,64.4176705213339,48.2,1.7,3.8,16.7,9.10926183012802,7.93790736150969,6.24688363326654,8.67,,,,6.73808002471924,29.4571247516792,,,0
CRI,Costa Rica,CR,2020,12394.0493969354,62.3956107599798,49.2,3.4,6.4,23.3,9.3711499958544,8.17895865217411,6.40751984401964,8.72,,,,6.62898015975952,31.8896416510102,,,0
CRI,Costa Rica,CR,2021,12838.1185359009,64.9607257342361,48.7,2.2,4.1,17.8,9.71273397055681,8.49131100572203,6.64053940064566,,,,,6.24841976165771,30.8245979700089,,,0
CRI,Costa Rica,CR,2022,13625.9008491478,69.2436260286698,47.2,1.6,4.0,17.1,10.1043119614414,8.84881060534681,6.93044200492715,,,,,,28.7616125184835,,,0
CRI,Costa Rica,CR,2023,16942.0268119304,86.4979414389809,46.7,1.5,3.4,15.3,10.459823886318,9.17524320617979,7.19782861666845,,,,,,28.9089243953229,,,0
CUB,Cuba,CU,2000,2751.3817714814,30.5654,,,,,8.56861115674802,6.80805393424523,4.13435218664626,7.08,7.0,3.4,2.4,7.70481014251709,,,,0
CUB,Cuba,CU,2001,2842.96704310394,31.6824,,,,,8.22749719686574,6.52986560041364,4.04443128286117,7.08,,,,8.3580904006958,,,,0
CUB,Cuba,CU,2002,3005.21104247868,33.5905,,,,,7.91402563656096,6.27433863159729,3.88203330125571,7.09,,,,9.57116985321045,,,,0
CUB,Cuba,CU,2003,3202.78109865637,35.9012,,,,,7.61602382730936,6.03259921239763,3.68209921254742,7.09,,,,9.9408597946167,,,,0
CUB,Cuba,CU,2004,3399.21962893402,38.203,,,,,7.33767122267131,5.80769535180386,3.47298184962723,7.11,,,,10.2682304382324,,,,0
CUB,Cuba,CU,2005,3786.33799225291,42.6438361,,,,,7.08456656927752,5.60223219877035,3.28747876400391,7.12,,,,10.5577802658081,,,,0
CUB,Cuba,CU,2006,4329.98265964383,48.8359259259259,,,,,6.85109000787688,5.41373894164675,3.14785882854891,7.13,,,,9.05716991424561,,,,0
CUB,Cuba,CU,2007,4807.43888960684,54.2628703703704,,,,,6.63931943000891,5.24298030528838,3.05384166061298,7.15,,,,11.8682098388672,,,,0
CUB,Cuba,CU,2008,4986.12436479175,56.3021296296296,,,,,6.45218199174698,5.0928694468782,2.98147771809881,7.16,,,,14.0590801239014,,,,0
CUB,Cuba,CU,2009,5089.23519757167,57.4814814814814,,,,,6.30150968856538,4.97305645027696,2.90583267600409,7.17,,,,13.1248598098755,,,,0
CUB,Cuba,CU,2010,5272.26755824835,59.562962962963,,,,,6.18055250054772,4.87823519807258,2.81945934869436,7.18,,,,12.8373098373413,,,,0
CUB,Cuba,CU,2011,6104.46105236166,68.99,,,,,6.09171662121682,4.80798456687386,2.73516444505644,7.19,,,,,,,,0
CUB,Cuba,CU,2012,6470.83673392653,73.141,,,,,6.03315467842296,4.76192886513343,2.65482146906464,7.2,,,,11.5516604913797,,,,0
CUB,Cuba,CU,2013,6828.36428245396,77.148,,,,,6.01467158500806,4.74724775604369,2.59286840192019,7.2,,,,10.67169596101,,,,0
CUB,Cuba,CU,2014,7146.70459051328,80.6561,,,,,6.03554346101053,4.76591550718566,2.55650162184326,7.19,,,,9.6074568445536,,,,0
CUB,Cuba,CU,2015,7727.91997207998,87.1328,,,,,6.10224500800515,4.82225010373306,2.5565652603119,7.17,,,,8.9633578559392,,,,0
CUB,Cuba,CU,2016,8110.55873961397,91.3704078637,,,,,6.21846045487143,4.91688490381433,2.60609873877711,7.15,,,,9.01309318032688,,,,0
CUB,Cuba,CU,2017,8610.60829531998,96.8506496917406,,,,,6.38187438032547,5.04975640376063,2.71403341389009,7.13,,,,8.44413540438793,,,,0
CUB,Cuba,CU,2018,8911.46205964193,100.050036096123,,,,,6.59677298274106,5.22399858265352,2.8930752378281,7.11,,,,8.02498461098619,,,,0
CUB,Cuba,CU,2019,9232.26115935183,103.4276,,,,,6.86602875379022,5.44166227752643,3.1521800661026,7.08,7.1,2.4,2.0,9.04700486137163,,,,0
CUB,Cuba,CU,2020,9605.26125067263,107.3518,,,,,7.18846751883226,5.70375644111992,3.45855302809166,7.06,,,,11.5248184008093,,,,0
CYP,Cyprus,CY,2000,14388.3525390625,9.98584731385485,,,,,6.6416355541783,5.76066774619879,3.66998201729458,,,,,4.98954010009766,33.3195406430062,,,0
CYP,Cyprus,CY,2001,14821.44921875,10.3978989071038,,,,,6.21157565086433,5.37051780254483,3.43805218170277,,,,,5.11552000045776,33.9330499112149,,,0
CYP,Cyprus,CY,2002,16093.2158203125,11.4202288461538,,,,,5.78843765923523,4.98913598363701,3.20577411405588,,,,,5.58166980743408,35.4684391849214,,,0
CYP,Cyprus,CY,2003,20252.24609375,14.5473295583239,,,,,5.37629707326725,4.61941745735752,2.97906402249479,,,,,6.6702299118042,38.9387800604299,,,0
CYP,Cyprus,CY,2004,23792.619140625,17.32055125,30.1,0.1,0.1,0.3,4.97214381239268,4.25928392624757,2.75853685951751,,,,,6.11772012710571,37.4612788377622,,,0
CYP,Cyprus,CY,2005,24959.26171875,18.4334125108817,30.3,0.1,0.1,0.1,4.58780117007836,3.91865474635651,2.55183643529038,,,,,6.28667020797729,38.5371858780148,,,0
CYP,Cyprus,CY,2006,26729.28125,20.0727549868272,31.1,0.0,0.0,0.0,4.24024720150839,3.6110557795557,2.36252670557718,,,,,6.33027982711792,38.0300166381323,,,0
CYP,Cyprus,CY,2007,31244.87890625,23.9687270736381,31.1,0.0,0.0,0.1,3.93528005238706,3.34066408337903,2.20185873457064,,,,,6.28083992004395,37.3479175346651,,,0
CYP,Cyprus,CY,2008,35397.296875,27.844646257507,31.7,0.0,0.0,0.0,3.68027804426992,3.1143271029866,2.07449541640691,,,,,6.72277021408081,37.9683043356125,,,0
CYP,Cyprus,CY,2009,32236.44921875,26.0481799491741,32.1,0.1,0.1,0.2,3.47213257948138,2.92863612172764,1.97673085650039,,,,,7.20547008514404,40.8306069823963,,,0
CYP,Cyprus,CY,2010,31105.02734375,25.7999400776075,31.5,0.1,0.1,0.2,3.2988319680212,2.77367432951033,1.89666383820296,,,,,6.52559995651245,40.6065897416938,,,0
CYP,Cyprus,CY,2011,32485.796875,27.6415479097011,32.6,0.0,0.0,0.3,3.15685471747094,2.64645729356015,1.82906253813667,,,,,6.52042007446289,41.87062441853,,,0
CYP,Cyprus,CY,2012,28991.935546875,25.0474369746819,34.3,0.0,0.0,0.1,3.04379294225911,2.54353783251147,1.77490230303915,,,,,,52.6432632319096,,,0
CYP,Cyprus,CY,2013,27797.45703125,23.9597128608331,37.0,0.1,0.2,0.3,2.96026408277297,2.466245940849,1.73259680240809,,,,,6.46747016906738,44.9137727181064,,,0
CYP,Cyprus,CY,2014,27244.3515625,23.2259182599824,35.6,0.1,0.2,0.4,2.90871528187812,2.41620947624198,1.70459750874277,,,,,6.42111015319824,50.8825846479159,,,0
CYP,Cyprus,CY,2015,23487.228515625,19.9092784168574,34.0,0.0,0.1,0.2,2.89103822875155,2.39404736330472,1.68912418307961,,,,,6.30491018295288,41.7266838953056,,,0
CYP,Cyprus,CY,2016,24715.154296875,21.0464622805979,32.9,0.1,0.1,0.1,2.9071037533998,2.40030904222571,1.69362199675711,,,,,6.11811017990112,38.1375311510325,,,0
CYP,Cyprus,CY,2017,26696.990234375,22.9465706287576,31.4,0.1,0.1,0.2,2.9530899474477,2.42938536888047,1.71162636018674,,,,,5.69961977005005,36.8458898245716,,,0
CYP,Cyprus,CY,2018,29599.986328125,25.7540013675448,32.7,0.1,0.1,0.3,3.02415141692112,2.48065975095425,1.73894120176435,,,,,,40.3410835750321,,,0
CYP,Cyprus,CY,2019,29703.052734375,26.1966670995303,31.2,0.2,0.2,0.5,3.12102091876282,2.55162222898939,1.77419389272498,,,,,5.16293001174927,38.5058596579424,,,0
CYP,Cyprus,CY,2020,28649.015625,25.5550938542968,31.7,0.0,0.1,0.2,3.24023188872089,2.64029105362295,1.82132277606902,,,,,5.56462001800537,43.6947268030349,,,0
CYP,Cyprus,CY,2021,33734.03515625,30.3726425024897,31.3,0.0,0.1,0.1,3.3637527924336,2.73376581231484,1.87286474111105,,,,,5.08243989944458,40.6785279078526,,,0
CYP,Cyprus,CY,2022,33894.44921875,30.9355660766788,31.5,0.0,0.0,0.0,3.47316581701333,2.81645016689012,1.91860390812205,,,,,4.73588991165161,36.5311060063132,,,0
CYP,Cyprus,CY,2023,36551.41796875,33.8869307123394,31.8,0.0,0.0,0.1,3.53356411695025,2.8629257208862,1.94751028117392,,,,,,39.8082462632645,,,0
CZE,Czechia,CZ,2000,6062.92152842793,62.1756422380847,,,,,5.45971299104711,4.46758176102441,2.69834389776935,6.55,,,,3.61999011039734,33.4006750843855,,,0
CZE,Czechia,CZ,2001,6669.07494847497,68.1353044639641,,,,,5.19471137340225,4.23839044954146,2.54835752038032,6.61,2.8,2.1,4.5,3.71490001678467,36.5068873202154,,,0
CZE,Czechia,CZ,2002,8101.26018588111,82.607869609574,26.6,0.0,0.0,1.2,4.977425399414,4.05064783857376,2.43898269080752,6.67,,,,3.93903994560242,36.8246818410733,,,0
CZE,Czechia,CZ,2003,9852.45677945801,100.435924704881,,,,,4.77588119796461,3.87822101721382,2.35360874974743,6.73,,,,4.10311985015869,38.1534005577445,,,0
CZE,Czechia,CZ,2004,11782.5546676117,120.147899983657,27.5,0.0,0.0,1.9,4.57418121444506,3.70705739670942,2.27690918230913,6.78,,,,3.98130011558533,34.539184662623,,,0
CZE,Czechia,CZ,2005,13442.4916284309,137.2641855961,26.9,0.0,0.1,1.1,4.36077859706664,3.52862665215706,2.19531674550939,6.84,,,,3.86250996589661,33.4491817376531,,,0
CZE,Czechia,CZ,2006,15259.0788162004,156.236258386589,26.7,0.1,0.1,1.0,4.14065537348265,3.34584150871214,2.10031562925583,6.89,,,,4.19624996185303,32.6086353042219,,,0
CZE,Czechia,CZ,2007,18452.6532812196,190.040702286917,26.0,0.1,0.2,0.8,3.92262607555093,3.16636784639429,1.9882569503516,6.95,,,,3.85006999969482,32.3810509125975,,,0
CZE,Czechia,CZ,2008,22774.7045076205,236.50626475395,26.3,0.1,0.1,0.9,3.71800295812009,2.9991683372944,1.86466667269658,7.02,,,,3.73207998275757,32.1223391133862,,,0
CZE,Czechia,CZ,2009,19817.4215836554,206.971882704716,26.2,0.0,0.1,1.0,3.53338347205967,2.84880579749548,1.75333935766618,7.09,,,,4.1553201675415,35.1186476762797,,,0
CZE,Czechia,CZ,2010,20160.4355077059,211.16866728627,26.6,0.0,0.1,1.1,3.37912075640685,2.7235034029773,1.67277683646233,7.17,,,,3.99341988563538,34.639613861013,,,0
CZE,Czechia,CZ,2011,22049.1080788682,231.429378717312,26.4,0.1,0.1,0.9,3.25922456391967,2.62639082225399,1.62057883943385,7.24,,,,4.2078800201416,34.6520142942431,,,0
CZE,Czechia,CZ,2012,20014.0354015165,210.363223087728,26.1,0.1,0.3,1.1,3.18083158751415,2.56346484573683,1.58861143787665,7.31,,,,4.19049978256226,36.3468844348247,,,0
CZE,Czechia,CZ,2013,20260.4954999375,213.024360541119,26.5,0.0,0.1,0.8,3.14433973536053,2.53472504443158,1.57240727786225,7.37,,,,4.02132987976074,34.5157400640104,,,0
CZE,Czechia,CZ,2014,20038.4163180257,210.911285077683,25.9,0.0,0.1,1.1,3.14296882322472,2.5347201635441,1.57387849675254,7.42,,,,3.93603992462158,34.2174755498584,,,0
CZE,Czechia,CZ,2015,17931.5987670768,189.107698561919,25.9,0.0,0.0,0.7,3.16573715243759,2.55469170364994,1.59448928163418,7.46,,,,5.71913003921509,33.0693000771957,,,0
CZE,Czechia,CZ,2016,18753.9686718096,198.160659303938,25.4,0.0,0.1,0.8,3.1867802612172,2.57354807930147,1.62089767422679,7.49,,,,5.50080013275146,32.5225943262792,,,0
CZE,Czechia,CZ,2017,20913.197632212,221.563575696217,24.9,0.0,0.1,0.5,3.17760347494044,2.56761420384924,1.6324525281999,7.52,,,,3.75573992729187,31.386098316698,,,0
CZE,Czechia,CZ,2018,23705.9329811299,251.992360762236,25.0,0.0,0.0,0.4,3.11983400961388,2.5223559794327,1.61531683906907,7.55,,,,4.21541023254395,31.8283646893324,,,0
CZE,Czechia,CZ,2019,24062.7190013343,256.79420902877,25.3,0.0,0.0,0.3,3.02372055829428,2.44592264829489,1.56983649384303,7.58,,,,4.46737003326416,32.0399044366584,,,0
CZE,Czechia,CZ,2020,23472.8915454417,251.109660602536,26.2,0.0,0.0,0.5,2.90584969315132,2.35093313285383,1.50347175340592,7.61,,,,4.62503004074097,37.6424553361707,,,0
CZE,Czechia,CZ,2021,27696.4619527544,290.972714482313,26.2,0.1,0.1,0.3,2.78473505262077,2.25356943005635,1.42883722621747,,,,,4.65163993835449,36.8457557403545,,,0
CZE,Czechia,CZ,2022,28282.2236715857,301.831228325556,25.9,0.0,0.1,0.6,2.66584608293291,2.15800548515585,1.36062482390544,,,,,4.30291986465454,34.4426537105922,,,0
CZE,Czechia,CZ,2023,31591.0568216357,343.206568134637,25.7,0.0,0.0,0.8,2.55939551170184,2.07313456590464,1.30512326283324,,,,,,,,,0
DEU,Germany,DE,2000,23925.8559901991,1966.9807011451,28.9,0.0,0.2,0.2,5.3549718459197,4.38075059771225,2.7681018139367,6.76,,,,,31.0107716724735,,,0
DEU,Germany,DE,2001,23878.3641471651,1966.38149664172,29.9,0.0,0.2,0.2,5.21689555274158,4.27473734871696,2.74470599673687,6.76,,,,,30.4174846164707,,,0
DEU,Germany,DE,2002,25486.5942008748,2102.35079830589,29.8,0.0,0.0,0.2,5.09105890620713,4.17899287580205,2.71596538195688,6.76,,,,,30.8239781232009,,,0
DEU,Germany,DE,2003,30711.1022511331,2534.71551834901,29.8,0.2,0.2,0.5,4.96966902262128,4.08666644932259,2.67573606351338,6.76,,,,,31.1635970921229,,,0
DEU,Germany,DE,2004,34566.7359143735,2852.31776806178,30.2,0.0,0.0,0.5,4.84997563752961,3.99593216554535,2.63632510973714,6.76,1.2,1.1,1.0,,29.9861755573387,,,0
DEU,Germany,DE,2005,35084.4363546269,2893.39318736187,31.7,0.0,0.2,0.2,4.72855201586173,3.90329267174368,2.60858773592008,6.76,,,,,30.0041707693565,,,0
DEU,Germany,DE,2006,36980.3349948954,3046.30875367058,31.0,0.0,0.0,0.2,4.60665813405946,3.8099159129694,2.57953575116742,6.77,,,,,28.6974997733062,,,0
DEU,Germany,DE,2007,42350.9217211489,3484.05668085491,31.2,0.0,0.0,0.2,4.4866338623787,3.717331785781,2.52348542770581,6.78,,,,,27.5320782623062,,,0
DEU,Germany,DE,2008,46386.3295924799,3808.7860223125,30.8,0.0,0.2,0.2,4.37220272919913,3.62876532700906,2.43836277771855,6.81,,,,4.47337007522583,27.801002440456,,,0
DEU,Germany,DE,2009,42487.2137101496,3479.80082086328,30.5,0.0,0.0,0.2,4.26766094193051,3.54809419670063,2.35648086513605,6.83,,,,,30.434571741213,,,0
DEU,Germany,DE,2010,42409.9356994694,3468.154343,30.2,0.0,0.2,0.2,4.17520631282798,3.477112292595,2.30620227017866,6.85,,,,4.99525022506714,30.7473070189522,,,0
DEU,Germany,DE,2011,47646.582043143,3824.82856352141,30.6,0.0,0.0,0.2,4.0975848557575,3.41820580871436,2.2873874556418,6.87,,,,4.88583993911743,28.3049046331442,,,0
DEU,Germany,DE,2012,44735.5882319701,3597.89650094531,31.1,0.0,0.0,0.2,4.03584885128424,3.37193501797166,2.28433856904876,6.87,,,,4.83153009414673,27.933530449439,,,0
DEU,Germany,DE,2013,47220.0102098851,3808.08629148236,31.5,0.0,0.0,0.2,3.9886719397391,3.33770691895689,2.28601766047968,6.86,,,,4.83911991119385,27.9891744091962,,,0
DEU,Germany,DE,2014,48971.0824722599,3965.80068630979,30.8,0.0,0.2,0.5,3.95131056838553,3.31087165973008,2.28881309323678,6.84,,,,4.82582998275757,27.5095890686293,,,0
DEU,Germany,DE,2015,41911.0109851054,3423.56845095702,31.7,0.0,0.0,0.2,3.92023643667215,3.28870333722191,2.28674185922349,6.81,,,,4.76157999038696,27.4487709234683,,,0
DEU,Germany,DE,2016,42961.0356905775,3537.78410798055,31.4,0.0,0.2,0.2,3.88697593449333,3.26402472628416,2.28140380354237,6.78,1.3,0.6,0.5,4.74631023406982,27.3671431834324,,,0
DEU,Germany,DE,2017,45526.5999576533,3763.09226375295,31.3,0.2,0.2,0.5,3.84546899004584,3.23170360090944,2.27641620444832,6.75,,,,4.77830982208252,27.5391986454965,,,0
DEU,Germany,DE,2018,48874.8595028454,4052.00844722353,31.9,0.0,0.2,0.5,3.79391455489899,3.19032533071801,2.27376468320001,6.73,,,,4.88400983810425,27.3876244852279,,,0
DEU,Germany,DE,2019,47623.8656074829,3957.20805521568,31.8,0.2,0.2,0.5,3.74133438319875,3.14713965151148,2.27116863028819,6.72,,,,5.02757978439331,27.899362920382,,,0
DEU,Germany,DE,2020,47379.765194548,3940.1425413541,32.4,0.2,0.2,0.5,3.69870924828686,3.11189605207082,2.26661207449702,6.71,,,,5.51600980758667,32.1608467019556,,,0
DEU,Germany,DE,2021,52265.6541620571,4348.29744038753,,,,,3.66959902039282,3.08778292145532,2.26404647953116,,,,,5.36734008789062,32.720769435816,,,0
DEU,Germany,DE,2022,49686.1154582583,4163.59635787939,,,,,3.65442376880761,3.07523698794872,2.26937275854409,,,,,5.23916006088257,31.4551133705123,,,0
DEU,Germany,DE,2023,53940.4073447462,4525.70390362753,,,,,3.65013704194822,3.07175760663789,2.28197221940508,,,,,,,,,0
DJI,Djibouti,DJ,2000,737.612183644052,0.551230861856505,,,,,99.4805446412855,80.8898894320354,43.2173538861384,,,,,9.65999984741211,,,,1
DJI,Djibouti,DJ,2001,742.133791107063,0.572417440820162,,,,,97.2249480878314,79.4997622111883,42.6659452658482,,,,,7.80542993545532,,,,1
DJI,Djibouti,DJ,2002,743.013270420348,0.591122039601398,40.0,32.3,51.6,84.3,94.8347589591948,78.0027597889536,42.0653624953025,,,,,8.44760036468506,,,,1
DJI,Djibouti,DJ,2003,764.634465224597,0.622044665515049,,,,,92.4063544229335,76.4126645586006,41.5180459031229,,,,,8.88984966278076,,,,1
DJI,Djibouti,DJ,2004,806.261652944964,0.666072101777505,,,,,90.0366377124128,74.8528108316138,40.9424726709226,,,,,9.26467037200928,,,,1
DJI,Djibouti,DJ,2005,844.4483573908,0.708633194726565,,,,,87.6675621602676,73.2624858050632,40.3718879760687,,,,,8.36588954925537,,,,1
DJI,Djibouti,DJ,2006,898.464628136774,0.768873684032838,,,,,85.2689859473114,71.6238464015193,39.7727899058679,,,,,8.27877998352051,,,,1
DJI,Djibouti,DJ,2007,969.573220191902,0.847918929107983,,,,,82.7674790953373,69.8515609002214,39.1608018245342,,,,,8.40625,,,,1
DJI,Djibouti,DJ,2008,1119.15233346969,0.999105339267729,,,,,80.330701011202,68.1179192974489,38.5916811074655,,,,,,,,,1
DJI,Djibouti,DJ,2009,1150.9375857489,1.04911068472493,,,,,78.119375292835,66.5585428416683,37.9643836979578,,,,,,,,Medium,1
DJI,Djibouti,DJ,2010,1213.23352553429,1.1286117003618,,,,,75.8808298235961,64.9272986638262,37.3289768308957,,,,,4.49022006988525,,,,1
DJI,Djibouti,DJ,2011,1306.34552844977,1.23914450177525,,,,,73.6326058568481,63.2668214969537,36.604532985306,,31.0,24.2,10.8,,,,,1
DJI,Djibouti,DJ,2012,1400.19357858954,1.3536329415207,45.1,26.4,42.2,77.5,71.4415696817616,61.5998876110256,35.8588772608182,,,,,6.35127551762696,,,,1
DJI,Djibouti,DJ,2013,2075.94498424748,2.04444044316654,44.1,31.2,47.8,81.7,69.3002488421859,59.9485934321833,35.1651093718905,,28.0,26.0,13.9,4.64782533103312,,,,1
DJI,Djibouti,DJ,2014,2214.62084142432,2.22063796625047,,,,,67.2316199297831,58.3043006441448,34.4606966163082,,,,,4.38407521258509,,,,1
DJI,Djibouti,DJ,2015,2376.12554719873,2.42439178543897,,,,,65.1397683186894,56.6107259459742,33.799351170261,,,,,3.59894990921021,,,,1
DJI,Djibouti,DJ,2016,2510.4300076241,2.60495522870117,,,,,63.2606974123323,55.1151079516545,33.0944840717327,,,,,3.92226004600525,,,,1
DJI,Djibouti,DJ,2017,2618.95521147369,2.76258133422612,41.6,25.4,43.7,80.8,61.272248240552,53.5019560804898,32.2794882980642,,,,,3.73344993591309,,,,1
DJI,Djibouti,DJ,2018,2718.08338799203,2.91346465808768,,,,,59.4131913055125,51.9771945448273,31.5599800816858,,,,,3.75143003463745,,,,1
DJI,Djibouti,DJ,2019,2837.16902340932,3.08885145030694,,,,,57.479299211419,50.372206326554,30.9343044107718,,20.9,16.2,10.6,,,,,1
DJI,Djibouti,DJ,2020,2844.88810647853,3.1441361966228,,,,,55.6156612846772,48.8186784622107,30.0920076141506,,,,,,,,,1
DJI,Djibouti,DJ,2021,3025.91126413549,3.39279695308938,,,,,53.829707991345,47.3230724801328,29.5338527069928,,,,,,,,,1
DJI,Djibouti,DJ,2022,3133.25779772463,3.56281490876149,,,,,52.1575252895253,45.8998386501735,28.759058639217,,,,,,,,,1
DJI,Djibouti,DJ,2023,3397.52015779588,3.91715048080981,,,,,50.4231840258072,44.4362775185402,28.169985487913,,25.5,17.7,12.1,,,,,1
DMA,Dominica,DM,2000,4867.39896323759,0.33347037037037,,,,,19.3620093425169,16.6327518023264,12.5753831135559,,,,,,,,,0
DMA,Dominica,DM,2001,5527.51527300496,0.377462962962963,,,,,19.7226223376332,17.0333880018695,13.0438170607897,,,,,,,,,0
DMA,Dominica,DM,2002,5488.02784969357,0.3752,,,,,20.1319335900101,17.47759882152,13.5449294998363,,,,,,,,,1
DMA,Dominica,DM,2003,5447.44011496284,0.373318518518519,,,,,20.5878945127087,17.9626824814595,14.1023238368685,,,,,,,,,1
DMA,Dominica,DM,2004,5778.83306546506,0.39671111111111,,,,,21.0817728068116,18.4828178454749,14.6903405182393,,,,,,,,,1
DMA,Dominica,DM,2005,5695.22442394675,0.391455555555556,,,,,21.6219438366042,19.0459097693341,15.3239952741187,,,,,,,,,1
DMA,Dominica,DM,2006,6055.78109574854,0.416674074074074,,,,,22.2046608061819,19.6499396120581,16.0240810088986,,,,,,,,,1
DMA,Dominica,DM,2007,6459.03503689609,0.444685185185185,,,,,22.8210890048783,20.2838680310884,16.8069518737644,,,,,,,,,1
DMA,Dominica,DM,2008,6971.32633839289,0.480003703703704,,,,,23.4854354372815,20.9647660582083,17.6736252601283,,,,,,,,,1
DMA,Dominica,DM,2009,7487.49010395154,0.515618518518519,,,,,24.199368194348,21.6940098591645,18.6280143966088,,,,,,,,,1
DMA,Dominica,DM,2010,7549.61964680375,0.519859259259259,,,,,24.9559001677585,22.4625654652771,19.6672482252494,,,,,,,,,1
DMA,Dominica,DM,2011,7705.40717248319,0.532081481481481,,,,,25.7412037968954,23.2610848329194,20.7704213844647,,,,,,,,,1
DMA,Dominica,DM,2012,7528.51001990155,0.520355555555556,,,,,26.5733692454734,24.102261733513,21.9111592153972,,,,,4.52896287885139,,,,1
DMA,Dominica,DM,2013,7822.21797211398,0.545325925925926,,,,,27.4455925405839,24.9835196576456,23.0659187689014,,,,,4.35428103166344,,,,1
DMA,Dominica,DM,2014,8131.74876096735,0.572255555555555,,,,,28.3414092052994,25.8901098113836,24.2372511960897,,,,,4.33216630134647,,,,1
DMA,Dominica,DM,2015,8282.59874702141,0.583177777777778,,,,,29.2807088247066,26.8381610596605,25.4031281430809,,,,,3.40711998939514,,,,1
DMA,Dominica,DM,2016,8802.56172041363,0.612711111111111,,,,,30.2314942689325,27.7978482859884,26.4975456717921,,,,,5.12971951862684,,,,1
DMA,Dominica,DM,2017,8224.64896571414,0.563355555555554,,,,,31.182341412379,28.7578173332091,27.4396874673965,,,,,4.71605005720456,,,,1
DMA,Dominica,DM,2018,9215.3085405645,0.628244444444443,,,,,32.1189514761989,29.7022375890135,28.2585609540813,,,,,5.1536046272165,,,,1
DMA,Dominica,DM,2019,9491.14995962374,0.644259259259259,,,,,33.0151866401763,30.6070499215793,28.9639177479423,,,,,5.53449010848999,,,,1
DMA,Dominica,DM,2020,7827.74842680426,0.528944444444444,,,,,33.8223537297416,31.4251144312407,29.5774635888322,,,,,4.69630002975464,,,,1
DMA,Dominica,DM,2021,8376.40414141113,0.562911111111111,,,,,34.5170551504778,32.1334998247683,30.0685979226853,,,,,5.71689183034862,,,,1
DMA,Dominica,DM,2022,9323.66089490562,0.623062962962962,,,,,35.0976614033221,32.7294595183221,30.4759646147926,,,,,6.04314243406571,,,,1
DMA,Dominica,DM,2023,9912.96212766668,0.659311111111111,,,,,35.4722532725151,33.1234453684107,30.8086139792713,,,,,4.69423746286593,,,,1
DNK,Denmark,DK,2000,30722.0251837567,164.04381722359,23.8,0.0,0.0,0.2,5.6340143335809,4.67193697479038,3.49581282534829,5.46,,,,8.09000015258789,36.3295874040288,,,0
DNK,Denmark,DK,2001,30768.4775471112,164.881594415341,,,,,5.51924718733578,4.58697788957274,3.33059203563749,5.43,,,,8.21094989776611,35.7847698939083,,,0
DNK,Denmark,DK,2002,33257.1622586509,178.788209558311,,,,,5.3805407563161,4.4818472646417,3.19993912800269,5.4,,,,8.20600032806396,36.0953935308146,,,0
DNK,Denmark,DK,2003,40519.0974905924,218.421193436252,25.6,0.4,0.4,0.5,5.2178117830145,4.35664459574583,3.15104345861002,5.37,,,,8.10984039306641,35.767975389886,,,0
DNK,Denmark,DK,2004,46625.050098011,251.986155630852,24.9,0.3,0.3,0.4,5.03196254806939,4.21255187565572,3.14225168534142,5.33,,,,8.18766021728516,35.8307759102234,,,0
DNK,Denmark,DK,2005,48925.8076698784,265.150087711985,25.2,0.3,0.3,0.5,4.8366423860582,4.06000709528572,3.10352805434245,5.3,,,,8.0647497177124,33.8090842292666,,,0
DNK,Denmark,DK,2006,52119.1787984282,283.386151543687,25.9,0.2,0.2,0.3,4.64602898428945,3.9113300375213,3.01246397060727,5.26,,,,7.71623992919922,32.5510758502503,,,0
DNK,Denmark,DK,2007,58631.6566433635,320.213157595018,26.2,0.1,0.3,0.6,4.46967315622184,3.77379852963555,2.90408108620064,5.23,,,,7.59681987762451,34.9730643021222,,,0
DNK,Denmark,DK,2008,64616.6657583663,354.979471960142,25.2,0.3,0.4,0.8,4.31892371450604,3.65703733287466,2.81977299682967,5.2,,,,7.44195985794067,35.5704583622838,,,0
DNK,Denmark,DK,2009,58412.7472358513,322.619152194594,26.7,0.6,0.6,1.1,4.20193522594523,3.56838645363059,2.79029050016978,5.18,,,,8.41279983520508,40.7304528981614,,,0
DNK,Denmark,DK,2010,58104.5445594981,322.34559407547,27.2,0.1,0.1,0.3,4.12056605667231,3.51007107992137,2.84080422303337,5.15,,,,8.55025005340576,41.321624841298,,,0
DNK,Denmark,DK,2011,61809.737898222,344.315595263175,27.3,0.0,0.0,0.6,4.08066752962132,3.48668762955432,2.96093753163497,5.13,,,,8.47716045379639,41.3553765306718,,,0
DNK,Denmark,DK,2012,58443.7747103968,326.792574244963,27.8,0.0,0.0,0.9,4.07501129698184,3.49224694480811,3.07684782267016,5.09,,,,7.24570989608765,42.5735551510871,,,0
DNK,Denmark,DK,2013,61377.5940590412,344.63101696512,28.5,0.3,0.3,0.8,4.08315990447189,3.50960097270494,3.12809943674875,5.06,,,,8.46864032745361,40.3069360551146,,,0
DNK,Denmark,DK,2014,62520.4509747011,352.832602064452,28.4,0.2,0.2,0.9,4.08343308091952,3.51989918420905,3.11317967709923,5.02,,,,7.63833999633789,39.8534795726126,,,0
DNK,Denmark,DK,2015,53094.0133607574,301.758922337637,28.2,0.2,0.3,0.5,4.06786685472082,3.51669538858404,3.05089734365407,4.98,,,,,39.4680654843822,,,0
DNK,Denmark,DK,2016,54500.9260410217,312.181849372233,28.2,0.3,0.3,0.5,4.02815601131899,3.4921495660825,2.95660251484638,4.94,,,,7.71534013748169,37.3753237986279,,,0
DNK,Denmark,DK,2017,57521.5514992225,331.610593961988,28.7,0.1,0.2,0.3,3.96332984376964,3.44550563882995,2.83886270387589,4.9,,,,7.3700098991394,36.281185472149,,,0
DNK,Denmark,DK,2018,61324.7665045565,355.293374912393,28.2,0.2,0.2,0.3,3.87803959896128,3.3804414199725,2.70639234825841,4.87,,,,7.32746982574463,36.1767651513151,,,0
DNK,Denmark,DK,2019,59404.2663247723,345.401473012615,27.7,0.3,0.3,0.5,3.78250582264818,3.30633342278282,2.54685458689039,4.84,,,,7.27587985992432,35.294411019505,,,0
DNK,Denmark,DK,2020,60985.4885601514,355.631021931621,27.5,0.2,0.2,0.5,3.68715704648769,3.23073543700273,2.34565372591,4.81,,,,7.38573980331421,38.7585745073268,,,0
DNK,Denmark,DK,2021,69727.9873677012,408.378204639999,28.3,0.2,0.2,0.3,3.59544733811772,3.15857176915222,2.10478890243392,,,,,6.95915985107422,36.2155316033098,,,0
DNK,Denmark,DK,2022,68091.3191138669,401.945576107963,29.3,0.2,0.3,0.8,3.510567448292,3.09228418982023,1.88955722050895,,,,,6.35586977005005,32.0184253924653,,,0
DNK,Denmark,DK,2023,68453.8769281145,407.091920305404,29.9,0.4,0.4,0.6,3.42334612841016,3.02208307685169,1.75121601767033,,,,,,33.1387313045139,,,0
DOM,Dominican Republic,DO,2000,2831.45883638033,24.3057806286677,51.5,8.3,14.3,39.8,39.8241424079316,33.6343352687512,23.0324571736284,10.18,11.5,4.8,1.7,1.88829004764557,10.9875855185638,,,1
DOM,Dominican Republic,DO,2001,2935.89367312668,25.6018236875742,50.0,6.6,13.7,39.2,38.8008653527383,32.9048325673588,22.9807354215612,10.38,,,,1.96782994270325,12.1697108843683,,,1
DOM,Dominican Republic,DO,2002,3065.60329524196,27.1374407862562,49.7,9.0,15.6,39.0,37.9525991659311,32.3092853730086,22.9258989804502,10.57,13.6,5.4,2.9,1.9140100479126,12.4100701063605,,,1
DOM,Dominican Republic,DO,2003,2383.26171780393,21.4031678481444,52.1,10.7,19.0,47.8,37.2627303795925,31.8479564376563,22.9062124975981,10.75,,,,1.84465003013611,10.7120925866839,,,1
DOM,Dominican Republic,DO,2004,2451.69161616569,22.322387382494,52.1,14.6,24.9,55.6,36.6998700267038,31.4873488883025,22.9776352648675,10.91,,,,,13.3317198477445,,,1
DOM,Dominican Republic,DO,2005,3878.31206735244,35.7775606839366,50.0,9.9,18.6,46.6,36.2349355876328,31.2110003147689,23.0906203919274,11.04,,,,,13.5953672250726,,,1
DOM,Dominican Republic,DO,2006,4055.14270347371,37.8798300842627,52.0,8.1,15.9,43.5,35.8683728327939,31.0047621304577,23.2734944206233,11.18,9.4,3.6,1.8,,13.7597772413137,,,1
DOM,Dominican Republic,DO,2007,4649.64558875814,43.9654585085056,48.9,7.8,15.4,43.0,35.5965718317438,30.8704090044702,23.4561892481891,11.32,12.7,3.8,1.6,2.04678988456726,13.5862337522216,,,1
DOM,Dominican Republic,DO,2008,5023.58513403515,48.091433554186,48.1,7.1,15.9,44.2,35.3538593032762,30.7742702856001,23.652138031315,11.47,,,,,15.4066549591004,,,1
DOM,Dominican Republic,DO,2009,4973.95186999952,48.2237814768909,48.9,6.3,14.2,41.5,35.1896798237799,30.7384190791362,23.8045702322252,11.63,,,,,15.106208932521,,,1
DOM,Dominican Republic,DO,2010,5478.62470398954,53.8010533525005,47.3,5.5,14.1,42.0,35.0818176545464,30.7407888842119,23.9633305503049,11.79,,,,1.88728788680129,14.2243842044906,,,1
DOM,Dominican Republic,DO,2011,5826.51014109195,57.948261615957,47.7,5.3,11.7,40.2,34.9796759890601,30.7572393760353,24.0842111590898,11.95,,,,1.87925755786153,14.0356295447902,,Medium,1
DOM,Dominican Republic,DO,2012,6013.81965002603,60.5616355556383,46.1,5.4,12.1,39.6,34.9435445840328,30.822133158099,24.1765168731223,12.12,,,,,15.8662710050019,,,1
DOM,Dominican Republic,DO,2013,6136.59429329301,62.555417414582,47.7,4.4,11.6,39.3,34.9542905034766,30.9352390198162,24.2178208197816,12.27,6.6,3.9,2.7,3.62818152019188,15.4846483694906,0.4931831359863281,,1
DOM,Dominican Republic,DO,2014,6496.45166971142,67.0143290995549,44.3,4.1,8.8,33.5,34.9714880677532,31.0477092452106,24.268044470619,12.42,,,,3.62243443144513,15.6805638273879,,,1
DOM,Dominican Republic,DO,2015,6800.95309395474,70.9667825724386,45.2,3.3,7.5,29.4,34.9860653283213,31.1616151114298,24.3342522644042,12.57,,,,3.60400277306673,15.3612641247847,,,1
DOM,Dominican Republic,DO,2016,7160.44200982307,75.5529026357075,45.7,3.0,6.7,27.4,35.0179980453635,31.2687184594941,24.3763210011553,12.72,,,,3.85049560792469,16.4269789437784,,,1
DOM,Dominican Republic,DO,2017,7412.71571571512,79.0702747431658,42.2,1.5,4.2,23.8,34.963274757299,31.3072012775491,24.2973361292267,12.87,,,,3.92026752279272,16.8356837461838,,,1
DOM,Dominican Republic,DO,2018,7882.98221584944,84.9947320493461,43.7,1.1,3.0,20.9,34.7379166015156,31.174185002141,24.1116865787051,13.04,,,,3.92849467476802,16.0317825388458,,,1
DOM,Dominican Republic,DO,2019,8183.01623600375,89.146130744723,41.9,1.0,2.9,18.8,34.3479854756032,30.8824071119413,23.8153482284799,13.22,7.5,3.4,2.2,4.04276873126053,17.5016516701036,,,1
DOM,Dominican Republic,DO,2020,7135.22273255899,78.5466724068291,39.6,1.3,4.3,21.7,33.7506480278912,30.403621017653,23.3850667363717,13.44,,,,4.51769850778985,21.4214588048653,,,1
DOM,Dominican Republic,DO,2021,8527.0754858205,94.8507195167127,38.5,1.3,3.7,21.8,33.0724289069111,29.8399817989075,22.9001899992266,,,,,3.58043271614957,17.3592951719425,,,1
DOM,Dominican Republic,DO,2022,10104.2449349081,113.4780871348,37.0,1.0,3.2,20.2,32.2499409242581,29.138334814756,22.3120469433495,,,,,3.61088872070271,18.0569272165148,,,1
DOM,Dominican Republic,DO,2023,10630.431743829,120.456239153739,38.4,1.3,3.0,16.9,31.4113004792113,28.4130806330209,21.7404357729125,,,,,3.7606477375256,18.066236602366,,,1
DZA,Algeria,DZ,2000,1772.92869122761,54.7903985703282,,,,,41.5983290304524,34.65074836384,22.7169762746761,6.8,23.6,5.4,3.1,,,,,1
DZA,Algeria,DZ,2001,1896.30020878013,59.4134009236364,,,,,40.0714561312974,33.5634297376995,22.3330362720395,6.8,,,,,,,,1
DZA,Algeria,DZ,2002,1937.46411413019,61.5161034061688,,,,,38.4996035778164,32.4087493394562,21.9402032158676,6.8,24.0,11.1,9.6,,,,,1
DZA,Algeria,DZ,2003,2283.77299346126,73.4822641909245,,,,,36.9541890111539,31.2534491548017,21.4651386928536,6.79,,,,,,,,1
DZA,Algeria,DZ,2004,2816.99384960555,91.9136809851708,,,,,35.4241977824549,30.0943787388293,20.8674232064085,6.79,,,,,,,,1
DZA,Algeria,DZ,2005,3233.13339634212,107.046618669707,,,,,33.9507507075838,28.9619091162234,20.272635794119,6.79,,,,,,,,1
DZA,Algeria,DZ,2006,3660.66104745322,123.08425869301,,,,,32.5624323904537,27.8808662911056,19.7248468829948,6.8,15.4,3.4,4.1,,,,,1
DZA,Algeria,DZ,2007,4167.45169937531,142.482739809849,,,,,31.2598669537801,26.861045676824,19.1614409142131,6.81,,,,,,,,1
DZA,Algeria,DZ,2008,5180.91881514686,180.383848331135,,,,,30.0939956130547,25.9467329679794,18.6392828804092,6.82,,,,4.11142015457153,,,,1
DZA,Algeria,DZ,2009,4235.42990456612,150.317292079359,,,,,29.0394770931865,25.1208438943329,18.1929591768496,6.84,,,,,,,,1
DZA,Algeria,DZ,2010,4912.78585503672,177.785053939531,,,,,28.1087926784036,24.3893986399719,17.8968673098753,6.86,,,,8.6917709007891,,,,1
DZA,Algeria,DZ,2011,5916.31364364343,218.331946925304,27.6,0.0,4.7,41.8,27.2975349352438,23.7594784590522,17.6082238681534,6.89,,,,9.12453448642892,,,,1
DZA,Algeria,DZ,2012,6033.64884689543,227.143746075934,,,,,26.5849628899035,23.2070826674635,17.1193897259186,6.92,11.7,3.0,4.1,7.02950889772261,,0.7172759175300598,,1
DZA,Algeria,DZ,2013,5979.60138960585,229.701430292157,,,,,25.9571380180753,22.7234870074976,16.3655859633102,6.96,,,,6.65906035504841,,,,1
DZA,Algeria,DZ,2014,6094.69392314956,238.94266419259,,,,,25.4136782826604,22.3071257777161,15.6318376185836,6.99,,,,6.54889841545277,,,,1
DZA,Algeria,DZ,2015,4685.05902729002,187.493855609345,,,,,24.9296323290003,21.9394107668988,15.1673146863024,7.02,,,,6.17633014564047,,,,1
DZA,Algeria,DZ,2016,4424.98529027556,180.763839522151,,,,,24.4784553815487,21.5969865000979,15.044947161075,7.05,,,,6.50210843472458,,,,1
DZA,Algeria,DZ,2017,4554.66753957828,189.880896903073,,,,,24.0483959674038,21.2716808112164,15.2142598659838,7.09,,,,5.73482350888796,,,Low,1
DZA,Algeria,DZ,2018,4577.21029180491,194.554483655528,,,,,23.6501215337194,20.9667704205153,15.545268704833,7.13,,,,5.8127512720176,,,,1
DZA,Algeria,DZ,2019,4468.45341883656,193.459662090677,,,,,23.2700797493441,20.679201921213,15.8414938325414,7.16,9.8,2.7,2.7,5.57536563446523,,,,1
DZA,Algeria,DZ,2020,3743.5419522929,164.873415325201,,,,,22.9334639100936,20.4271162286791,15.9442011008808,7.2,,,,6.19391724496515,,,,1
DZA,Algeria,DZ,2021,4160.55926736925,186.231205262082,,,,,22.5911632228903,20.175614702039,15.8549680036519,,,,,5.51403281769924,,,,1
DZA,Algeria,DZ,2022,4961.55257664733,225.638456572143,,,,,22.3006474183766,19.9669997494215,15.634976647641,,,,,4.74924673000603,,,,1
DZA,Algeria,DZ,2023,5364.02795022731,247.626161016414,,,,,22.0007752577279,19.7431486224881,15.3292328889733,,,,,5.61015717726636,,,,1
ECU,Ecuador,EC,2000,1382.23421759909,17.5394547273637,56.3,34.1,48.6,76.6,29.6484766200013,24.1485222261685,14.1819685574343,11.5,,,,1.20265996456146,,,,1
ECU,Ecuador,EC,2001,1791.30359685037,23.127055,,,,,28.1069040178094,22.9533446777287,13.4256142195094,11.47,,,,,,,,1
ECU,Ecuador,EC,2002,2059.1585535974,27.054197,,,,,26.7921478338248,21.944892875216,12.7724291114265,11.43,,,,,,,,1
ECU,Ecuador,EC,2003,2315.62215223014,30.965208,53.5,18.9,29.8,58.7,25.6522267101868,21.0677387104995,12.20941902161,11.39,,,,,,,,1
ECU,Ecuador,EC,2004,2586.20914663347,35.194947,53.9,19.4,30.9,59.7,24.6254901799733,20.2762686696394,11.6818485230546,11.33,29.2,6.7,2.0,,,,,1
ECU,Ecuador,EC,2005,2909.02606014388,40.278849,53.1,15.4,24.7,51.9,23.659683752764,19.5271775024173,11.1791775826688,11.28,,,,,,,,1
ECU,Ecuador,EC,2006,3243.67010359339,45.690762,52.3,10.9,19.4,46.8,22.7656178077769,18.8361059004367,10.7109142290008,11.24,25.9,6.8,2.1,,,,,1
ECU,Ecuador,EC,2007,3478.92488770671,49.848725,53.4,10.9,18.7,45.9,21.87186016581,18.1429624070283,10.2479264359463,11.2,,,,,,,,1
ECU,Ecuador,EC,2008,4194.75750661981,61.139438,49.8,9.8,17.7,43.4,20.9663613784701,17.4316799927277,9.79788028697454,11.15,,,,,,,,1
ECU,Ecuador,EC,2009,4053.36331139298,60.094978,48.5,9.3,16.9,44.4,20.048613199772,16.7063636560609,9.35319498598873,11.11,,,,4.51763010025024,,,,1
ECU,Ecuador,EC,2010,4520.30959039763,68.151329,48.8,7.8,14.4,39.7,19.1504874022757,15.9938089681887,8.93324734560247,11.05,,,,4.60028982162476,,,,0
ECU,Ecuador,EC,2011,5153.6916424375,78.986648,45.9,6.4,11.9,35.9,18.2703601434794,15.2901968615605,8.53480214271137,10.98,,,,4.74424982070923,,,Medium,0
ECU,Ecuador,EC,2012,5634.08393191094,87.735048,46.1,6.0,11.0,32.6,17.4220843089446,14.6050652365855,8.16874385136297,10.92,25.4,6.4,2.4,4.65310001373291,,,,0
ECU,Ecuador,EC,2013,6109.29031510341,96.570334,46.9,4.5,9.7,32.5,16.6318763631028,13.9661728609667,7.83613349680506,10.85,,,,4.92997980117798,33.5309774702576,,,0
ECU,Ecuador,EC,2014,6405.79979300441,102.717794,45.0,4.0,8.2,28.7,15.927440887913,13.3968959182718,7.53621242229865,10.8,23.9,5.1,1.6,5.21020984649658,33.3268796672496,,,0
ECU,Ecuador,EC,2015,5976.1596805651,97.209558,46.0,4.8,9.2,29.8,15.3345510321615,12.9155424806797,7.28160592736874,10.77,,,,5.10570001602173,34.0758538247243,,,0
ECU,Ecuador,EC,2016,5917.63771271481,97.671433,45.0,5.0,9.1,29.3,14.8425915403769,12.5172472987868,7.09025280510266,10.75,,,,4.46397668804552,35.0549572104551,,,0
ECU,Ecuador,EC,2017,6233.32244797718,104.467486,44.7,4.3,8.4,28.3,14.4361803245178,12.1874183039117,6.97814157935432,10.72,,,,4.60667733499397,31.5192679680287,,,0
ECU,Ecuador,EC,2018,6303.91886658338,107.478961,45.4,4.7,9.2,28.9,14.0910680985183,11.9117142838507,6.94368971947836,10.7,,,,4.6250260585881,33.7250449206698,,,0
ECU,Ecuador,EC,2019,6205.05765246766,107.59583,45.7,4.6,9.5,30.6,13.8034133371985,11.6826857173772,6.98280450567247,10.67,,,,4.2457799911499,33.1468964953936,,,0
ECU,Ecuador,EC,2020,5463.64515348598,95.865473,47.3,8.4,13.5,36.0,13.5631256795844,11.4904382374103,7.07541413223026,10.63,,,,4.26103019714355,34.0396754166882,,,0
ECU,Ecuador,EC,2021,6061.32350181711,107.179074,45.8,5.3,10.8,33.5,13.3655922455933,11.3340814302694,7.15102450089077,,,,,3.64776992797852,31.9261749303125,,,0
ECU,Ecuador,EC,2022,6515.58528418336,116.133121,45.5,4.4,9.2,30.9,13.2025824429791,11.20965146704,7.15625566683482,,,,,3.59897994995117,30.4365983203311,,,0
ECU,Ecuador,EC,2023,6737.84748379638,121.147057,44.6,4.7,10.0,30.8,13.0549329900104,11.0941988061286,7.09785976093807,,17.5,4.3,0.9,3.89365005493164,,,,0
EGY,"Egypt, Arab Rep.",EG,2000,1366.09274372613,99.8385439600763,,,,,46.6069632564499,39.5671661051985,22.4617411004852,,27.9,,,,,,,1
EGY,"Egypt, Arab Rep.",EG,2001,1295.1374184163,96.6846361185984,,,,,43.9312093902041,37.5343887577934,21.6885339765537,,,,,,,,,1
EGY,"Egypt, Arab Rep.",EG,2002,1116.82884626213,85.1460674157303,,,,,41.53153286121,35.6992599472977,20.9810621164419,,,,,,27.2483504882555,,,1
EGY,"Egypt, Arab Rep.",EG,2003,1031.27556291284,80.2884615384615,,,,,39.3777855943507,34.0480792378896,20.3168329836836,,21.6,9.6,5.2,4.94563007354736,27.3324550898204,,,1
EGY,"Egypt, Arab Rep.",EG,2004,991.255689145253,78.7824675324674,31.8,4.1,18.2,72.4,37.4588095240372,32.567949019816,19.7112345931276,,,,,4.67072010040283,26.8903770863383,,,1
EGY,"Egypt, Arab Rep.",EG,2005,1105.53920713903,89.6603396603397,,,,,35.7281950596092,31.2331554614172,18.9798567941566,,25.0,5.4,4.4,4.79442977905273,27.3888579387187,,,1
EGY,"Egypt, Arab Rep.",EG,2006,1298.97900203124,107.426086956522,,,,,34.1401748538624,29.9999080265445,18.1820993314094,,,,,4.00178003311157,32.7636716852841,,,1
EGY,"Egypt, Arab Rep.",EG,2007,1547.74170735909,130.437828371278,,,,,32.6569908972266,28.8431699581936,17.4044879096057,,,,,3.68460988998413,29.3352309344791,,,1
EGY,"Egypt, Arab Rep.",EG,2008,1896.21594269779,162.818181818182,31.1,3.7,16.1,71.8,31.2415788952802,27.7235304178093,16.6461217197967,,31.6,6.7,7.2,3.76082992553711,30.3182043551089,,,1
EGY,"Egypt, Arab Rep.",EG,2009,2161.63964573927,189.147005444646,,,,,29.9072876252626,26.671437519595,15.9015704114024,,,,,,30.0771253118403,,,1
EGY,"Egypt, Arab Rep.",EG,2010,2455.08194645282,218.983666061706,30.2,1.5,10.0,63.5,28.6097416741108,25.6209574986176,15.1882167162879,,,,,,28.8602519476214,,,1
EGY,"Egypt, Arab Rep.",EG,2011,2590.64384891965,235.989672977625,,,,,27.3779941078363,24.6277898584093,14.5027857198543,,,,,,29.1899277952009,,,1
EGY,"Egypt, Arab Rep.",EG,2012,2996.0677072015,279.116666666667,28.3,1.2,6.9,60.6,26.2497091799399,23.7060336720577,13.8733551491872,,,,,,28.6894966262614,,,1
EGY,"Egypt, Arab Rep.",EG,2013,3025.52563552448,288.434108527132,,,,,25.1661236017159,22.816301273081,13.3038082188015,,,,,,32.2017308105784,,,1
EGY,"Egypt, Arab Rep.",EG,2014,3133.39102265541,305.595408895265,,,,,24.1439201090239,21.9541250441996,12.7689802319141,,21.5,7.1,9.2,,32.9206291079812,0.5748456120491028,,1
EGY,"Egypt, Arab Rep.",EG,2015,3306.98159414141,329.366576819407,31.8,1.2,7.1,56.8,23.2541186796599,21.2013978594028,12.2772015042495,,,,,,30.2303694913867,,,1
EGY,"Egypt, Arab Rep.",EG,2016,3270.6287768197,332.441717791411,,,,,22.4307163059383,20.4908241729629,11.819170373583,,,,,,,,,1
EGY,"Egypt, Arab Rep.",EG,2017,2395.10333299491,248.36277173913,31.5,3.1,13.7,66.8,21.6242857113285,19.7861598298685,11.3937793014,,,,,,,,Low,1
EGY,"Egypt, Arab Rep.",EG,2018,2484.70315630508,262.58863252673,,,,,20.8070791943941,19.0646945186839,10.9885690821672,,,,,,,,,1
EGY,"Egypt, Arab Rep.",EG,2019,2962.98892023003,318.678815489749,31.9,2.0,10.2,62.2,20.0925586252139,18.4370245091002,10.6011826631248,,,,,,,,,1
EGY,"Egypt, Arab Rep.",EG,2020,3511.11381026379,383.817841547099,,,,,19.3780007389559,17.7994528768936,10.2408784449483,,,,,,,,,0
EGY,"Egypt, Arab Rep.",EG,2021,3827.35415374308,424.671765455704,28.5,1.4,7.1,58.5,18.7488654996652,17.2382153596811,9.91199686576009,,13.5,3.1,2.7,,,,,0
EGY,"Egypt, Arab Rep.",EG,2022,4233.30783744856,476.747720364742,,,,,18.105475637763,16.6617429625397,9.56503616553029,,,,,,,,,0
EGY,"Egypt, Arab Rep.",EG,2023,3456.78968456253,395.926075163006,,,,,17.5278030808089,16.1459487416781,9.25242731712138,,,,,,,,,0
ERI,Eritrea,ER,2000,314.357396753501,0.706370815584416,,,,,85.2742358787842,50.7931783984126,27.0606565033646,15.99,,,,,,,,1
ERI,Eritrea,ER,2001,325.409161513593,0.752371688743186,,,,,81.0771847114749,49.0295725108678,26.5530758984749,15.94,,,,4.0471601486206,,,,1
ERI,Eritrea,ER,2002,304.775756465092,0.729321680154324,,,,,77.2858754622928,47.4552178445035,26.0493983225631,15.9,43.0,34.3,15.0,3.52390003204346,,,,1
ERI,Eritrea,ER,2003,348.950327077742,0.870248267550163,,,,,73.7772705972944,45.9821104547229,25.5958295450441,15.84,,,,,,,,1
ERI,Eritrea,ER,2004,426.840947887032,1.10905400543971,,,,,70.5149439940809,44.620012758528,25.1445971430554,15.78,,,,3.14896988868713,,,,1
ERI,Eritrea,ER,2005,412.753079199423,1.09842468566169,,,,,67.4506311906037,43.3423406467594,24.6834713649143,15.71,,,,,,,,1
ERI,Eritrea,ER,2006,447.997404727201,1.21116187967479,,,,,64.5968730179209,42.110030720562,24.1915486294413,15.65,,,,2.12700009346008,,,,1
ERI,Eritrea,ER,2007,480.44762365456,1.31797449105691,,,,,61.8813465849452,40.9187226203201,23.6655735094713,15.58,,,,,,,,1
ERI,Eritrea,ER,2008,490.066956003333,1.3801888,,,,,59.3775455845583,39.7736266497761,23.0977917374822,15.52,,,,,,,,1
ERI,Eritrea,ER,2009,642.92572288007,1.85669555121951,,,,,57.0871069088604,38.6302357734453,22.5282260841869,15.48,,,,,,,,1
ERI,Eritrea,ER,2010,539.699512069686,1.58951544715447,,,,,54.9919413580526,37.5433683953968,21.9739679762313,15.44,52.5,39.4,14.6,,,,,1
ERI,Eritrea,ER,2011,688.68165957684,2.06500162601626,,,,,53.0554169291072,36.4901280251933,21.467040370787,15.41,,,,,,,,1
ESP,Spain,ES,2000,14743.2671031455,598.10285475608,34.1,0.9,1.1,3.0,5.42372074559108,4.35425566613174,2.81506465334781,8.88,,,,4.16786003112793,,,,0
ESP,Spain,ES,2001,15368.2337984435,627.798682378741,,,,,5.27496135352347,4.24250073069979,2.758728161708,8.91,,,,4.11147022247315,,,,0
ESP,Spain,ES,2002,17111.0685058941,708.938227243922,,,,,5.1465582436751,4.14819689833131,2.68880781520656,8.95,,,,4.13351011276245,,,,0
ESP,Spain,ES,2003,21522.0170990262,907.963217057645,31.8,0.9,1.2,2.4,5.01887008994721,4.05448249622279,2.60652914005957,8.98,,,,4.17126989364624,,,,0
ESP,Spain,ES,2004,24925.0267844576,1069.82938251467,33.3,1.0,1.3,2.7,4.87510113237266,3.94793515151995,2.52024789293944,9.02,,,,4.15485000610352,28.879414086708,,,0
ESP,Spain,ES,2005,26450.9530130382,1154.66755177588,32.4,0.9,1.1,2.8,4.7154437376146,3.82770832648236,2.4287875222231,9.05,,,,4.14090013504028,27.2791723501867,,,0
ESP,Spain,ES,2006,28421.686527407,1261.84668327529,33.5,0.9,1.1,3.1,4.54261816395034,3.69551343270726,2.33533374431016,9.09,,,,4.18001985549927,27.1897040327331,,,0
ESP,Spain,ES,2007,32652.015594702,1476.74627685451,34.1,0.6,0.7,1.9,4.36405108725664,3.55771114052861,2.24338376342845,9.15,,,,4.24615001678467,27.4124140055924,,,0
ESP,Spain,ES,2008,35603.248328071,1636.1154476125,34.2,0.6,0.9,2.1,4.18527749740142,3.41895325046289,2.17094932928873,9.21,,,,4.51629018783569,28.6016583485552,,,0
ESP,Spain,ES,2009,32279.8208476151,1496.58759084765,34.9,0.9,1.1,2.7,4.01084111821802,3.28367777806785,2.13299142590361,9.29,,,,4.89520978927612,32.4055210206992,,,0
ESP,Spain,ES,2010,30658.7422282912,1427.98907891667,35.2,0.7,1.1,3.1,3.84647877106481,3.15609391793858,2.11722211901233,9.37,,,,4.8360800743103,31.4678153823301,,,0
ESP,Spain,ES,2011,31824.6219134777,1487.56865924125,35.7,1.3,1.7,3.4,3.69672302264787,3.03964958536933,2.09900264388178,9.45,,,,4.71897983551025,31.1937980143915,,,0
ESP,Spain,ES,2012,28456.4438151477,1330.99481167031,35.4,1.0,1.6,3.7,3.56545493728705,2.93805150248897,2.06772415435083,9.51,,,,4.46011018753052,38.0321130850107,,,0
ESP,Spain,ES,2013,29228.846559842,1362.18692315765,36.2,1.3,1.7,4.2,3.45616502658078,2.8537268013758,2.02643150940793,9.57,,,,4.32851982116699,35.3397643645213,,,0
ESP,Spain,ES,2014,29707.765509467,1380.24456136196,36.1,0.9,1.5,4.3,3.372364563896,2.78964277392973,1.98088508399262,9.6,,,,4.27524995803833,34.5306651240821,,,0
ESP,Spain,ES,2015,25982.4416197775,1206.16477755312,36.2,1.1,1.5,3.8,3.31052217299629,2.74312407325843,1.93802049000013,9.61,,,,4.24902009963989,32.6560648764801,,,0
ESP,Spain,ES,2016,26755.6061149398,1243.01566791712,35.8,1.3,1.7,4.0,3.26603302754659,2.70967648549955,1.90456057280995,9.61,,,,4.19328022003174,32.4323867041507,,,0
ESP,Spain,ES,2017,28381.3425596906,1321.75408881883,34.7,0.8,1.1,2.9,3.23431873391326,2.68589030578215,1.88323500027966,9.6,,,,4.17845010757446,31.3619207811122,,,0
ESP,Spain,ES,2018,30602.4212881113,1431.64280932706,34.7,1.0,1.2,3.2,3.20853802455548,2.66569538391672,1.86547730637946,9.61,,,,4.15046977996826,31.7256136391383,,,0
ESP,Spain,ES,2019,29786.5245689007,1403.49638768627,34.3,0.9,1.2,2.9,3.18191078099551,2.64400747189567,1.84355388704941,9.62,,,,4.20255994796753,32.1149229088067,,,0
ESP,Spain,ES,2020,27233.9426461608,1289.78383697121,34.9,1.1,1.5,3.4,3.15729372589792,2.62316799718353,1.81429687604179,9.64,,,,4.85116004943848,40.3694073931071,,,0
ESP,Spain,ES,2021,30799.4775937775,1461.24490185269,33.9,0.7,0.9,2.2,3.13949704346832,2.60789560500566,1.7791261818314,,,,,4.81315994262695,38.3621185067432,,,0
ESP,Spain,ES,2022,30270.2687017458,1446.49814774903,33.6,0.8,1.0,2.4,3.1310395303079,2.60026985017016,1.73909587021124,,,,,4.58553981781006,35.3952923242011,,,0
ESP,Spain,ES,2023,33509.0127982139,1620.09073495689,33.4,0.8,1.0,2.3,3.11564700190687,2.58753517440546,1.69893560602327,,,,,,34.0313577036742,,,0
EST,Estonia,EE,2000,4070.60902410208,5.68657974753524,35.8,3.0,7.2,35.9,11.0400030183235,8.78675645358573,5.3229968014214,4.45,,,,5.33945989608765,33.3557746759575,,,0
EST,Estonia,EE,2001,4502.66614992392,6.25021842270164,36.0,3.0,7.7,38.5,10.1456388300438,8.06995509918977,4.8629072484395,4.45,,,,5.23217010498047,31.3400559343088,,,0
EST,Estonia,EE,2002,5343.18310760735,7.3701196194782,35.8,2.9,7.2,36.0,9.299698199765,7.38990714454888,4.42815586204852,4.44,,,,5.433030128479,30.7417797848293,,,0
EST,Estonia,EE,2003,7205.40703313243,9.87659552845528,37.2,3.6,6.1,20.7,8.50738756581175,6.75219566000027,4.02661808179204,4.42,,,,5.27171993255615,30.7361176707181,,,0
EST,Estonia,EE,2004,8916.0728274602,12.1485950310559,33.6,1.6,3.6,14.6,7.77760393422401,6.16424912535825,3.66398886884228,4.4,,,,4.87566995620728,30.616734660113,,,0
EST,Estonia,EE,2005,10414.6381183565,14.1094913567964,33.4,1.1,2.2,10.1,7.10597641113849,5.62401604891787,3.3360944340539,4.38,,,,4.80935001373291,30.0129338284044,,,0
EST,Estonia,EE,2006,12641.4800976473,17.0256718103124,33.7,1.1,1.5,6.3,6.48997406617634,5.12793328285382,3.03574989119701,4.37,,,,,29.6002634409446,,,0
EST,Estonia,EE,2007,16745.4308011148,22.4502641664385,31.2,0.6,1.0,4.1,5.92796368283783,4.67398019047471,2.76043094739329,4.38,,,,4.6196699142456,29.2674813681586,,,0
EST,Estonia,EE,2008,18205.9064113446,24.3429354035447,31.9,0.6,1.1,4.1,5.42015819561124,4.26481834812675,2.51170815516764,4.4,,,,5.48375988006592,34.3818931215876,,,0
EST,Estonia,EE,2009,14712.4494217916,19.6339844401222,31.4,0.8,1.3,5.0,4.96133400027778,3.89406241929806,2.28458582780871,4.43,,,,5.9597601890564,40.9388487930904,,,0
EST,Estonia,EE,2010,14663.7041018705,19.524355419038,32.0,1.0,2.1,7.2,4.55789895045451,3.56932184481777,2.08656246861942,4.45,,,,5.51753997802734,38.2430436082081,,,0
EST,Estonia,EE,2011,17555.5455239426,23.3039157947569,32.5,1.2,1.8,6.1,4.20080816438466,3.28126296515779,1.91595846432389,4.47,,,,4.99514007568359,34.8527645409945,,,0
EST,Estonia,EE,2012,17568.2137969714,23.2374061163988,32.9,1.0,1.7,5.2,3.88813535810554,3.02919239950149,1.76783442177558,4.47,,,,4.67340993881226,34.1955592548035,,,0
EST,Estonia,EE,2013,19310.3874900757,25.4510327807573,35.1,1.1,1.9,5.3,3.61926965665906,2.81206379973478,1.63923210789882,4.46,,,,4.78006982803345,34.1148108061736,,,0
EST,Estonia,EE,2014,20581.7898991695,27.0556890030038,34.6,1.0,1.7,5.0,3.38266757837714,2.62119748353597,1.52716478057452,4.44,0.0,1.0,1.6,4.32586002349854,33.6145594674937,,,0
EST,Estonia,EE,2015,17722.1557669523,23.3118477509394,32.7,0.7,1.0,2.9,3.17345860366203,2.45274133226925,1.42782509582338,4.4,,,,5.05127000808716,35.8209566136791,,,0
EST,Estonia,EE,2016,18666.3736521706,24.5610277877896,31.2,0.6,0.8,2.4,2.98704947822386,2.30257306990593,1.34364861114128,4.19,,,,5.05511999130249,35.8214191120908,,,0
EST,Estonia,EE,2017,20851.5223496861,27.4694619191189,30.4,0.5,0.6,1.8,2.81985895894571,2.16749275899562,1.27049945780711,4.18,,,,4.86288022994995,34.6983825831746,,,0
EST,Estonia,EE,2018,23618.1361254581,31.2226327407247,30.3,0.4,0.5,1.3,2.67103177232396,2.04871354147514,1.20871331879493,4.17,,,,5.13962984085083,35.2168612467468,,,0
EST,Estonia,EE,2019,24021.2501413306,31.8737487700313,30.8,0.7,0.9,1.7,2.53891155311482,1.94218923685611,1.15522648316889,4.17,,,,5.16415023803711,35.6510871727138,,,0
EST,Estonia,EE,2020,23933.9939421065,31.8207714938974,30.7,0.4,0.5,1.6,2.41655435753784,1.84419866349025,1.10778927651575,4.17,,,,5.44180011749268,40.9084381155599,,,0
EST,Estonia,EE,2021,27953.7670230126,37.2045630514723,31.8,0.3,0.4,1.0,2.30555655543244,1.75518561705284,1.06383327324214,,,,,5.21514987945557,38.2324778803824,,,0
EST,Estonia,EE,2022,28451.1477825175,38.376046174971,32.3,0.5,0.7,2.0,2.20157336805942,1.67224744396338,1.02394640469102,,,,,5.20733976364136,35.2785687051257,,,0
EST,Estonia,EE,2023,30133.304450454,41.2912452221948,30.7,0.3,0.6,1.3,2.10635857247632,1.59796163433279,0.984971375942999,,,,,,37.8519021937307,,,0
FIN,Finland,FI,2000,24335.9225082659,125.967821110589,27.2,0.0,0.0,0.2,4.28030593044595,3.51112465197775,2.48110830299682,4.35,,,,5.71163988113403,33.9177041631839,,,0
FIN,Finland,FI,2001,24965.202996776,129.519672868898,,,,,4.1661405602474,3.41163061578633,2.38217347746999,4.31,,,,5.84084987640381,33.2570377490267,,,0
FIN,Finland,FI,2002,26989.389260959,140.360963811765,,,,,4.06350511441069,3.32198420522178,2.29403359443747,4.28,,,,6.01865005493164,34.3249797898141,,,0
FIN,Finland,FI,2003,32920.0857192568,171.612867735686,27.7,0.0,0.1,0.2,3.96654143264375,3.23738865907619,2.21513896567301,4.25,,,,6.168869972229,34.9011956708016,,,0
FIN,Finland,FI,2004,37768.1334202029,197.458297639769,27.9,0.0,0.1,0.2,3.8648048593469,3.14875399497698,2.14369889537516,4.22,,,,6.15823984146118,34.5966070517384,,,0
FIN,Finland,FI,2005,39049.8703780223,204.859368790661,27.6,0.1,0.1,0.2,3.74743872443298,3.04830494413141,2.07448614180463,4.19,,,,6.02582979202271,34.6883995481763,,,0
FIN,Finland,FI,2006,41214.0187765069,217.044068234117,28.0,0.1,0.1,0.2,3.61350420898192,2.93400875996974,2.00606867453671,4.16,,,,5.92960977554321,34.2865076564407,,,0
FIN,Finland,FI,2007,48473.0240091455,256.360251537648,28.3,0.1,0.1,0.1,3.46793578109526,2.8109009386187,1.93024966484338,4.15,,,,5.67164993286133,32.6421075703388,,,0
FIN,Finland,FI,2008,53769.4726240385,285.698662071094,27.8,0.1,0.1,0.2,3.31749319067636,2.68446387954303,1.8462335666882,4.14,,,,5.83046007156372,33.3724575682229,,,0
FIN,Finland,FI,2009,47478.3495310999,253.480783439453,27.5,0.1,0.1,0.1,3.16712762872192,2.55837628452891,1.75494756431486,4.13,,,,6.45998001098633,38.2259883896883,,,0
FIN,Finland,FI,2010,46506.2919016566,249.429613683334,27.7,0.1,0.1,0.2,3.02188657525448,2.43718173507686,1.65994364160988,4.13,,,,6.504310131073,38.4162383668089,,,0
FIN,Finland,FI,2011,51060.3242589767,275.126915515565,27.6,0.1,0.1,0.1,2.88487882603139,2.32285557542843,1.5684873411601,4.13,,,,6.45624017715454,37.9949912726721,,,0
FIN,Finland,FI,2012,47551.6740841369,257.443384492969,27.1,0.1,0.1,0.2,2.76015806972231,2.21880458521297,1.49383797783539,4.13,,,,7.1715497970581,39.0731517432053,,,0
FIN,Finland,FI,2013,49691.0145200739,270.268036626275,27.2,0.1,0.1,0.2,2.64912492906379,2.1267819978105,1.4409254136768,4.13,1.8,,1.2,7.15288019180298,40.2865889914839,,,0
FIN,Finland,FI,2014,50073.7760815871,273.478528954901,26.8,0.1,0.1,0.2,2.5558762660405,2.04846647769979,1.40683510306331,4.14,1.8,,1.2,7.13832998275757,40.7932768210634,,,0
FIN,Finland,FI,2015,42560.3456767103,233.21073350625,27.1,0.1,0.1,0.2,2.48343777926275,1.98790394555164,1.38843955937676,4.13,1.7,,1.2,7.07199001312256,40.6832800487174,,,0
FIN,Finland,FI,2016,43451.2562442158,238.777818792608,27.1,0.0,0.1,0.2,2.42892341364783,1.94165121992653,1.38000742954276,4.13,1.7,,1.2,6.90873003005981,39.9389014310416,,,0
FIN,Finland,FI,2017,46085.0174739036,253.84613844,27.4,0.1,0.1,0.2,2.38940836132052,1.90777845183398,1.37409256993615,4.11,1.3,,1.0,6.40826988220215,38.1729904853453,,,0
FIN,Finland,FI,2018,49654.2497035329,273.869255596078,27.3,0.1,0.1,0.2,2.36007808505712,1.881380519935,1.36761592593827,4.1,1.3,,1.1,6.31771993637085,37.678359673142,,,0
FIN,Finland,FI,2019,48358.1807773701,267.014821129411,27.7,0.0,0.1,0.2,2.33971538891506,1.86283004973801,1.35954012650135,4.08,1.3,,1.2,6.45300006866455,37.3099724129835,,,0
FIN,Finland,FI,2020,48828.6846862799,270.000311606226,27.1,0.0,0.0,0.1,2.32422846354997,1.84825413860726,1.35052067346225,4.07,1.3,,1.1,6.6812801361084,41.4819765892371,,,0
FIN,Finland,FI,2021,53099.1351400148,294.223210496119,27.7,0.0,0.0,0.2,2.31323379944176,1.83743916887302,1.34111511672564,,1.3,,1.4,6.58820009231567,40.1026675885578,,,0
FIN,Finland,FI,2022,50440.560224974,280.25309930934,27.9,0.1,0.1,0.3,2.30412634763535,1.82863868738841,1.33069649594998,,1.8,,1.6,6.37603998184204,37.9345069231781,,,0
FIN,Finland,FI,2023,52821.5114340717,294.950618733339,27.4,0.2,0.2,0.4,2.2934689795889,1.81890113673971,1.31986978609425,,2.8,,1.6,,44.9428481351409,,,0
FJI,Fiji,FJ,2000,1995.72071163264,1.67821950789829,,,,,22.6663779834904,16.6206935574903,9.97679964264238,7.27,,,,5.87773990631104,,,,1
FJI,Fiji,FJ,2001,1944.997414609,1.65246202346215,,,,,22.6138942302703,16.6035288065365,10.1509925428373,7.29,,,,5.6431097984314,,,,1
FJI,Fiji,FJ,2002,2136.56794118683,1.83327998536741,38.1,5.4,14.9,52.4,22.6634888051648,16.6687670291121,10.4963985996338,7.31,,,,6.27586984634399,,,,1
FJI,Fiji,FJ,2003,2655.58079586044,2.30049246532276,,,,,22.8291553607785,16.8278137889669,10.9646726462239,7.33,,,,,,,,1
FJI,Fiji,FJ,2004,3097.19096651759,2.70807847663012,,,,,23.080485278689,17.0539887077678,11.4445606579574,7.35,7.3,5.4,6.4,6.20915985107422,25.1000404849673,,,1
FJI,Fiji,FJ,2005,3377.69126953493,2.98040384472096,,,,,23.3228903231384,17.2794352654446,11.6959252655028,7.37,,,,5.16705989837646,24.7111111111111,,,1
FJI,Fiji,FJ,2006,3455.10599907349,3.07630545286506,,,,,23.4780454703748,17.4466432278511,11.4987662204133,7.38,,,,5.6553201675415,26.5294365623298,,,1
FJI,Fiji,FJ,2007,3762.74692789299,3.37831459976402,,,,,23.4637779029483,17.4972069547558,10.8945111780178,7.39,,,,5.89472007751465,23.1303569814893,,,1
FJI,Fiji,FJ,2008,3899.92231512129,3.52318591955826,40.4,3.8,11.5,48.9,23.221600158498,17.3842546093019,10.1409847713513,7.39,,,,4.25357007980347,21.4422073844431,,,1
FJI,Fiji,FJ,2009,3164.13275408169,2.87062463568032,,,,,22.7662057243961,17.1192450133054,9.41740305213459,7.4,,,,4.49847984313965,23.8792791467939,,,1
FJI,Fiji,FJ,2010,3449.14452883369,3.14016671279624,,,,,22.1792761082066,16.7589455901823,8.82702835764071,7.4,,,,,23.8350458055167,,,1
FJI,Fiji,FJ,2011,4139.60288609702,3.77941189937483,,,,,21.5681355072175,16.3886819879056,8.42738192244652,7.4,,,,4.17305994033813,22.2436207511801,,,1
FJI,Fiji,FJ,2012,4341.40338748749,3.97202810447328,,,,,21.0327786098003,16.0805401520643,8.20317275232583,7.41,,,,4.46150592221937,22.9944491731373,,,1
FJI,Fiji,FJ,2013,4572.44377544245,4.18996799851424,36.7,1.6,7.9,46.7,20.6945878848991,15.9217038223611,8.12613616744692,7.42,,,,3.88288998603821,24.3834617971389,,,1
FJI,Fiji,FJ,2014,5293.35676680464,4.85710476886844,,,,,20.6389807430574,15.9870327112113,8.2199014171073,7.42,6.2,5.9,7.0,3.76960923580896,25.8269182612467,,,1
FJI,Fiji,FJ,2015,5097.53106864695,4.68247989397558,,,,,20.9271414183662,16.3231150344206,8.54660268616304,7.42,,,,4.80931781024695,26.5860776011648,,,1
FJI,Fiji,FJ,2016,5363.79026679243,4.93021364436653,,,,,21.6290149104248,16.9859883861325,9.19822961427647,7.42,,,,4.83590249175322,25.3275491706505,,,1
FJI,Fiji,FJ,2017,5826.84814459328,5.35346917447838,,,,,22.7194287540292,17.9688109081521,10.1607934774979,7.42,,,,4.65119160575452,25.3702932755711,,,1
FJI,Fiji,FJ,2018,6085.41979485376,5.58142532744397,,,,,24.1320148769244,19.2197346564839,11.3217220950583,7.41,,,,4.79706049383602,28.0255867196907,,,1
FJI,Fiji,FJ,2019,5950.82866866702,5.44440719813478,30.7,4.7,15.1,61.3,25.7146678062797,20.6150482019045,12.5584424182058,7.4,,,,5.15273175975853,27.4167667777084,,,1
FJI,Fiji,FJ,2020,4844.42127154524,4.43246621987685,,,,,27.1909472330416,21.9318231545741,13.6532210592437,7.4,,,,5.80519512902055,31.0265746744599,,,1
FJI,Fiji,FJ,2021,4696.17103944634,4.30503164974189,,,,,28.2710406312851,22.9194648648323,14.4120793460104,,7.2,4.6,4.6,4.8526862712935,35.0622907045016,,,1
FJI,Fiji,FJ,2022,5405.03006162671,4.96950354932096,,,,,28.9144964231966,23.5486304945864,14.8087669768763,,,,,3.93839539074194,29.9896770449426,,,1
FJI,Fiji,FJ,2023,5888.73667332429,5.44204655296928,,,,,29.1439000032749,23.8192248373101,14.9228773149901,,,,,4.24679790890603,27.9362431555493,,,1
FRA,France,FR,2000,22340.5939516217,1360.95906947749,32.6,0.0,0.2,0.5,5.37918425539061,4.08451500677548,2.74623928247275,7.57,,,,,44.7395900950739,,,0
FRA,France,FR,2001,22331.7948343036,1370.37667729886,32.5,0.0,0.2,0.2,5.2460966375377,3.92399604839957,2.7258041349977,7.57,,,,,45.1259611564405,,,0
FRA,France,FR,2002,24144.5727019529,1492.42775638242,31.8,0.0,0.0,0.2,5.09476856913302,3.76016423687764,2.68893402901357,7.58,,,,,46.1481322288413,,,0
FRA,France,FR,2003,29479.5222101175,1835.09598304909,31.4,0.2,0.2,0.5,4.92839311466716,3.60017868654719,2.61377668829258,7.59,,,,,46.378152228103,,,0
FRA,France,FR,2004,33644.9282220364,2109.79229723703,30.6,0.1,0.1,0.3,4.76576145142269,3.45792018657751,2.52431050320118,7.59,,,,,45.7123683832106,,,0
FRA,France,FR,2005,34696.3718316971,2192.14640302817,29.8,0.1,0.1,0.3,4.63133048920171,3.35122012588747,2.44585779818091,7.58,,,,,45.7486480076561,,,0
FRA,France,FR,2006,36431.5658906555,2317.86154469082,29.7,0.0,0.1,0.2,4.52477934998548,3.27579919576534,2.39039859613687,7.57,,,,,45.247946285329,,,0
FRA,France,FR,2007,41486.1907828787,2655.81691186656,32.4,0.0,0.0,0.1,4.43765611286812,3.2231001691803,2.36086859287034,7.56,,,,,44.9111535137718,,,0
FRA,France,FR,2008,45464.8181385158,2926.80294158586,33.0,0.0,0.0,0.1,4.36017110397869,3.18160371338914,2.35386289568344,7.55,,,,,45.2341073217247,,,0
FRA,France,FR,2009,41728.0884164132,2700.07588251898,32.7,0.1,0.1,0.4,4.28817219769848,3.14692453379537,2.34978085717584,7.55,,,,,48.4059324731452,,,0
FRA,France,FR,2010,40694.8211697025,2646.23002798834,33.7,0.1,0.1,0.4,4.21647920690702,3.11289595891411,2.33288445371875,7.54,,,,,49.6925291037396,,,0
FRA,France,FR,2011,43929.7840873812,2870.40855399028,33.3,0.0,0.1,0.2,4.15385252654903,3.08594050004726,2.31148909065346,7.54,,,,,47.927974289251,,,0
FRA,France,FR,2012,40863.5814412333,2683.00709578723,33.1,0.1,0.1,0.3,4.11702995609944,3.07932696605033,2.30691349875228,7.54,,,,,48.5371716441042,,,0
FRA,France,FR,2013,42669.1795111893,2816.07760787526,32.5,0.1,0.1,0.2,4.11336127258162,3.09879087805787,2.3323911010248,7.53,,,,,49.0717319139337,,,0
FRA,France,FR,2014,43148.0459288416,2861.23611255242,32.3,0.0,0.0,0.2,4.13410265343127,3.13806960046411,2.37881260049005,7.53,,,,,49.1207847434763,,,0
FRA,France,FR,2015,36702.4323733379,2442.4834526425,32.7,0.1,0.2,0.4,4.16779685121871,3.18723865868306,2.43558077504397,7.52,,,,,48.4491880082217,,,0
FRA,France,FR,2016,37024.2157133669,2470.40761977713,31.9,0.1,0.1,0.3,4.20364579483023,3.23712156694081,2.49251049538486,7.5,,,,,48.1500427991658,,,0
FRA,France,FR,2017,38687.1626407164,2588.86832333471,31.6,0.0,0.0,0.1,4.2281429230871,3.27610048634423,2.53509136814705,7.48,,,,5.46482992172241,48.466341621356,,,0
FRA,France,FR,2018,41418.1766484844,2781.57632088439,32.4,0.0,0.1,0.1,4.23580369514235,3.29885876839718,2.55507159288437,7.46,,,,5.42540979385376,47.1000773214216,,,0
FRA,France,FR,2019,40408.2848574751,2722.79351517176,31.2,0.1,0.1,0.4,4.23808474818672,3.314058399894,2.56290128276865,7.44,,,,5.36638021469116,45.8897902925031,,,0
FRA,France,FR,2020,39169.8606000707,2647.92605511004,30.7,0.1,0.2,0.4,4.24496642313891,3.32988378853608,2.56969435371084,7.43,,,,5.65872001647949,51.9636314257982,,,0
FRA,France,FR,2021,43725.0999521245,2966.43369200809,31.5,0.1,0.2,0.6,4.26071280108956,3.35076470627849,2.59302617805114,,,,,5.41742992401123,49.9944440065304,,,0
FRA,France,FR,2022,41082.8119320747,2796.30221039884,31.2,0.1,0.1,0.4,4.28810427350141,3.37913651344073,2.65334063158525,,,,,5.32435989379883,48.8338671441779,,,0
FRA,France,FR,2023,44690.9345395117,3051.83161138476,31.8,0.1,0.1,0.3,4.32146435845036,3.41165976544901,2.7470345710882,,,,,,47.3264654106394,,,0
FSM,"Micronesia, Fed. Sts.",FM,2000,2081.9660133519,0.2332718,,,,,38.6185760146499,33.4465962100838,20.2905286015344,,,,,6.70687007904053,,,,1
FSM,"Micronesia, Fed. Sts.",FM,2001,2144.5369999555,0.2409709,,,,,37.69589719291,32.7337887219563,19.9452943426647,,,,,,,,,1
FSM,"Micronesia, Fed. Sts.",FM,2002,2156.70532157086,0.2425172,,,,,41.5740856825208,33.8952394370908,19.6327867157666,,,,,,,,,1
FSM,"Micronesia, Fed. Sts.",FM,2003,2185.80309035045,0.2454329,,,,,36.4536578946822,31.8069936885216,19.3339998617786,,,,,,,,,1
FSM,"Micronesia, Fed. Sts.",FM,2004,2146.40160821979,0.240236,,,,,36.1120167562585,31.5780286851912,19.086872262696,,,,,,,,,1
FSM,"Micronesia, Fed. Sts.",FM,2005,2246.45370337127,0.2502819,42.4,15.8,29.2,64.9,35.8905392413684,31.4612835715807,18.9512379432191,,,,,,,,,1
FSM,"Micronesia, Fed. Sts.",FM,2006,2289.75155559971,0.2535419,,,,,35.92228400141,31.552062476118,18.8641172412286,,,,,,,,,1
FSM,"Micronesia, Fed. Sts.",FM,2007,2336.97852202403,0.2567872,,,,,35.7516746710387,31.4765502246199,18.7910029099036,,,,,,,,,1
FSM,"Micronesia, Fed. Sts.",FM,2008,2415.59355952119,0.2631451,,,,,35.397046013532,31.2239883924925,18.6152690197655,,,,,,18.2152825304366,,,1
FSM,"Micronesia, Fed. Sts.",FM,2009,2596.26147447595,0.2802846,,,,,34.8660368193809,30.8103016334058,18.299891997797,,,,,,16.6558676431028,,,1
FSM,"Micronesia, Fed. Sts.",FM,2010,2761.24325832248,0.2969441,,,,,34.195589457229,30.2662114967182,17.9511747503406,,,,,,16.7757213495739,,,1
FSM,"Micronesia, Fed. Sts.",FM,2011,2890.50493045368,0.3113016,,,,,33.4580349454388,29.6607441954993,17.5504171699085,,,,,,15.6813389330476,,,1
FSM,"Micronesia, Fed. Sts.",FM,2012,3033.16989526369,0.3272487,,,,,32.5428036766153,28.886298909373,17.0781342854957,,,,,11.7192291367391,17.4439953466584,,,1
FSM,"Micronesia, Fed. Sts.",FM,2013,2933.88333441237,0.3172144,40.1,26.1,43.8,78.1,31.6331853246103,28.1173239350751,16.6037498219416,,,,,12.3438831906748,18.1961632258813,,,1
FSM,"Micronesia, Fed. Sts.",FM,2014,2945.41495996162,0.3192712,,,,,30.7171436529009,27.3449887045695,16.1209316474335,,,,,12.2281680903257,18.1003036885256,,,1
FSM,"Micronesia, Fed. Sts.",FM,2015,2911.16211045292,0.3164899,,,,,29.7543338872677,26.5272299414738,15.6288751981214,,,,,12.407919883728,20.6526899562988,,,1
FSM,"Micronesia, Fed. Sts.",FM,2016,2979.60119184048,0.325,,,,,28.8296250930024,25.7417517981474,15.180334467236,,,,,13.814728,22.6610218461538,,,1
FSM,"Micronesia, Fed. Sts.",FM,2017,3279.10779039285,0.359,,,,,27.9490026735981,24.9891997317578,14.6426751618356,,,,,12.6815821727019,22.6389841132575,,,1
FSM,"Micronesia, Fed. Sts.",FM,2018,3566.58690371125,0.392,,,,,27.1297772363781,24.2794344643832,14.1885986720788,,,,,9.94274464285714,22.0520982566712,,,1
FSM,"Micronesia, Fed. Sts.",FM,2019,3572.65918282222,0.394,,,,,26.3489004125932,23.603382670002,13.7233182829,,,,,10.6931682741117,23.7059378062058,,,1
FSM,"Micronesia, Fed. Sts.",FM,2020,3362.02793142215,0.372902690041619,,,,,25.4906692515062,22.8544335931629,13.2981338259971,,,,,11.5591397849462,23.4257654224576,,,1
FSM,"Micronesia, Fed. Sts.",FM,2021,3508.22356270221,0.391601946963072,,,,,24.6969057126367,22.1727452406435,12.906825440224,,,,,,,,,1
FSM,"Micronesia, Fed. Sts.",FM,2022,3710.12448453257,0.415956896458884,,,,,23.8921864918625,21.4763186814456,12.4990876706141,,,,,,,,,1
FSM,"Micronesia, Fed. Sts.",FM,2023,3941.37247887414,0.443916782295594,,,,,23.0838390920184,20.7728737362658,12.1458955194012,,,,,,,,,1
GAB,Gabon,GA,2000,3982.906200928,5.08048362853013,,,,,73.6930470404999,50.7906458867181,26.6127866960687,14.96,41.0,14.6,4.0,3.82709002494812,,,,1
GAB,Gabon,GA,2001,3835.75718279727,5.02326541326229,,,,,71.9285767518219,49.524163134942,26.9718211923305,14.99,,,,,,,,1
GAB,Gabon,GA,2002,3966.48001864663,5.33545109988222,,,,,70.090855333728,48.2657259694973,27.1675473265331,15.0,,,,,,,,1
GAB,Gabon,GA,2003,4710.74862768151,6.51190336547554,,,,,68.0725666162453,46.9368929485487,27.2900589389516,15.01,,,,,,,,1
GAB,Gabon,GA,2004,5465.79193590708,7.77021900821293,,,,,65.9796082894804,45.5874803168826,27.2501684558784,15.02,,,,,,,,1
GAB,Gabon,GA,2005,6547.87613955186,9.58278399085345,42.2,9.2,20.3,56.9,63.9232813298953,44.3566859862135,26.9814631598283,15.04,,,,,,,,1
GAB,Gabon,GA,2006,6847.00985685394,10.3275983064575,,,,,62.0739089235565,43.2750961196937,26.5341405422652,15.08,,,,,,,,1
GAB,Gabon,GA,2007,8003.54289696049,12.4554095873371,,,,,59.8572369414853,41.8272222599568,25.87350283467,15.1,,,,,,,,1
GAB,Gabon,GA,2008,9688.64519690633,15.5713483443379,,,,,57.7385352281504,40.7412613571716,25.1156903294153,15.12,,,,,,,,1
GAB,Gabon,GA,2009,7290.57526093114,12.1136990682517,,,,,55.7266916630579,39.9962642871306,24.3424981023033,15.11,,,,,,,,1
GAB,Gabon,GA,2010,8356.74662013345,14.3725930202885,,,,,53.4912825259779,38.7399475322314,23.6594389149133,15.08,,,,3.07808995246887,,,,1
GAB,Gabon,GA,2011,10219.1139339454,18.2103077435816,,,,,51.4110736831997,37.5218062496693,23.0690519901192,15.02,,,,2.987459897995,,,,1
GAB,Gabon,GA,2012,9296.96587941088,17.1704640160593,,,,,49.3571355323708,36.3523049523711,22.5323731496866,14.93,33.7,10.8,4.1,3.01340007781982,16.2796182811036,1.09550678730011,,1
GAB,Gabon,GA,2013,9197.70106323947,17.5957447983398,,,,,47.2537912955549,35.224465611369,22.0966837699505,14.85,,,,3.02971005439758,16.330781875643,,,1
GAB,Gabon,GA,2014,9201.36276648105,18.2039668958433,,,,,45.6788680567175,34.5840787035147,21.6474506318164,14.77,,,,2.66667008399963,15.2532453291979,,,1
GAB,Gabon,GA,2015,7047.12654634355,14.3831077626952,,,,,44.2383105690238,33.5337761895924,21.1909424807971,14.72,,,,2.82435985823512,17.1851872348986,,,1
GAB,Gabon,GA,2016,6677.07003901644,14.0238902653665,,,,,42.4338419721599,32.2796084646444,20.7203805380694,14.69,,,,2.66773089670199,17.0854995180674,,,1
GAB,Gabon,GA,2017,6921.73373135624,14.9294874851623,38.0,3.8,8.0,32.9,41.006227509063,31.6948472184359,20.162859911409,14.68,,,,3.55570801059931,15.6674947805283,,,1
GAB,Gabon,GA,2018,7624.2775233771,16.8673264019626,,,,,39.5600693666667,30.7319561823789,19.6071809381715,14.67,,,,3.071542956299,13.6976362674135,,,1
GAB,Gabon,GA,2019,7441.1786472281,16.874405465391,,,,,37.9921867266968,29.7144423604794,19.0176020349044,14.66,,,,2.87430983233369,13.5418676122117,,,1
GAB,Gabon,GA,2020,6605.80346077904,15.3422361639943,,,,,36.1983528694763,28.4625218592407,18.4396188746763,14.65,29.8,11.3,3.8,3.39874087928788,16.4453716158986,,,1
GAB,Gabon,GA,2021,8181.40914134398,19.4449350972332,,,,,35.1527266314444,28.0834280000815,17.8881934402132,,,,,2.7007928993976,14.0519584891347,,,1
GAB,Gabon,GA,2022,8409.20741452279,20.440655695229,,,,,34.1408158943378,27.2056041273607,17.317973155547,,,,,2.20773650357931,,,,1
GAB,Gabon,GA,2023,8071.39777400455,20.055720403471,,,,,33.2113222775542,26.4959753876317,16.7647212041854,,,,,2.31594287726056,,,,1
GBR,United Kingdom,GB,2000,28280.926786099,1665.53487668331,38.8,0.2,0.2,0.7,6.54599490555629,5.54034511425475,3.80321466059463,7.55,,,,4.01821994781494,34.096871956626,,,0
GBR,United Kingdom,GB,2001,27906.5695029641,1649.82726356701,37.1,0.2,0.5,0.7,6.44528936865955,5.46024291491841,3.70765886372099,7.51,,,,4.10014009475708,34.392458131023,,,0
GBR,United Kingdom,GB,2002,30077.741432188,1785.72991606714,35.1,0.2,0.5,1.0,6.34778714790143,5.38353045730416,3.60536012740391,7.48,,,,4.61192989349365,35.7521450951329,,,0
GBR,United Kingdom,GB,2003,34442.6875402308,2054.42285714286,34.9,0.2,0.2,0.7,6.25086579917983,5.30731984304183,3.54934478194721,7.43,,,,4.8012900352478,36.9533049254014,,,0
GBR,United Kingdom,GB,2004,40366.8886650968,2421.5250823874,34.8,0.2,0.2,0.5,6.14982410882401,5.22770005542774,3.52433950429362,7.39,,,,4.73554992675781,37.4139692145313,,,0
GBR,United Kingdom,GB,2005,42104.7884375024,2543.18,35.5,0.2,0.5,0.7,6.03709188448064,5.13906063926107,3.48691515962201,7.34,,,,4.92976999282837,37.8516088304621,,,0
GBR,United Kingdom,GB,2006,44512.4590296865,2708.44158233671,35.9,0.2,0.2,0.7,5.90619478639552,5.03503984874929,3.41500092100954,7.29,,,,4.97649002075195,38.1085270896539,,,0
GBR,United Kingdom,GB,2007,50397.6854954706,3090.51020408163,34.4,0.2,0.5,0.7,5.75320132735694,4.91203533351264,3.32151281018607,7.26,2.3,0.5,0.4,4.9244499206543,38.4127144435877,,,0
GBR,United Kingdom,GB,2008,47396.1202078484,2929.41176470588,35.4,0.2,0.5,0.7,5.57447379466195,4.76759003519565,3.22262398803147,7.23,1.8,0.4,0.3,4.90973997116089,41.2181852409639,,,0
GBR,United Kingdom,GB,2009,38744.131693043,2412.8400062315,35.1,0.2,0.5,0.7,5.37547045336627,4.60552004413149,3.11946293966363,7.21,1.7,0.4,0.3,5.06263017654419,43.7888122561825,,,0
GBR,United Kingdom,GB,2010,39598.957119545,2485.48259618471,33.7,0.2,0.5,0.7,5.16871390394082,4.43671262871087,3.00975831591719,7.19,1.8,0.3,0.2,5.69867992401123,44.1378058416477,,,0
GBR,United Kingdom,GB,2011,42109.6418795749,2663.80583482806,33.2,0.2,0.5,0.7,4.96717494734753,4.27238571670162,2.89533132952918,7.17,1.7,0.3,0.2,5.57218980789185,42.7003650930175,,,0
GBR,United Kingdom,GB,2012,42490.1465463521,2707.08972661464,33.1,0.5,0.5,0.7,4.78795495539835,4.12720256635901,2.7899115959575,7.14,2.1,0.5,0.3,,43.3321176508346,,,0
GBR,United Kingdom,GB,2013,43419.0352598932,2784.85350253429,32.7,0.2,0.2,0.5,4.64271996267955,4.01111389339696,2.70346506624288,7.11,2.1,0.6,0.4,5.52530002593994,40.2043718258118,,,0
GBR,United Kingdom,GB,2014,47426.6209829995,3064.70824792143,33.1,0.2,0.5,0.7,4.53434298286603,3.92718685832611,2.65020347345349,7.06,2.0,0.6,0.4,5.60134983062744,39.4099587976251,,,0
GBR,United Kingdom,GB,2015,44983.885522934,2927.91114091673,33.3,0.2,0.5,0.7,4.45963435479001,3.87206949253857,2.64230124249955,7.02,2.0,0.6,0.4,5.55452013015747,38.4439779571719,,,0
GBR,United Kingdom,GB,2016,40988.1044233026,2689.10656689961,33.1,0.2,0.5,0.7,4.4124540555389,3.84146045512194,2.67656401676809,6.98,2.0,0.6,0.4,5.42795991897583,37.2555349974519,,,0
GBR,United Kingdom,GB,2017,40629.2340347345,2680.1480523353,32.6,0.2,0.5,0.7,4.38582443915267,3.82868028545453,2.72206216409546,6.93,1.9,0.5,0.4,5.45256996154785,37.1041862546711,,,0
GBR,United Kingdom,GB,2018,43315.4874501318,2871.34034758179,33.7,0.5,0.5,0.7,4.37433011503814,3.82941320509105,2.74912626141126,6.9,2.0,0.6,0.4,5.20437002182007,37.5296891145489,,,0
GBR,United Kingdom,GB,2019,42794.0022648288,2851.40716490781,32.8,0.5,0.5,0.7,4.37734639220796,3.84238162939688,2.75344238149691,6.86,2.0,0.6,0.4,5.26115989685059,36.7161596135226,,,0
GBR,United Kingdom,GB,2020,40404.8062238951,2696.77838660764,32.6,0.5,0.5,1.0,4.39967432191142,3.87237817516578,2.74462113959999,6.83,,,,5.43935012817383,48.0124897432167,,,0
GBR,United Kingdom,GB,2021,46926.475736105,3143.32305070726,32.4,0.5,0.5,1.0,4.43538987615719,3.914373150306,2.72822186086927,,,,,5.90682983398438,43.6472827513783,,,0
GBR,United Kingdom,GB,2022,46062.9914079698,3114.04247114439,,,,,4.46013415207401,3.94559467369581,2.70717382783654,,,,,,41.5283554488788,,,0
GBR,United Kingdom,GB,2023,49200.8101526146,3369.86188897288,,,,,4.45700917956078,3.95147242478954,2.68125846038165,,,,,,41.8524003341712,,,0
GEO,Georgia,GE,2000,749.908534993961,3.05747533518846,40.5,35.0,53.8,86.0,36.2813069206589,29.3724248543354,22.643370896117,6.02,,,,2.18105006217956,15.0783538250236,,,1
GEO,Georgia,GE,2001,801.98383707929,3.2194622620075,39.6,36.7,57.1,87.7,33.8598959615748,27.4386846556078,21.4760712273113,6.11,,,,2.13750004768372,16.059334731795,,,1
GEO,Georgia,GE,2002,853.526171868939,3.39576667767315,37.2,22.3,39.7,78.7,31.308700807563,25.4052003197646,20.1778982477103,6.19,,,,2.23501992225647,15.4117489270386,,,1
GEO,Georgia,GE,2003,1010.03151630868,3.99137790413162,36.6,22.3,40.1,78.3,28.6626509672941,23.2992749714756,18.7664310401759,6.27,,,,2.06559991836548,14.580633107974,,,1
GEO,Georgia,GE,2004,1305.04748557208,5.12536519198664,36.2,20.9,37.1,77.0,26.0417814121612,21.2074244433247,17.2751107671877,6.35,,,,2.91420006752014,19.7530612868092,,,1
GEO,Georgia,GE,2005,1642.78359414797,6.41091204987105,37.4,22.3,39.2,77.3,23.516272717993,19.1950528730378,15.8261601205474,6.43,14.6,2.4,3.0,2.48431992530823,21.7521878684095,,,1
GEO,Georgia,GE,2006,1996.02013272284,7.74525073395067,36.9,22.5,40.0,78.5,21.1637723260597,17.3180564850011,14.426581609438,6.51,,,,3.00364995002747,23.427290988332,,,1
GEO,Georgia,GE,2007,2635.36650276116,10.1729310885655,38.1,23.9,42.1,79.8,19.0351243373713,15.6190928054455,13.1386554108779,6.6,,,,2.69687008857727,26.1307064929563,,,0
GEO,Georgia,GE,2008,3324.7537205015,12.7951451309103,38.5,21.7,38.1,76.6,17.1564593893629,14.1231941011358,11.9844558953297,6.68,,,,2.9195499420166,29.5356725330146,,,0
GEO,Georgia,GE,2009,2822.68939668797,10.7669200658251,38.2,21.1,38.5,76.7,15.5248656763131,12.8243503566815,10.963216116354,6.75,11.8,1.1,1.3,3.22237992286682,31.3132436339375,,,0
GEO,Georgia,GE,2010,3281.72930937343,12.4269079671578,39.5,23.6,39.5,76.7,14.1457925740392,11.7259610731089,10.0842113315382,6.82,,,,2.76179333360622,25.0571131879543,,,0
GEO,Georgia,GE,2011,4119.66818307193,15.4752904692869,39.6,21.6,37.3,75.6,13.0215332884685,10.833168886575,9.32738573581467,6.87,,,,2.5149199962616,23.1399670485459,,,0
GEO,Georgia,GE,2012,4530.69533409431,16.8943920332256,39.0,18.8,34.1,72.1,12.1195092623836,10.119659773243,8.64005566915418,6.92,,,,1.86033999919891,24.2728608810983,,,0
GEO,Georgia,GE,2013,4712.00229382665,17.5176601436859,38.6,14.9,29.0,66.6,11.4239336329029,9.57340315896667,7.96640231560133,6.98,,,,2.8330966857175,24.601894433386,,,0
GEO,Georgia,GE,2014,4830.33486170249,17.9660151093042,37.6,12.0,25.1,64.8,10.8958515498035,9.16626805800718,7.31078569370621,7.04,,,,2.94113947736272,26.2373116449152,,,0
GEO,Georgia,GE,2015,4086.6223465965,15.2237961488396,36.5,10.6,23.8,63.1,10.5116577913169,8.87637533544288,6.7114234823388,7.1,,,,3.10870368877345,27.6875651267801,,,0
GEO,Georgia,GE,2016,4143.40125686315,15.4445489019637,36.6,10.5,23.2,64.0,10.2221020320339,8.66406579787723,6.19731092722426,7.16,,,,3.52338004112244,28.6748009739283,,,0
GEO,Georgia,GE,2017,4418.75206546679,16.4731253750684,37.9,11.1,23.4,61.5,10.0150131078644,8.5177703691302,5.81099392102731,7.22,,,,3.52442002296448,26.8621190130624,,,0
GEO,Georgia,GE,2018,4804.0546040444,17.9025448806471,36.4,11.0,22.4,62.0,9.84246200623357,8.39918580159975,5.56215717091262,7.28,5.8,2.1,0.6,3.46094989776611,23.7175474941597,,,0
GEO,Georgia,GE,2019,4741.2832715876,17.6383371169126,35.9,9.7,21.9,62.5,9.69425629307991,8.30231598889774,5.44031904799862,7.35,,,,3.82985997200012,24.3635120460121,,,0
GEO,Georgia,GE,2020,4300.85701291207,16.01086921568,34.5,12.0,25.2,66.4,9.57235349918813,8.22609987134998,5.39922527623132,7.42,,,,3.80951130708125,29.0090180561971,,,0
GEO,Georgia,GE,2021,5083.60695484577,18.8531155888106,34.2,10.8,22.3,64.6,9.46386174884658,8.16160206881971,5.39411927727156,,,,,3.59441995620727,27.2044002371385,,,0
GEO,Georgia,GE,2022,6729.84659930283,24.984568959605,33.5,7.7,17.8,56.6,9.33416208295188,8.07489487547289,5.38064199347999,,,,,3.75498008728027,24.9364534724128,,,0
GEO,Georgia,GE,2023,8283.66960652261,30.7778336006515,34.8,5.8,14.0,49.1,9.16633651675949,7.95144845890907,5.32011933897114,,,,,3.70918011665344,25.241719707501,,,0
GHA,Ghana,GH,2000,253.746936203344,4.98285066220851,,,,,100.167390766629,61.7860088336499,35.7883273562613,15.8,,,,,,,,1
GHA,Ghana,GH,2001,263.542156494853,5.3148728544405,,,,,96.0545434439398,59.821267588614,34.9586530388193,15.78,,,,5.35444021224976,18.7116417612495,,,1
GHA,Ghana,GH,2002,297.46164468774,6.16619784785031,,,,,92.145107568496,57.960579429334,34.2078180074949,15.75,,,,,20.0290266464737,,,1
GHA,Ghana,GH,2003,358.39927142073,7.63272355566221,,,,,88.5117280772104,56.2714690200487,33.5518053554839,15.72,40.7,22.1,8.7,,22.0203756781146,,,1
GHA,Ghana,GH,2004,406.132105329565,8.88141790671431,,,,,85.2060573077565,54.7644774457245,32.9621075227825,15.67,,,,7.53558015823364,23.4793110246594,,,1
GHA,Ghana,GH,2005,478.611909191028,10.7445683814456,42.8,60.9,76.7,94.1,82.2146492186515,53.4305428407651,32.4447695932324,15.61,,,,7.42208003997803,22.7457889920708,,,1
GHA,Ghana,GH,2006,906.441027564887,20.8850375966963,,,,,79.2911547698358,52.1183896494014,31.8903059240694,15.54,34.0,17.0,6.4,5.14794015884399,15.2883466766383,,,1
GHA,Ghana,GH,2007,1050.12461524926,24.8273391384906,,,,,76.2882738601873,50.7201056814079,31.2590009204294,15.45,,,,5.51986980438232,17.8651441453915,,,1
GHA,Ghana,GH,2008,1182.65761256016,28.6793832410728,,,,,73.1455820766267,49.1610873826157,30.5627085247733,15.35,32.5,16.6,9.3,5.75795984268188,20.5460947523142,,,1
GHA,Ghana,GH,2009,1047.70430093586,26.0487200055233,,,,,69.8812505878172,47.4673775004243,29.7713075786211,15.23,,,,5.31744003295898,18.027952390966,,,1
GHA,Ghana,GH,2010,1263.89251760539,32.1976555665347,,,,,66.5317050675993,45.6535575827714,28.8991154506847,15.11,,,,5.54059982299805,20.1575042881243,,,1
GHA,Ghana,GH,2011,1507.43573198753,39.336668080559,,,,,63.2759485470541,43.8552214012027,28.0382772161894,14.99,26.3,15.5,6.6,8.14097023010254,21.1409260461554,,,1
GHA,Ghana,GH,2012,1543.77524235764,41.271701060954,42.4,41.8,59.8,86.3,60.2227451255023,42.1328444783954,27.1863675637508,14.88,,,,7.91913986206055,26.8839178478186,,,1
GHA,Ghana,GH,2013,2294.79584693743,62.845721959827,,,,,57.3932072337507,40.5273742396254,26.3841915796884,14.79,,,,4.57646989822388,19.2811347818803,,,1
GHA,Ghana,GH,2014,1949.90832923846,54.6785338059064,,,,,54.844921981776,39.0752744077346,25.6404889185946,14.73,22.1,13.2,5.7,4.39978981018066,18.2035086076329,1.283549666404724,,1
GHA,Ghana,GH,2015,1722.77282833606,49.4368062304839,,,,,52.4985439174592,37.7215948758893,25.0120939520534,14.67,,,,4.4340500831604,17.3642996458735,,,1
GHA,Ghana,GH,2016,1912.47991339951,56.1441793978516,43.5,39.0,56.3,85.4,50.2228708286619,36.3811255104195,24.4526240581764,14.62,,,,4.3945198059082,18.2895853622151,,,1
GHA,Ghana,GH,2017,2012.28662641265,60.3854094348567,,,,,48.0896643564065,35.1219384974571,23.9329562704973,14.56,20.3,13.3,6.6,3.53362989425659,17.355240305187,,,1
GHA,Ghana,GH,2018,2195.32166016377,67.2593539656087,,,,,45.9985090964223,33.8564746392519,23.4278705711162,14.5,,,,3.8861300945282,17.6018475152484,,,1
GHA,Ghana,GH,2019,2186.65822682613,68.3526292461555,,,,,43.9221821114606,32.5827831136816,22.9646922754056,14.45,,,,3.15307114842573,17.5109450941033,,,1
GHA,Ghana,GH,2020,2195.45481659987,70.0082438598666,,,,,41.990832978112,31.3822158173411,22.5252531979182,14.42,,,,3.40915991351725,21.8835544057028,,,1
GHA,Ghana,GH,2021,2445.18662529344,79.5142047303979,,,,,40.2049280449674,30.241757237777,22.0950938316077,,,,,3.4005042684722,20.7508748712557,,,1
GHA,Ghana,GH,2022,2229.89122647803,73.9190032099866,,,,,38.5487264003604,29.1669412085087,21.6538244805507,,19.6,13.1,5.9,2.90963831638452,22.6789929507667,,,1
GHA,Ghana,GH,2023,2383.90410483418,80.5471468783843,,,,,37.0640028290563,28.1726042436638,21.2226743703682,,,,,,,,,1
GIN,Guinea,GN,2000,518.157066924026,4.36745886671537,,,,,165.364793178104,96.9672281809639,46.0654462180023,,,,,1.7786500453949,,,,1
GIN,Guinea,GN,2001,483.085120214741,4.12552760322908,,,,,158.568155118277,93.2421324057919,44.0232021720968,,,,,1.42785000801086,,,,1
GIN,Guinea,GN,2002,495.916073559269,4.30160875251396,43.0,50.3,68.1,90.9,152.179949527007,89.7250929405772,42.4564801183478,,,,,1.77897000312805,,,,1
GIN,Guinea,GN,2003,566.48540588068,5.02516797526363,,,,,146.416182347403,86.5874456718428,41.2496849131259,,,,,1.62612998485565,,,,1
GIN,Guinea,GN,2004,584.897740538081,5.30076796051572,,,,,141.24344136667,83.7853459898676,40.2055822857818,,,,,1.5156899690628,,,,1
GIN,Guinea,GN,2005,463.17768685098,4.28246863690501,,,,,136.643153360041,81.370593501138,39.2004264407648,,39.3,22.7,11.0,1.26814997196198,,,,1
GIN,Guinea,GN,2006,446.980554135013,4.22001984526341,,,,,132.686425626014,79.3366499363509,38.3059195303335,,,,,,,,,1
GIN,Guinea,GN,2007,650.148575304743,6.28191822634408,39.4,44.0,63.0,88.8,129.388354137991,77.6808817263794,37.5420705189527,,34.0,16.4,7.2,,,,,1
GIN,Guinea,GN,2008,703.532825784369,6.96417998317212,,,,,126.572951324398,76.3708379681339,36.9523798808784,,,,,1.58112001419067,,,,1
GIN,Guinea,GN,2009,662.185914665575,6.71690533973136,,,,,124.128463013577,75.2788034737476,36.5166369918312,,,,,2.20725011825561,,,,1
GIN,Guinea,GN,2010,659.235326211315,6.85346714553089,,,,,122.035664459188,74.417203120164,36.1060372391021,,,,,2.55118989944458,,,,1
GIN,Guinea,GN,2011,636.694958747648,6.78513720333153,,,,,120.118606670954,73.606916303603,35.6704612583358,,,,,2.28742003440857,,,,1
GIN,Guinea,GN,2012,699.353377212197,7.63804455684656,33.7,21.3,42.7,83.8,118.383680007566,72.9109577193684,35.1960415749784,,34.4,16.0,5.1,1.83370995521545,,,,1
GIN,Guinea,GN,2013,748.455020824734,8.37661353928278,,,,,116.726492880658,72.2650344936678,34.6990466819666,,,,,2.63421010971069,,,,1
GIN,Guinea,GN,2014,765.146999389279,8.77847337282123,,,,,115.630880758667,72.1703618834373,34.2012680111476,,,,,2.42281007766724,,,,1
GIN,Guinea,GN,2015,747.356966759448,8.79420174284609,,,,,114.086925233557,71.5613501200735,33.709483721187,,,,,2.51713991165161,,,,1
GIN,Guinea,GN,2016,711.996509782316,8.59595522249719,,,,,111.721898323813,70.1762283531394,33.306873436266,,32.4,18.3,8.1,2.54450011253357,,,Medium,1
GIN,Guinea,GN,2017,833.598621691121,10.3246682711362,,,,,109.943167662751,69.3645162714015,32.9693483297025,,,,,2.3203399181366,,,,1
GIN,Guinea,GN,2018,933.273615633705,11.8570303667891,29.6,11.7,29.2,76.6,108.037299538771,68.4948960938574,32.6327688562221,,30.3,16.3,9.2,2.38432002067566,,1.520884037017822,,1
GIN,Guinea,GN,2019,1031.34146480732,13.4428614964454,,,,,105.745851080402,67.3588843242344,32.244770658979,,,,,1.85812997817993,,,,1
GIN,Guinea,GN,2020,1053.66097696415,14.0886937429464,,,,,103.152339500824,65.9833256210543,31.8116534989976,,,,,2.44806003570557,,,,1
GIN,Guinea,GN,2021,1244.96550477914,17.0691157378259,,,,,100.50603935632,64.5604997341105,31.3361216708147,,,,,2.04074820610586,,,,1
GIN,Guinea,GN,2022,1416.59612011764,19.9104525419219,,,,,97.7916698278964,63.0721551799596,30.8699173557987,,26.1,15.0,6.4,2.00722302981184,,,,1
GIN,Guinea,GN,2023,1555.49375806861,22.4076155560571,,,,,95.0314234951502,61.548732210424,30.3259610287561,,,,,1.72470879088585,,,,1
GMB,"Gambia, The",GM,2000,538.054072348854,0.78291387180966,,,,,113.077231900971,73.1720167119499,40.3949954223828,14.45,24.1,15.4,9.1,1.46587002277374,,,,1
GMB,"Gambia, The",GM,2001,459.803068381399,0.687410645063943,,,,,108.451956948422,70.794776953273,39.5941310424626,14.38,,,,1.15810000896454,,,,1
GMB,"Gambia, The",GM,2002,376.531026962584,0.578235309327198,,,,,103.912483398609,68.4153874237796,38.8507122019851,14.31,,,,1.44291996955872,,,,1
GMB,"Gambia, The",GM,2003,308.719123437587,0.487038685045495,47.3,55.2,69.4,89.8,99.4801194541347,66.0666673620238,38.1713969935247,14.25,,,,1.36337995529175,,,,1
GMB,"Gambia, The",GM,2004,593.285346326581,0.961900651423441,,,,,95.2164356631086,63.7750374789706,37.5100688581413,14.2,,,,0.622470021247864,,,,1
GMB,"Gambia, The",GM,2005,616.483657865348,1.02770106755688,,,,,91.095586323185,61.555095816248,36.8428294218491,14.15,,,,0.691879987716675,,,,1
GMB,"Gambia, The",GM,2006,614.544307904464,1.05411248774083,,,,,87.0976770658681,59.3976617638347,36.0972916420759,14.1,27.7,15.8,7.9,0.751630008220673,,,,1
GMB,"Gambia, The",GM,2007,724.726407242432,1.2797030470221,,,,,83.3389360484861,57.337248377972,35.2776492343106,14.02,,,,0.816860020160675,,,,1
GMB,"Gambia, The",GM,2008,859.127671411226,1.56176695573024,,,,,79.7659748371418,55.3645803572827,34.4633885822261,13.94,,,,2.18129992485046,,,,1
GMB,"Gambia, The",GM,2009,774.888030908091,1.45014250857808,,,,,76.3936780138742,53.5074482694343,33.7065454663978,13.86,,,,1.90813994407654,,,,1
GMB,"Gambia, The",GM,2010,801.033372714536,1.543294926873,43.6,34.2,52.9,85.0,73.1203305441328,51.6792456964247,32.9669133610472,13.79,23.4,17.4,11.0,2.56322002410889,,,,1
GMB,"Gambia, The",GM,2011,710.608411468152,1.40969359693594,,,,,70.1145565933623,49.9853829349824,32.1774545901125,13.75,,,,2.50116991996765,,,,1
GMB,"Gambia, The",GM,2012,692.579361628102,1.41500473826621,,,,,67.2566628938506,48.3592525211382,31.3892736622807,13.7,21.1,17.9,9.5,2.63756990432739,,,,1
GMB,"Gambia, The",GM,2013,653.862713272743,1.37560945343746,,,,,64.4578605579101,46.7639200868313,30.6757282131499,13.67,24.6,16.5,10.1,1.81839001178741,,,,1
GMB,"Gambia, The",GM,2014,568.00453558864,1.22946172140861,,,,,61.8395630427397,45.2348739355304,29.9087646828768,13.63,,,,2.23094010353088,,,,1
GMB,"Gambia, The",GM,2015,619.536364296461,1.37817660893204,35.9,17.1,37.7,78.7,59.33402986359,43.7521636908278,29.1502145757459,13.58,,,,2.16002988815308,,,,1
GMB,"Gambia, The",GM,2016,650.056501323611,1.48457888597131,,,,,56.9594956619121,42.3355491096785,28.3529468516046,13.52,,,,2.0244300365448,,,,1
GMB,"Gambia, The",GM,2017,642.522641296331,1.50490946269521,,,,,54.7485784483112,40.9748507191966,27.5749889397108,13.45,,,,2.45919445096525,,,,1
GMB,"Gambia, The",GM,2018,696.219806960615,1.67067132781651,,,,,52.7006494917598,39.6831053934172,26.8719233088461,13.38,19.0,13.9,6.8,2.36543989181519,,1.050479292869568,,1
GMB,"Gambia, The",GM,2019,738.186751987483,1.81360969249994,,,,,50.7424339096337,38.3982654185599,26.199681814055,13.31,,,,2.80809703332656,,,,1
GMB,"Gambia, The",GM,2020,720.335143352133,1.81217089119069,38.8,22.0,40.2,78.2,48.9415350310901,37.2044260051539,25.5667577713749,13.25,17.5,11.6,4.3,2.88734569797808,,,,1
GMB,"Gambia, The",GM,2021,781.890925169531,2.01415884214596,,,,,47.2197180698422,36.0257543726231,24.9061701322658,,,,,3.04477694635226,,,,1
GMB,"Gambia, The",GM,2022,836.244875582631,2.20473452712734,,,,,45.5962099734394,34.9163135934929,24.2918730876927,,,,,2.89168744551701,,,,1
GMB,"Gambia, The",GM,2023,888.157407441902,2.3961110208801,,,,,44.0810116633809,33.8486634931905,23.6816551130344,,,,,2.80838156544977,,,,1
GNB,Guinea-Bissau,GW,2000,316.945495037639,0.391345597488268,,,,,173.814459905724,100.298776741961,55.1572498789076,24.43,37.5,21.5,13.0,,,,,1
GNB,Guinea-Bissau,GW,2001,327.138431972397,0.412610871509121,,,,,168.388278462676,97.5066993631997,54.1260246887703,24.22,,,,,,,,1
GNB,Guinea-Bissau,GW,2002,362.034574570354,0.466773711235579,35.6,68.2,84.3,97.6,162.78788631686,94.5436929661849,53.2665783512508,24.03,,,,,,,,1
GNB,Guinea-Bissau,GW,2003,419.78486611807,0.553614800145707,,,,,157.029112347022,91.5107473120122,52.4744727327035,23.83,,,,,,,,1
GNB,Guinea-Bissau,GW,2004,431.376557669634,0.582169841298304,,,,,151.069456636665,88.3336442655232,51.6172608998704,23.62,,,,,,,,1
GNB,Guinea-Bissau,GW,2005,463.073962650452,0.639776040688424,,,,,144.90213154427,84.9500159078095,50.7540918803499,23.41,,,,,,,,1
GNB,Guinea-Bissau,GW,2006,448.513075469701,0.634781901251494,,,,,138.55167965036,81.4981963226626,49.8202270051904,23.19,,,,,,,,1
GNB,Guinea-Bissau,GW,2007,519.069789794741,0.753162998015113,,,,,132.209295151619,77.961058743806,48.7038296008843,22.97,,,,,,,,1
GNB,Guinea-Bissau,GW,2008,640.210331101753,0.952667544037289,,,,,126.091805327895,74.4981720088508,47.454862107823,22.73,27.6,16.4,4.8,,,,,1
GNB,Guinea-Bissau,GW,2009,583.190020139094,0.890167833369849,,,,,120.008023505929,71.0789480398105,46.0975793674463,22.49,,,,,,,,1
GNB,Guinea-Bissau,GW,2010,600.194298540768,0.940112538936436,50.6,75.7,85.3,94.9,114.2044748029,67.8018042009883,44.7120647885066,22.24,41.1,21.8,7.0,1.68220996856689,,,,1
GNB,Guinea-Bissau,GW,2011,719.539573498937,1.15707431919388,,,,,108.670414322202,64.6299592521809,43.4814696428124,22.0,,,,1.76593005657196,,,,1
GNB,Guinea-Bissau,GW,2012,635.461653303881,1.04941217711413,,,,,103.660812351568,61.7862437575654,42.2939069648394,21.77,26.4,17.0,6.2,1.8863799571991,,,,1
GNB,Guinea-Bissau,GW,2013,654.304534409417,1.10968282413594,,,,,99.3420572970705,59.3654202420933,41.164723338052,21.53,,,,2.01027011871338,,,,1
GNB,Guinea-Bissau,GW,2014,652.022501029449,1.1352507210374,,,,,95.3268756470089,57.1759471905932,40.1210067780277,21.27,30.8,18.7,6.1,,,1.764585733413696,,1
GNB,Guinea-Bissau,GW,2015,645.066837207039,1.15238416679638,,,,,91.8051806660501,55.2611791584207,39.0827943604416,21.01,,,,,,,,1
GNB,Guinea-Bissau,GW,2016,679.665386626818,1.24507426410396,,,,,88.3798340424377,53.3833785416193,38.186628117297,20.72,,,,,,,,1
GNB,Guinea-Bissau,GW,2017,783.123186602022,1.46997860612143,,,,,85.2566992421466,51.6963898293744,37.3813416554747,20.43,,,,,13.1636010249212,,,1
GNB,Guinea-Bissau,GW,2018,808.531613218504,1.55413359391699,34.8,37.1,59.4,89.5,82.0868667730897,49.9675083804466,36.6257796768471,20.13,,,,,12.8106751284621,,,1
GNB,Guinea-Bissau,GW,2019,807.425524872835,1.58876797559018,,,,,79.1085790664886,48.3398441274222,35.8023757800581,19.83,30.4,17.5,5.2,,13.2717678655337,,,1
GNB,Guinea-Bissau,GW,2020,836.26731423732,1.68361935172486,,,,,76.5668021954472,46.999340368781,35.0307798334945,19.55,,,,,15.2867766940997,,,1
GNB,Guinea-Bissau,GW,2021,912.484104692847,1.87865968658993,33.4,39.9,62.1,91.4,74.1469843448644,45.6791695067652,34.1277397866369,,,,,,14.4512773400472,,,1
GNB,Guinea-Bissau,GW,2022,873.437861875428,1.83904874787671,,,,,71.638056307781,44.3274547234763,33.4487883190269,,,,,,14.5454478392165,,,1
GNB,Guinea-Bissau,GW,2023,964.927554218909,2.07781613467419,,,,,69.3048502691134,43.0559199518433,32.6576084152874,,,,,,15.5296443458619,,,1
GNQ,Equatorial Guinea,GQ,2000,1487.3165506701,1.04599849643872,,,,,155.908909711243,106.45719374706,46.2145630101279,,47.2,17.8,7.2,,,,,1
GNQ,Equatorial Guinea,GQ,2001,1948.61145907844,1.46113902202954,,,,,151.505517869419,103.404879367804,45.8165561668884,,,,,,,,,1
GNQ,Equatorial Guinea,GQ,2002,2264.21065580365,1.80674274227311,,,,,147.047083360113,100.388500650328,45.2088675394905,,,,,,,,,1
GNQ,Equatorial Guinea,GQ,2003,2930.60183743733,2.48474593509328,,,,,142.502159944495,97.232355549717,44.3810932743357,,,,,,,,,1
GNQ,Equatorial Guinea,GQ,2004,4901.30127408119,4.41076433866733,,,,,137.751237457563,93.8686622944526,43.3228701087723,,25.7,7.3,2.8,,,,,1
GNQ,Equatorial Guinea,GQ,2005,8673.9026086535,8.21736909265224,,,,,133.158574751178,90.5833703457949,42.0847373576674,,,,,,,,,1
GNQ,Equatorial Guinea,GQ,2006,10184.8841248541,10.0865286988603,,,,,128.572110827965,87.2590447543908,40.7491623360788,,,,,,3.68613231412251,,,1
GNQ,Equatorial Guinea,GQ,2007,12616.9532942011,13.0717187587373,,,,,123.99607255313,84.0726602010126,39.2695828990441,,,,,,3.42602479722701,,,1
GNQ,Equatorial Guinea,GQ,2008,18210.5552970599,19.7498935363204,,,,,119.434671219652,80.7864658069104,37.8983678633963,,,,,,4.15893882785452,,,1
GNQ,Equatorial Guinea,GQ,2009,13232.5019378102,15.0277951732187,,,,,115.176860381206,77.8625007365917,36.701498336597,,,,,,4.86568406431922,,,1
GNQ,Equatorial Guinea,GQ,2010,13720.1658723222,16.3144434362903,,,,,111.057706897116,75.0576727399145,35.6745443236591,,,,,,5.62325103907898,,,1
GNQ,Equatorial Guinea,GQ,2011,17198.2136668275,21.3573436689446,,,,,107.144013794833,72.3906031899047,34.8070740901777,,31.5,6.2,4.0,,4.97367667879812,,,1
GNQ,Equatorial Guinea,GQ,2012,17308.5723924575,22.3883441439131,,,,,103.404405295282,69.8839078675281,34.1481754862969,,,,,,7.1338148829886,,,1
GNQ,Equatorial Guinea,GQ,2013,16304.0713196418,21.9488342837856,,,,,99.9069584356575,67.61441943779,33.5161427502879,,,,,,8.04260611446995,,,1
GNQ,Equatorial Guinea,GQ,2014,15548.6624656619,21.7654530819826,,,,,96.5794327005172,65.457930904115,32.8774062908517,,,,,,7.09211811356117,,,1
GNQ,Equatorial Guinea,GQ,2015,9068.91003238645,13.1854968810174,,,,,93.2518430067524,63.3973762078829,32.2060717408174,,,,,,9.94330276207662,,,1
GNQ,Equatorial Guinea,GQ,2016,7453.19797948517,11.2408088478878,,,,,89.9029059892803,61.2889924002628,31.6745501888917,,,,,,10.2457380951843,,,1
GNQ,Equatorial Guinea,GQ,2017,7809.10465655488,12.2009138789827,,,,,86.9999149812991,59.4498133457975,30.997837037437,,,,,,9.90214268336292,,,1
GNQ,Equatorial Guinea,GQ,2018,8102.47084834031,13.0970121336159,,,,,84.1722290133583,57.6667762939273,30.4004929489502,,,,,,10.3213929151027,,,1
GNQ,Equatorial Guinea,GQ,2019,6804.14923073888,11.3641335497478,,,,,81.6945386236266,56.1125553370651,29.6849594989013,,,,,,11.4103961361878,,,1
GNQ,Equatorial Guinea,GQ,2020,5764.05502912947,9.8938160077398,,,,,78.8099311251027,54.2692287354833,29.1312602343113,,,,,,12.2535279171298,,,1
GNQ,Equatorial Guinea,GQ,2021,6945.63069794539,12.2158780327166,,,,,76.1188261774832,52.6127330632654,28.5512514095367,,,,,,10.357886752864,,,1
GNQ,Equatorial Guinea,GQ,2022,7589.29964909381,13.6876434356249,38.5,8.8,21.5,58.1,73.3993786558073,50.8778117149016,27.9404437214728,,,,,,11.0452921646904,,,1
GNQ,Equatorial Guinea,GQ,2023,6677.793435386,12.337550583754,,,,,70.6248384724695,49.1094468571901,27.2491912404511,,,,,,,,,1
GRC,Greece,GR,2000,11638.2010697215,125.760166224805,34.4,0.2,0.7,3.2,6.40891981069982,5.5206100641223,3.9316094482832,9.78,,,,3.35085010528564,44.4473263233025,,,0
GRC,Greece,GR,2001,12156.9572824221,132.05047472003,,,,,5.97781891780155,5.13396377721589,3.60329553072352,9.87,,,,3.47308993339539,43.8026037175959,,,0
GRC,Greece,GR,2002,13782.195640943,150.253800085864,35.5,0.2,0.7,3.0,5.56943105188051,4.76943033283385,3.26649902917397,9.96,,,,3.52254009246826,43.2026585802198,,,0
GRC,Greece,GR,2003,18020.612039764,196.930509813384,32.8,0.6,0.7,2.2,5.19606830784431,4.43687234279285,2.95275946578331,10.04,1.5,0.5,1.5,3.52407002449036,43.1830691765025,,,0
GRC,Greece,GR,2004,21449.2552764245,234.979615898225,33.6,0.9,1.0,2.2,4.86175571252444,4.14053361083298,2.69802873222704,10.11,,,,3.76058006286621,44.5593874599535,,,0
GRC,Greece,GR,2005,22054.1315756886,242.315668619405,34.6,0.4,0.6,2.4,4.56737193515146,3.88076603358318,2.51202272929359,10.19,,,,4.05491018295288,43.928487332671,,,0
GRC,Greece,GR,2006,24416.0232970275,269.073415333676,35.1,0.7,0.9,2.7,4.3217707362902,3.66367641877664,2.36530354659665,10.26,,,,,43.1248180840893,,,0
GRC,Greece,GR,2007,28440.7625328955,314.226996944107,34.0,0.6,0.8,2.0,4.13367774282078,3.49857887681243,2.23560570434877,10.34,,,,,44.7050606293494,,,0
GRC,Greece,GR,2008,31695.8331092209,351.121399546485,33.6,0.4,0.5,1.8,4.01415331399645,3.39243433279459,2.14217518749007,10.43,,,,,47.8546535471323,,,0
GRC,Greece,GR,2009,29425.4573200263,326.829054686306,33.6,0.6,0.7,2.2,3.95618838575362,3.34039145695448,2.10904216504963,10.54,,,,,51.9680969068081,,,0
GRC,Greece,GR,2010,26653.0488008626,296.417644404034,34.1,1.1,1.4,3.2,3.94567531036083,3.32950497259904,2.14153886481101,10.67,,,,,51.078647377558,,,0
GRC,Greece,GR,2011,25504.7866510124,283.228079776041,34.8,1.5,2.2,6.4,3.97610805078591,3.35468538550218,2.22273799599706,10.8,,,,,54.7841287756502,,,0
GRC,Greece,GR,2012,21624.346052551,238.841140018233,36.3,2.1,3.1,9.0,4.040048485015,3.40890038959625,2.3340758372206,10.91,,,,,57.3762666302254,,,0
GRC,Greece,GR,2013,21573.3449762805,236.556279640705,36.1,1.5,2.8,10.3,4.13618932452842,3.49118328658031,2.45560206357055,11.01,,,,,61.3545612333663,,,0
GRC,Greece,GR,2014,21474.7257123892,233.911581521062,35.8,2.0,3.4,9.5,4.23842395006646,3.57913479180368,2.55369040419594,11.1,,,,,49.7478747922233,,,0
GRC,Greece,GR,2015,17980.7298238137,194.567373678099,36.0,2.0,3.1,9.2,4.30357791721904,3.63649584774418,2.59653159006159,11.18,,,,3.68239998817444,52.2111640982534,,,0
GRC,Greece,GR,2016,17919.2426377048,193.09723900587,35.0,1.4,2.2,8.0,4.31267557486791,3.64640837865465,2.58601503396509,11.25,,,,,48.8551944521521,,,0
GRC,Greece,GR,2017,18631.9930129293,200.381103984298,34.4,1.1,1.7,6.9,4.27244990230024,3.61412936690468,2.55626838960172,11.3,,,,3.46778011322021,47.670388743995,,,0
GRC,Greece,GR,2018,19873.4015238771,213.298873494394,32.9,0.2,0.3,5.1,4.19927964253155,3.55425797011359,2.51688612546769,11.34,,,,3.57627010345459,48.0218614049715,,,0
GRC,Greece,GR,2019,19335.3602002969,207.305649887019,33.1,1.0,1.4,4.8,4.10920415511074,3.47997171176603,2.4712433232798,11.37,,,,3.55062007904053,46.9259260449285,,,0
GRC,Greece,GR,2020,17886.733165236,191.36298555486,33.6,1.1,1.6,5.1,4.01391274623857,3.40079041121891,2.42401711054473,11.41,,,,,58.0698817576878,,,0
GRC,Greece,GR,2021,20654.7001960815,218.303801895326,32.9,0.7,1.2,3.6,3.92569546993478,3.32851185290831,2.37585429537914,,,,,,54.8325762184431,,,0
GRC,Greece,GR,2022,20971.8349258283,218.880566444349,33.4,0.6,1.0,3.6,3.83937255894887,3.25779142161459,2.32590697247148,,,,,3.37547993659973,50.5946031348852,,,0
GRC,Greece,GR,2023,23400.7278817691,243.498333237802,33.4,0.6,0.8,3.2,3.74471124257334,3.17987562640643,2.26739724418254,,,,,,47.1947012803121,,,0
GRD,Grenada,GD,2000,4839.82811114248,0.52004437037037,,,,,15.5109448804278,13.3308651372099,7.79139956702585,,,,,,,,,0
GRD,Grenada,GD,2001,4819.50776653843,0.520444185185185,,,,,15.2432707242115,13.1476260288884,7.8319296442282,,,,,,,,,0
GRD,Grenada,GD,2002,4984.47405931447,0.540336925925926,,,,,15.0458876661963,13.0181174102724,7.86416260784774,,,,,,,,,0
GRD,Grenada,GD,2003,5427.96377252312,0.591018407407407,,,,,14.9154721249274,12.9473875502481,7.87617528346888,,,,,3.92673993110657,,,,0
GRD,Grenada,GD,2004,5480.26117644588,0.599118592592592,,,,,14.8537620086988,12.9348031672176,7.88924639910343,,,,,,,,,0
GRD,Grenada,GD,2005,6338.56011405358,0.695555555555555,,,,,14.8286252548188,12.9520265606155,7.92002363151809,,,,,,,,,0
GRD,Grenada,GD,2006,6344.0383771432,0.698700666666667,,,,,14.8692467104967,13.0282673925571,7.97675209547662,,,,,,,,,0
GRD,Grenada,GD,2007,6864.54816771858,0.758683592592593,,,,,14.9721911766347,13.1546200781853,8.09812320376964,,,,,,,,,0
GRD,Grenada,GD,2008,7448.2040563865,0.825976037037037,,,,,15.122862213488,13.3248374345126,8.3276663485975,,,,,,,,Low,0
GRD,Grenada,GD,2009,6932.56472176781,0.771275555555554,,,,,15.355482587436,13.5691247771028,8.66271041875422,,,,,,,,,0
GRD,Grenada,GD,2010,6909.60169568597,0.771014814814815,,,,,15.6578782611239,13.8746559321018,9.08651582504013,,,,,5.07508233496978,,,,0
GRD,Grenada,GD,2011,6947.38136096464,0.778655555555555,,,,,16.0155522636948,14.2299034296354,9.59099742553903,,,,,5.48532342071091,,,,0
GRD,Grenada,GD,2012,7092.71985352677,0.799881481481481,,,,,16.4017095563799,14.6092862125637,10.1246414545936,,,,,5.07225880686028,,,,0
GRD,Grenada,GD,2013,7424.80212287327,0.842618518518518,,,,,16.8042563601823,15.0059771493935,10.6335161736308,,,,,,,,,0
GRD,Grenada,GD,2014,7986.33421210788,0.911496296296296,,,,,17.193098066903,15.3937805423212,11.0934991271826,,,,,4.47756594772942,,,,0
GRD,Grenada,GD,2015,8694.12438005692,0.997007407407407,,,,,17.5453036923278,15.7516286491937,11.4652875159515,,,,,4.23861035989182,,,,0
GRD,Grenada,GD,2016,9221.23461079424,1.06164074074074,,,,,17.8544558668228,16.0678754093408,11.766354575497,,,,,,,,,0
GRD,Grenada,GD,2017,9751.42661155932,1.12568518518519,,,,,18.1223284924103,16.3526475952051,12.0273368690575,,,,,3.17379999160767,,,,0
GRD,Grenada,GD,2018,10083.021279225,1.16651481481481,43.8,0.8,2.9,19.6,18.3373747839273,16.5845399271063,12.2373984556452,,,,,3.55919341882594,,,,0
GRD,Grenada,GD,2019,10462.7929159533,1.21348518518519,,,,,18.5246396154931,16.7923810492663,12.4363560185655,,,,,,,,,0
GRD,Grenada,GD,2020,8968.55890108484,1.04341111111111,,,,,18.6626487697942,16.9529771082746,12.5963600391322,,,,,,,,,0
GRD,Grenada,GD,2021,9622.24050459345,1.1228,,,,,18.6645541232191,16.9884945111359,12.6479403920599,,,,,4.09030334217367,,,,0
GRD,Grenada,GD,2022,10535.4588771454,1.2317321037037,,,,,18.5053484150362,16.8719253650742,12.5620903481211,,,,,4.03767284869161,,,,0
GRD,Grenada,GD,2023,11308.2874249451,1.3239856,,,,,18.265226029552,16.679681342111,12.4135043827376,,,,,5.12544845968893,,,,0
GTM,Guatemala,GT,2000,1648.96578971559,19.2889290300508,54.2,8.8,15.7,41.7,52.0660945924954,40.7787270687192,21.3262318934906,13.92,58.1,23.6,4.1,,10.9399955148495,,,1
GTM,Guatemala,GT,2001,1537.68663578252,18.4052202474412,,,,,50.0092482708588,39.3283314537418,20.749375567927,13.96,,,,,13.3991606075354,,,1
GTM,Guatemala,GT,2002,1669.33517469705,20.444205991025,,,,,48.0236610147961,37.9123525730768,20.2038310423576,14.01,60.3,20.7,2.0,,12.9816094892199,,,1
GTM,Guatemala,GT,2003,1722.54701910774,21.5763517989145,,,,,46.1489098707122,36.5601659486738,19.6697431258288,14.05,,,,,14.5728922781348,,,1
GTM,Guatemala,GT,2004,1840.91184884,23.5772980946571,,,,,44.3482434447624,35.2690706449855,19.153165341237,14.1,,,,,12.8785912640903,,,1
GTM,Guatemala,GT,2005,2046.46611650758,26.783389293922,,,,,42.6267949497357,34.0236729635242,18.6472641915948,14.14,,,,,13.0393830774986,,,1
GTM,Guatemala,GT,2006,2225.1234753878,29.7442468271839,54.5,10.5,18.2,40.2,40.9566252925543,32.8040382887812,18.1735516465552,14.17,,,,3.03285002708435,13.2246497707628,,High,1
GTM,Guatemala,GT,2007,2458.81573919384,33.5678508241039,,,,,39.3312213256546,31.5978726408689,17.7212094622724,14.21,,,,3.08808994293213,12.6596651018282,,,1
GTM,Guatemala,GT,2008,2763.05988172926,38.5037202243166,,,,,37.762943626003,30.4225408052381,17.2718731573354,14.25,,,,3.23686003684998,11.8741951414804,,,1
GTM,Guatemala,GT,2009,2611.64632773352,37.1261482646382,,,,,36.2141919294598,29.2613070703591,16.7771663650439,14.3,61.0,17.3,1.1,,12.6216557349988,,,1
GTM,Guatemala,GT,2010,2805.25960237322,40.6765784234871,,,,,34.7560509606189,28.1609948424236,16.1566181811348,14.35,,,,2.84864997863769,12.8578109221043,,,1
GTM,Guatemala,GT,2011,3168.98370607705,46.8760062722387,,,,,33.3264720257952,27.0927068461108,15.5421138994374,14.39,,,,2.96865010261536,12.7453111287762,,,1
GTM,Guatemala,GT,2012,3286.61959336267,49.5939294871262,,,,,31.9618545054565,26.0663043406876,14.9608397672271,14.43,,,,3.00524997711182,13.1714004750496,,,1
GTM,Guatemala,GT,2013,3444.15971264862,52.9964461803474,,,,,30.6721022969944,25.0897126373768,14.4001807399233,14.45,,,,2.88808989524841,13.0330962405019,,,1
GTM,Guatemala,GT,2014,3689.14471813777,57.852152955039,48.3,8.0,16.9,44.8,29.4318325245714,24.1427339641583,13.8367350737338,14.46,,,,2.98562002182007,13.2836110565518,1.468559622764587,,1
GTM,Guatemala,GT,2015,3893.50522093509,62.1860647579334,,,,,28.2778485544416,23.2628758258826,13.2960212522081,14.47,53.3,14.0,0.7,3.03032994270325,12.7358107599221,,,1
GTM,Guatemala,GT,2016,4060.13754974186,66.0534033637384,,,,,27.2338874580408,22.4589933220619,12.7996949387669,14.48,,,,2.94474005699158,12.7960652829692,,,1
GTM,Guatemala,GT,2017,4324.99608157801,71.653754107104,,,,,26.2615357710959,21.7113744487585,12.3370101143241,14.48,,,,2.95009994506836,12.8935255147555,,,1
GTM,Guatemala,GT,2018,4352.94651790253,73.3283658624329,,,,,25.3517115659577,21.0039064615948,11.9054659656777,14.49,,,,3.13193988800049,12.9824508391869,,,1
GTM,Guatemala,GT,2019,4511.99755157656,77.1723172586478,,,,,24.5162064436201,20.3547220832698,11.5129202200898,14.49,,,,3.19297003746033,13.1269488755913,,,1
GTM,Guatemala,GT,2020,4477.61761796418,77.7194642207299,,,,,23.673427824087,19.7013873680743,11.109946104964,14.49,,,,3.29485011100769,14.9980149962179,,,1
GTM,Guatemala,GT,2021,4912.62225721201,86.455519686884,,,,,22.8464098939496,19.0447027317309,10.7481930740171,,49.5,15.8,0.8,3.091059923172,13.2756806616865,,,1
GTM,Guatemala,GT,2022,5358.70127494396,95.641441234943,,,,,22.0953941965416,18.4480966738753,10.358969093491,,,,,3.20823001861572,13.9932492834032,,,1
GTM,Guatemala,GT,2023,5758.30876298845,104.368413483146,45.2,9.7,17.6,47.3,21.3588419804629,17.8698583581282,10.0011405959974,,,,,3.10633993148804,13.5008011009196,,,1
GUY,Guyana,GY,2000,931.796651718955,0.712667896727512,,,,,46.5208128201749,41.3466304552764,26.9820260142249,16.33,15.8,12.3,12.5,8.48414993286133,,,,1
GUY,Guyana,GY,2001,931.574723847673,0.712167450162898,,,,,45.3432828514587,40.4011687288855,26.508159585277,16.38,,,,8.39729976654053,,,,1
GUY,Guyana,GY,2002,950.866932470993,0.726131434715338,,,,,44.2384458630755,39.5183402490629,26.0225487681165,16.42,,,,8.36553955078125,,,,1
GUY,Guyana,GY,2003,973.742598054188,0.743063950317749,,,,,43.2210833651961,38.704827991044,25.5983760072406,16.46,,,,6.95590019226074,,,,1
GUY,Guyana,GY,2004,1033.31030902188,0.787814379183843,,,,,42.2579837387166,37.9388204112487,25.188017731489,16.51,,,,5.51293992996216,,,,1
GUY,Guyana,GY,2005,1084.06541388904,0.824880550343965,,,,,41.3733410296863,37.2290532928363,24.7655252088531,16.56,,,,8.13973045349121,,,,1
GUY,Guyana,GY,2006,3135.60553528326,2.3798179906918,,,,,40.5153978298708,36.5340822880838,24.3536624181506,16.63,18.0,10.8,7.5,3.11891007423401,,,High,1
GUY,Guyana,GY,2007,3608.28685240188,2.73097159539574,,,,,39.6726310978903,35.8599012492555,23.9442123106289,16.69,,,,2.39117002487183,,,,1
GUY,Guyana,GY,2008,4008.9628671603,3.02518743333637,,,,,38.8552439888456,35.1993201444934,23.5368747338615,16.76,,,,,,,,1
GUY,Guyana,GY,2009,4209.13230624565,3.16566315273351,,,,,38.080442320256,34.5695694308877,23.1328875488809,16.83,21.1,11.9,5.5,2.15057992935181,,,,1
GUY,Guyana,GY,2010,4581.76179693492,3.43291251692427,,,,,37.3213523414223,33.9498202348095,22.7133005716625,16.88,,,,2.40938997268677,,,,1
GUY,Guyana,GY,2011,4947.22170589917,3.69138431752178,,,,,36.5444071317935,33.3175695194675,22.313727035176,16.94,,,,2.50669002532959,,,,1
GUY,Guyana,GY,2012,5444.39751913913,4.06308853576331,,,,,35.7696909457425,32.6757641241557,21.7876942459238,16.98,,,,2.24131989479065,,,,1
GUY,Guyana,GY,2013,5556.91231156932,4.16780092883553,,,,,34.933584545736,31.9677343936487,21.2559471541213,17.02,,,,,,,,1
GUY,Guyana,GY,2014,5472.68820452237,4.1276601518087,,,,,34.0086803452845,31.1620072330467,20.6710467464302,17.06,12.0,8.7,6.8,4.36033010482788,,0.5663534998893738,,1
GUY,Guyana,GY,2015,5640.41560569466,4.2798401937046,,,,,33.0511051551792,30.3254746581321,20.0955585342953,17.09,,,,3.89569997787476,,,,1
GUY,Guyana,GY,2016,5870.87823759835,4.48269733656174,,,,,32.0631213955787,29.4527434143216,19.4616061715215,17.12,,,,4.73775005340576,,,,1
GUY,Guyana,GY,2017,6178.6650437298,4.74817433414044,,,,,31.1170405609001,28.6113570569515,18.8935489787568,17.15,,,,4.6647801399231,,,,1
GUY,Guyana,GY,2018,6048.38697180418,4.78763699785343,,,,,30.1930333403458,27.7837013150125,18.3086051956262,17.16,,,,4.45058012008667,,,,1
GUY,Guyana,GY,2019,6405.82443444562,5.17376019184652,,,,,29.2780950336145,26.9708509305822,17.799956901881,17.16,9.4,9.8,7.0,,,,,1
GUY,Guyana,GY,2020,6775.70939096303,5.47125659472422,,,,,28.3639527377769,26.1562336425627,17.2222371115588,17.16,,,,,,,,1
GUY,Guyana,GY,2021,9860.87014834386,8.04136211031175,,,,,27.4597373839958,25.34821637105,16.659501981518,,,,,,,,,1
GUY,Guyana,GY,2022,17913.4928066879,14.7183884892086,,,,,26.5816383557417,24.5574246814373,16.11790968905,,,,,,,,,1
GUY,Guyana,GY,2023,20473.7002190617,16.9185035971223,,,,,25.7356254858345,23.7979983400703,15.6160308017013,,,,,,,,,1
HND,Honduras,HN,2000,1092.56400746252,7.18663802905875,,,,,37.3049824197461,29.6164746629058,17.933549632623,11.45,,,,,,,,1
HND,Honduras,HN,2001,1132.1648753329,7.6511623023456,55.4,26.5,35.7,59.9,35.6626161724393,28.4347277610892,17.4460370892189,11.54,35.5,12.8,1.3,,,,,1
HND,Honduras,HN,2002,1132.49965345317,7.85825541286038,55.7,29.0,40.4,65.8,34.0661038409511,27.2606272493696,16.8833604010165,11.62,,,,,,,,1
HND,Honduras,HN,2003,1156.08162681357,8.23039134667228,58.1,34.0,45.3,69.1,32.5567738288925,26.1505121171395,16.3800467357272,11.69,,,,,20.9025765695873,,,1
HND,Honduras,HN,2004,1215.13995412761,8.8692992343377,58.1,33.3,44.4,67.9,31.1488282917557,25.1107152377564,15.9696275680902,11.76,31.5,11.5,2.1,,19.5412906521369,,,1
HND,Honduras,HN,2005,1304.70039153826,9.75701269656212,59.5,31.3,41.6,66.1,29.8367610432986,24.1473208064936,15.5987811012919,11.81,,,,,19.8815874401488,,,1
HND,Honduras,HN,2006,1425.84780051892,10.9174770661429,57.5,27.3,37.0,60.8,28.6245938792334,23.2540303856327,15.2817565717918,11.88,29.8,8.7,1.4,,19.9082108508493,,,1
HND,Honduras,HN,2007,1577.73789197407,12.3612576805627,55.8,22.0,32.2,58.5,27.4948679940596,22.4166944796137,14.9898507513209,11.95,,,,,22.4238553187263,,,1
HND,Honduras,HN,2008,1732.49062702803,13.8817318757466,55.5,20.9,30.5,55.6,26.4533565830912,21.6446055927657,14.6525237097908,12.05,,,,,22.0470007838672,,,1
HND,Honduras,HN,2009,1781.15703614674,14.5874962291811,51.3,18.1,27.5,52.9,25.4869036945412,20.9365132811786,14.2808450078961,12.18,,,,,23.6076191388379,,,1
HND,Honduras,HN,2010,1893.32722662035,15.8393445919842,53.1,19.6,29.5,55.5,24.5589105794695,20.2492352806551,13.873415557251,12.3,,,,,22.7480069231437,,High,1
HND,Honduras,HN,2011,2073.66121088074,17.7102756854074,52.6,20.1,29.8,56.2,23.6887971621089,19.6010549207423,13.4638934431972,12.43,,,,,22.5041523742209,1.026449918746948,,1
HND,Honduras,HN,2012,2126.03474686503,18.5285543975695,53.4,24.0,35.3,61.0,22.8415421660586,18.9657660420639,13.0343241266038,12.54,22.6,7.1,1.4,6.29972793577391,23.4992682867094,,,1
HND,Honduras,HN,2013,2081.12843527945,18.499729214904,50.0,20.8,31.2,59.1,22.0331474234696,18.3466796640876,12.6004666389672,12.64,,,,5.87492990493774,23.8938403917359,,,1
HND,Honduras,HN,2014,2179.88171977271,19.7565339718698,49.9,20.6,31.1,58.2,21.2479614792462,17.7571583362545,12.1524823188085,12.72,,,,7.0901198387146,24.2419177349486,,,1
HND,Honduras,HN,2015,2271.20265980349,20.979791685416,49.2,19.9,30.6,58.0,20.4944975857803,17.1948071317071,11.7178050618626,12.79,,,,6.41297006607056,21.9760874717836,,,1
HND,Honduras,HN,2016,2307.34468351082,21.7176049521835,49.8,19.8,30.1,55.4,19.7566239461196,16.6245332470727,11.3044615764411,12.84,,,,6.09509492079297,,,,0
HND,Honduras,HN,2017,2413.0076562942,23.1362479905977,49.4,19.3,29.1,56.4,19.0501120717785,16.0821221787045,10.8885422111512,12.89,,,,5.74434396129576,,,,0
HND,Honduras,HN,2018,2464.64241531918,24.067750760499,48.9,19.8,29.2,56.1,18.3853815611983,15.5701118601322,10.5017167381275,12.95,,,,6.05646991729736,,,,0
HND,Honduras,HN,2019,2502.32744328073,24.8822257418119,48.2,18.8,28.4,54.5,17.7644782397889,15.0821499576292,10.119104019787,13.02,18.7,7.1,1.9,5.98198266311593,,,,0
HND,Honduras,HN,2020,2307.61494319511,23.352232483755,,,,,17.173487537862,14.611349326637,9.77680653022226,13.09,,,,6.09801328648889,24.3924492884403,,,0
HND,Honduras,HN,2021,2735.14751503977,28.1443315066148,,,,,16.5945522558049,14.1485077498838,9.46107619470496,,,,,5.88160201792279,,,,0
HND,Honduras,HN,2022,3003.28996826399,31.4260418067985,,,,,16.0305297998314,13.6933750539961,9.14571481385474,,,,,4.48280030802056,,,,0
HND,Honduras,HN,2023,3227.45762509776,34.3558055279795,46.8,17.0,26.6,53.3,15.5105947245687,13.2807125542426,8.82779969881241,,,,,4.54962037172702,,,,0
HRV,Croatia,HR,2000,4953.65158789022,22.134411297473,31.3,0.0,0.0,3.9,8.33978934856649,7.19254352640488,5.54758391039371,5.08,,,,,47.221470373472,,,0
HRV,Croatia,HR,2001,5364.83824691607,23.0668838496467,31.1,0.0,0.0,5.6,8.03211385139451,6.92148165762675,5.30771137653425,5.06,,,,,43.7125003016312,,,0
HRV,Croatia,HR,2002,6219.58164143945,26.7577224286781,,,,,7.71293181054494,6.64135548790009,5.03067819394121,5.04,,,,3.82305002212524,41.7555241414152,,,0
HRV,Croatia,HR,2003,8190.11135193887,35.2453170018224,,,,,8.15188215556607,6.57615481537717,4.7618616661936,5.01,,,,3.87019991874695,40.4227438389922,,,0
HRV,Croatia,HR,2004,9718.97322801967,41.8362921573335,29.7,0.0,0.1,0.6,7.05789426064092,6.06761577493219,4.4835343714014,4.99,,,,3.82386994361877,40.084253165942,,,0
HRV,Croatia,HR,2005,10443.5278353294,45.013119281806,,,,,6.73875220022738,5.78819179023081,4.24082072480788,4.97,,,,,38.1824574275923,,,0
HRV,Croatia,HR,2006,11502.753124287,49.5901976565482,,,,,6.4338920612018,5.52172142561735,4.03625956032615,4.96,,,,,36.2476772917254,,,0
HRV,Croatia,HR,2007,13757.605654192,59.2982657699946,,,,,6.14937038739637,5.27274315105511,3.88760559310489,4.96,,,,3.96898007392883,36.6846977821312,,,0
HRV,Croatia,HR,2008,15889.4347074759,68.4787762059826,33.7,0.0,0.1,0.9,5.89043164684997,5.04540698964829,3.7791174119775,4.97,,,,4.2783899307251,37.9607687490283,,,0
HRV,Croatia,HR,2009,14475.9632928725,62.3216421251721,32.6,1.0,1.7,6.3,5.66047373588013,4.84398529597,3.67631904557216,4.99,,,,4.36217021942139,40.100543762702,,,0
HRV,Croatia,HR,2010,13731.2865213989,58.981738868753,32.4,1.4,2.3,7.9,5.45826569986544,4.66612089027125,3.5429501003592,5.01,,,,4.20651006698608,41.1447376444262,,,0
HRV,Croatia,HR,2011,14694.9993201417,62.9037373797834,32.3,1.0,2.1,8.8,5.28890166128469,4.51810869960184,3.39442770539427,5.03,,,,4.10584020614624,42.0175237781233,,,0
HRV,Croatia,HR,2012,13508.6836989693,57.5519637532104,32.5,1.1,2.3,10.3,5.15597650883905,4.40021033286335,3.27768104503984,5.05,,,,,40.2275034908042,,,0
HRV,Croatia,HR,2013,14136.3967669505,59.8524012723204,32.0,1.2,2.1,9.4,5.05262225856973,4.30798334044213,3.20808178773656,5.05,,,,4.50127983093262,40.2770017829429,,,0
HRV,Croatia,HR,2014,14187.9694531493,59.6121440784133,32.1,1.2,1.8,7.9,4.97459324978483,4.23788991423432,3.15467490656069,5.06,,,,,42.1284735209224,,,0
HRV,Croatia,HR,2015,12285.3032582105,51.0052006696941,31.1,0.7,1.3,7.5,4.9114601547691,4.18023802675808,3.08199277404605,5.06,,,,,41.5341344683407,,,0
HRV,Croatia,HR,2016,12821.1738140304,52.6548556381057,30.9,0.9,1.4,6.0,4.85944025298274,4.13272963392791,3.00798036978443,5.04,,,,,40.0856341620754,,,0
HRV,Croatia,HR,2017,13902.6310485422,56.1861904379959,30.4,0.6,1.2,5.6,4.81219200056659,4.08881861028387,2.96350065331288,5.03,,,,3.87207007408142,39.0459451626294,,,0
HRV,Croatia,HR,2018,15460.4183295843,61.6681301225878,29.7,0.5,0.8,3.5,4.76732650139714,4.04709685976803,2.95756071058841,5.02,,,,3.92432999610901,38.2935611473092,,,0
HRV,Croatia,HR,2019,15563.8167397199,61.4675821936824,28.9,0.4,0.6,3.1,4.72508915770342,4.00714196367762,2.96099109178888,5.0,,,,3.94555997848511,38.4682725930331,,,0
HRV,Croatia,HR,2020,14808.4620188819,57.9633708850798,29.5,0.4,0.8,2.7,4.68462849430892,3.97025953505374,2.94194251505606,4.99,,,,4.40854978561401,44.893989430739,,,0
HRV,Croatia,HR,2021,17789.9304736722,69.0068022986956,28.9,0.3,0.4,2.0,4.64519521411871,3.93345774304631,2.90207328618947,,,,,4.0916600227356,40.6582440623582,,,0
HRV,Croatia,HR,2022,18466.0955472648,71.1986351019514,30.0,0.4,0.6,2.4,4.61066609748704,3.90121254991733,2.85248096742248,,,,,,37.8374255036955,,,0
HRV,Croatia,HR,2023,21865.4562838641,84.393795502442,30.1,0.3,0.6,2.0,4.56840290804215,3.86255566937786,2.80504213482242,,,,,,38.6809228180323,,,0
HTI,Haiti,HT,2000,820.600046761464,6.8135660988675,,,,,103.485128004187,70.7416264346234,29.7422347818802,,28.8,13.9,5.5,,,,,1
HTI,Haiti,HT,2001,748.821159844528,6.33197032431022,59.0,75.1,83.5,93.6,99.9887533225635,68.520883753872,29.4110970490154,,,,,,,,,1
HTI,Haiti,HT,2002,720.969568042522,6.2058472136351,,,,,96.7973603754155,66.479972989082,29.2103280855367,,,,,,,,,1
HTI,Haiti,HT,2003,578.995291079709,5.07194779827263,,,,,93.9662165086327,64.7077507906899,29.2124896580432,,,,,,,,,1
HTI,Haiti,HT,2004,683.185298155273,6.0873606842969,,,,,91.4165935768982,63.1209020072706,29.2736442784147,,,,,,,,,1
HTI,Haiti,HT,2005,775.845704056916,7.03014973033692,,,,,89.1022368313742,61.7083371651077,29.3110323975234,,,,,,,,,1
HTI,Haiti,HT,2006,828.805700289589,7.63873912267242,,,,,86.9370897468935,60.3912686832736,29.2018723880702,,29.6,18.9,10.2,,,,,1
HTI,Haiti,HT,2007,984.566983448521,9.22863776769009,,,,,84.9044792134004,59.1256201736984,29.0557733834134,,,,,,,,,1
HTI,Haiti,HT,2008,1094.66058421644,10.4329626348748,,,,,82.9494039280557,57.9330258729812,28.8581501719303,,,,,,,,,1
HTI,Haiti,HT,2009,1196.8528706018,11.5970028347786,,,,,81.09805232213,56.8270341481102,28.631383749196,,,,,,,,,1
HTI,Haiti,HT,2010,1209.72733503094,11.8593127251448,,,,,136.668660988389,78.623843583422,29.3883554281894,,,,,,,,,1
HTI,Haiti,HT,2011,1312.03953552013,13.0087460388867,,,,,77.4184397679081,54.5647341466308,28.1945961045806,,,,,,,,,1
HTI,Haiti,HT,2012,1361.39396587374,13.7089254771304,41.1,40.4,59.2,88.2,75.564244373169,53.4153250775672,28.0160161144606,,23.4,10.6,4.1,,,,,1
HTI,Haiti,HT,2013,1457.83221179626,14.9024886042421,,,,,73.7560623265041,52.3540183004328,27.7625523101942,,21.9,13.0,6.3,,,,,1
HTI,Haiti,HT,2014,1460.18898613914,15.1468834976331,,,,,71.9130451510533,51.21764135079,27.4260165739785,,,,,1.75226998329163,,,,1
HTI,Haiti,HT,2015,1411.12684746796,14.8496293086025,,,,,69.9302567785797,49.9524809240341,27.0216951862695,,,,,1.85497999191284,,,,1
HTI,Haiti,HT,2016,1318.40268167953,14.0692775262278,,,,,67.9339161592402,48.6512142123516,26.5596337805329,,,,,1.38776004314423,,1.574397087097168,,1
HTI,Haiti,HT,2017,1395.23945184461,15.0933571611498,,,,,66.0783937082193,47.4731319685953,26.0696237544718,,21.9,9.5,3.7,1.49846994876862,,,,1
HTI,Haiti,HT,2018,1496.38048970156,16.4038646178458,,,,,64.1777605611844,46.2633266746796,25.5978938284856,,,,,1.63715994358063,,,,1
HTI,Haiti,HT,2019,1352.17204191532,15.0160909295125,,,,,62.3101465222157,45.0458811774045,25.1583760828321,,,,,1.08414978067408,,,,1
HTI,Haiti,HT,2020,1290.32538667383,14.5082225183018,,,,,60.3990297635109,43.7674049447394,24.6779307231759,,,,,1.11353641558643,,,,1
HTI,Haiti,HT,2021,1835.44394078496,20.8774149526375,,,,,58.5305332244717,42.5396123418398,24.2245164185529,,,,,1.24275181117048,,,,1
HTI,Haiti,HT,2022,1760.62635668777,20.2535519205516,,,,,56.8679575167803,41.4710868506592,23.7158928686845,,,,,1.02689812206798,,,,1
HTI,Haiti,HT,2023,1705.75808460999,19.8505857223241,,,,,55.1196790094455,40.3277944291744,23.3326516913615,,22.0,10.7,5.0,0.964648012977964,,,,1
HUN,Hungary,HU,2000,4629.91760812548,47.2759544289586,27.2,0.1,1.6,21.7,10.1160157280898,8.65849687313736,5.72782609189637,8.55,,,,4.86840009689331,41.3067900842643,,,0
HUN,Hungary,HU,2001,5280.94887987063,53.8000680657969,26.9,0.0,1.0,14.4,9.53758014593109,8.1447139198461,5.44905983430284,8.52,,,,4.9310097694397,40.9013869872712,,,0
HUN,Hungary,HU,2002,6658.04494326809,67.6364686250428,26.8,0.1,0.4,13.7,8.96188847324063,7.6375014013623,5.13078385844797,8.49,,,,5.17923021316528,42.9000107390859,,,0
HUN,Hungary,HU,2003,8410.09248198479,85.190469121074,30.9,0.2,1.1,13.9,8.42931484846256,7.17017079842734,4.76235185991997,8.46,,,,5.7923002243042,42.7185066058332,,,0
HUN,Hungary,HU,2004,10291.2694721409,104.015363080271,29.9,0.3,0.6,9.4,7.95154728582797,6.75280936866414,4.40982002485032,8.43,,,,5.32762002944946,41.6525350711884,,,0
HUN,Hungary,HU,2005,11212.2046968994,113.098237570929,34.7,1.0,1.8,10.4,7.54442396446693,6.39790253103851,4.12973053979963,8.41,,,,5.3200798034668,41.8290207048608,,,0
HUN,Hungary,HU,2006,11478.4891640501,115.604111412139,28.3,0.2,0.4,7.0,7.18317899857541,6.08471112485276,3.92150802929516,8.39,,,,5.28974008560181,42.8712723639047,,,0
HUN,Hungary,HU,2007,13934.605460375,140.123326896329,27.9,0.2,0.6,6.9,6.8414720616486,5.78833796704297,3.76337099939606,8.39,,,,5.13495016098022,42.3943125638305,,,0
HUN,Hungary,HU,2008,15762.6322515113,158.228265915534,27.5,0.1,0.3,6.7,6.51567187926479,5.50660705226938,3.6333630700322,8.39,,,,4.9676399230957,44.3161063509676,,,0
HUN,Hungary,HU,2009,13051.1831777184,130.80744107616,27.0,0.1,0.3,7.7,6.24009102195505,5.26800749353466,3.51584468425242,8.41,,,,4.94636011123657,45.0899961462607,,,0
HUN,Hungary,HU,2010,13189.8433874768,131.898737241166,29.4,0.2,0.4,9.0,6.03354496180888,5.08864848090921,3.39778755537227,8.43,,,,4.72375011444092,43.6185257806077,,,0
HUN,Hungary,HU,2011,14211.460557822,141.712804953868,29.2,0.2,0.7,8.7,5.88019516533664,4.95376843110583,3.2767527450873,8.44,,,,4.5631799697876,45.0546657406546,,,0
HUN,Hungary,HU,2012,12950.1594488143,128.470269689958,30.8,0.5,1.4,11.6,5.73626866499156,4.82702473191755,3.15020278174621,8.45,,,,4.14249992370605,44.7191558906917,,,0
HUN,Hungary,HU,2013,13739.4620151401,135.646053778582,31.5,0.5,1.2,10.6,5.56711370771514,4.67929739403254,3.01368079387836,8.45,,,,4.18921995162964,46.9455294709772,,,0
HUN,Hungary,HU,2014,14352.501883174,141.128696412321,30.9,1.0,1.4,8.3,5.34452085157053,4.48680755363207,2.86165889335557,8.44,,,,4.60187005996704,44.9912537785472,,,0
HUN,Hungary,HU,2015,12782.9412577973,125.244126623289,30.4,1.0,1.5,6.4,5.05305457027315,4.23685096433348,2.69274994520719,8.43,,,,4.49539995193481,43.2456220345119,,,0
HUN,Hungary,HU,2016,13215.8605277789,128.983560865293,30.3,1.6,2.1,4.3,4.74018249404316,3.96961821782988,2.52693042685313,8.4,,,,4.61547994613647,43.3907474005341,,,0
HUN,Hungary,HU,2017,14736.1668157258,143.335098991862,30.6,0.9,1.8,4.9,4.47105302246628,3.7396536770136,2.38426006302289,8.38,,,,4.64757013320923,42.0163819189322,,,0
HUN,Hungary,HU,2018,16605.0570511887,161.184691013835,,,,,4.27466074733773,3.57034546832732,2.27938653706952,8.35,,,,4.62343978881836,39.6980879246317,,,0
HUN,Hungary,HU,2019,17012.8598553199,164.936682033992,,,,,4.13634074971664,3.45037513479049,2.21206568800681,8.33,,,,4.22488021850586,39.3263776745238,,,0
HUN,Hungary,HU,2020,16386.9308821258,158.468487754196,,,,,4.03738743648072,3.36316483291114,2.18101707646861,8.32,,,,4.1535701751709,44.0965958368183,,,0
HUN,Hungary,HU,2021,19030.628130329,183.282685440486,,,,,3.96475320719312,3.29869377516912,2.16877372535645,,,,,4.68406009674072,42.2666073391105,,,0
HUN,Hungary,HU,2022,18483.6366867035,177.536698164902,,,,,3.88999500843685,3.23205140366451,2.15113271187017,,,,,3.81258988380432,42.2901925358878,,,0
HUN,Hungary,HU,2023,22312.1790289763,214.02257131124,,,,,3.80279823989519,3.15509295903013,2.11007542432471,,,,,,,,,0
IDN,Indonesia,ID,2000,763.711124950924,165.021012077809,30.3,65.7,84.3,97.6,51.9315068829522,41.2741604590672,22.7388113022593,10.85,42.3,24.7,5.5,,,,,1
IDN,Indonesia,ID,2001,732.307093405708,160.446947784909,31.2,62.3,81.9,96.8,49.5590287001213,39.4678703026853,21.9751283328967,10.82,41.6,23.4,5.4,2.46003007888794,,,,1
IDN,Indonesia,ID,2002,881.002913569131,195.660611165183,30.2,46.8,73.1,94.9,47.3165437426938,37.7479397768227,21.321229644415,10.79,,23.0,,2.64568996429443,15.7134455872859,,,1
IDN,Indonesia,ID,2003,1043.2105838671,234.772463823808,29.3,45.5,71.3,95.4,45.1973135935087,36.119355324048,20.7598620758951,10.77,,23.1,,3.21799993515015,16.2579278221086,,,1
IDN,Indonesia,ID,2004,1126.84004447173,256.836875295452,30.4,45.4,71.7,94.8,49.128571945663,36.6902914386563,20.3684301501983,10.75,28.6,19.7,14.4,2.7484700679779,16.8539365479843,,,1
IDN,Indonesia,ID,2005,1238.21447629488,285.868619196085,29.9,41.1,68.6,94.6,41.3507966893984,33.1613747223629,19.8363263763608,10.73,,24.4,,2.87281990051269,,,,1
IDN,Indonesia,ID,2006,1558.31562847163,364.570515618357,31.5,46.8,71.8,95.3,39.5965276805306,31.7981036101976,19.4468892262526,10.7,,,,,,,,1
IDN,Indonesia,ID,2007,1823.21976255073,432.216737774861,33.2,41.1,66.0,92.6,37.9531893877457,30.5254319251923,19.0591130933801,10.68,,,,3.04425001144409,,,,1
IDN,Indonesia,ID,2008,2124.55483920618,510.228634992258,32.6,38.0,63.4,92.4,36.4235648255597,29.3366991597547,18.5802267586406,10.65,40.1,19.6,14.8,2.90190005302429,18.4485650887534,,,1
IDN,Indonesia,ID,2009,2218.48541852977,539.580085612401,33.4,37.9,63.8,92.1,34.9684279889138,28.1967971832768,17.9344480740405,10.63,,,,3.52513003349304,15.3672983977382,,,1
IDN,Indonesia,ID,2010,3065.68348377765,755.094157621936,34.6,34.1,56.7,88.9,33.5730411489185,27.1059773159787,17.282293221902,10.6,39.2,18.6,12.3,2.81227993965149,,,,1
IDN,Indonesia,ID,2011,3579.46442466152,892.969104563171,37.9,31.2,53.6,85.8,32.2417093027179,26.0630757018232,16.6048719584333,10.56,,,,3.18944001197815,,,,1
IDN,Indonesia,ID,2012,3632.27254030331,917.869913332649,37.1,26.6,49.9,84.7,30.9589542294765,25.0524930520007,15.9324014323496,10.5,,,,3.40748000144958,,,,1
IDN,Indonesia,ID,2013,3566.60284506078,912.524136718018,38.9,27.2,49.7,82.6,29.7310084826236,24.0900645772528,15.2738521879056,10.43,36.4,19.9,13.5,3.35904002189636,,,,1
IDN,Indonesia,ID,2014,3441.06808464008,890.814755533537,38.8,25.7,47.7,82.0,28.555935127556,23.1659482394226,14.6385671751304,10.36,,,,3.28800988197327,,,,1
IDN,Indonesia,ID,2015,3288.22269725538,860.854232686214,38.2,21.6,43.4,81.9,27.436344288463,22.2912383846408,14.0397904952274,10.28,,,,3.58360004425049,,,,1
IDN,Indonesia,ID,2016,3521.46943457574,931.877364037698,36.9,18.0,38.7,77.5,26.3736158471263,21.4548021610159,13.4894744854518,10.19,,,,1.21023452496964,,,,1
IDN,Indonesia,ID,2017,3798.88326174526,1015.61874415973,36.4,14.8,34.1,74.1,25.3760076145971,20.6619381706364,12.9692880839413,10.11,,,,1.05324382490056,,,,1
IDN,Indonesia,ID,2018,3860.95353090726,1042.27153298863,36.3,12.5,30.3,71.2,24.4573635086892,19.9383512821929,12.492449071636,10.03,30.0,17.7,10.5,0.994436460846179,,,,1
IDN,Indonesia,ID,2019,4106.94856160358,1119.0998713502,35.4,10.8,28.3,70.4,23.6121136317793,19.2715111314062,12.0355164893517,9.97,26.6,17.9,8.6,0.964399077622927,,,,1
IDN,Indonesia,ID,2020,3853.70288774146,1059.05484269848,35.3,9.8,26.4,69.4,22.7879767553902,18.6303821137451,11.6209365129978,9.93,,,,1.01593221347809,,,,1
IDN,Indonesia,ID,2021,4287.17313995098,1186.50969108673,35.5,8.6,24.2,68.5,22.0200222214196,18.0332650117037,11.2203860484319,,24.4,17.0,7.1,1.03221750658374,,,,1
IDN,Indonesia,ID,2022,4730.83484836107,1319.10118338015,35.5,7.9,23.7,70.3,21.292702315721,17.4676063658511,10.8623985161194,,21.6,16.8,7.5,0.863943349575907,,,,1
IDN,Indonesia,ID,2023,4876.30774512252,1371.16930156362,36.1,6.7,21.9,69.6,20.6243807013703,16.9543299889316,10.526099951548,,22.0,15.9,8.4,1.27517088245674,,,,1
IND,India,IN,2000,442.750218937263,468.395521654458,,,,,91.6372684570398,66.2651434788958,44.614790243953,32.47,,,,4.32479000091553,15.4104025952684,,,1
IND,India,IN,2001,450.357900514128,485.440139204171,,,,,88.0364091173878,64.3138718114962,43.2289981099803,32.27,,,,,15.5456255204777,,,1
IND,India,IN,2002,469.149928973927,514.939140318756,,,,,84.5266568770178,62.3876102724109,41.8037655102916,32.06,,,,,16.0529482126794,,,1
IND,India,IN,2003,544.143133545002,607.700687237318,,,,,81.0762007475263,60.4811786936105,40.4095609011354,31.83,,,,3.61340999603271,15.5775937222978,,,1
IND,India,IN,2004,624.258826510066,709.152728830775,27.7,46.4,74.5,96.3,77.7162633133537,58.599186731348,39.0424565237003,31.58,,,,3.35254001617432,15.1334829998657,,,1
IND,India,IN,2005,710.488080408949,820.383763511445,,,,,74.4081136967068,56.7072888574185,37.780239601394,31.32,,,,3.18875002861023,15.1739835903438,,,1
IND,India,IN,2006,801.668353659022,940.25988878772,,,,,71.1329848084987,54.7861638318698,36.5752287585158,31.05,47.8,43.5,20.0,3.14284992218018,15.1894795636765,,,1
IND,India,IN,2007,1021.88707706826,1216.73643883496,,,,,67.8519556916127,52.8053027768046,35.3837772583553,30.78,,,,,15.2578600235571,,,1
IND,India,IN,2008,992.519584923828,1198.89513900592,,,,,64.5966813371437,50.7868870772818,34.2169287578243,30.52,,,,,17.2276704329522,,,1
IND,India,IN,2009,1094.94974598436,1341.8880169949,27.8,34.6,66.1,95.0,61.3790886156486,48.7478519578807,33.0380920202157,30.25,,,,3.27824997901917,16.8518927116001,,,1
IND,India,IN,2010,1347.51939071367,1675.61551948496,,,,,58.1919140421031,46.6773647482293,31.8371803247197,30.0,,,,3.377690076828,16.5051359514049,,,1
IND,India,IN,2011,1445.46127486037,1823.05182989455,28.8,27.1,57.7,92.5,55.0327220842112,44.563274499757,30.6371946770522,29.74,,,,3.79618000984192,14.4898394030493,,,1
IND,India,IN,2012,1429.32199520032,1827.63759041041,,,,,51.9960784827282,42.4983850312271,29.4487449835676,29.49,,,,3.8675000667572,16.166712404362,,,1
IND,India,IN,2013,1432.84397512195,1856.72150762158,,,,,49.059361192683,40.4621382063333,28.2547640193092,29.22,,,,3.84467005729675,16.6386825486965,,,1
IND,India,IN,2014,1553.88396075118,2039.12647915452,,,,,46.2632639102338,38.4866219353132,27.0926876247304,28.95,38.7,29.4,15.1,3.89878023242693,14.803137644208,,,1
IND,India,IN,2015,1583.99815907985,2103.58836004494,,,,,43.5982356265911,36.570521532683,25.9595873777025,28.66,37.9,36.3,20.8,4.11457014083862,15.1256903622794,1.42008364200592,,1
IND,India,IN,2016,1707.50892912243,2294.79688566316,,,,,41.0783607458965,34.7356088241151,24.8568498042653,28.37,,,,4.25407981872559,15.2719500252316,,,1
IND,India,IN,2017,1950.10468280866,2651.47426275545,,,,,38.6774584447626,32.9586584597935,23.803372157986,28.09,36.1,33.8,16.9,4.30544996261597,15.6141099220983,,,1
IND,India,IN,2018,1966.25455171679,2702.92964164874,,,,,36.4399261790398,31.2809958978543,22.7042526761301,27.83,,,,4.36373996734619,15.6631319151388,,,1
IND,India,IN,2019,2041.42863698585,2835.60625655819,,,,,34.3224625984635,29.6695747955053,21.4001230321589,27.62,,,,3.89732003211975,,,,1
IND,India,IN,2020,1907.04251637669,2674.85157858727,,,,,32.3566819974041,28.1582980701213,20.1781424389984,27.44,35.5,31.5,18.7,4.29335021972656,,,,1
IND,India,IN,2021,2239.61384367482,3167.27062326047,,,,,30.6036588769095,26.7869397296125,19.0884931769016,,,,,4.62949991226196,,,,1
IND,India,IN,2022,2347.44829434623,3346.10728773093,25.5,5.3,23.9,82.1,29.0806666674609,25.5765820827405,18.1446217633598,,,,,4.09865814174589,13.3335178491336,,,1
IND,India,IN,2023,2530.12031278204,3638.48909603386,,,,,27.7458109316277,24.4984418179464,17.2938358607291,,,,,,,,,1
IRL,Ireland,IE,2000,26334.5672050501,100.207610429909,33.0,0.2,0.2,0.7,7.16125045219765,5.99239124450581,4.03382719553136,4.79,,,,4.13225984573364,27.6892879653051,,,0
IRL,Ireland,IE,2001,28282.409882073,109.346669229695,,,,,6.89424771372636,5.77747680796357,3.90925132351311,4.82,,,,4.08749008178711,28.9800895859939,,,0
IRL,Ireland,IE,2002,32705.4345565698,128.596035288401,32.3,0.2,0.5,1.5,6.50168604262782,5.456743397761,3.72344822370343,4.85,,,,4.10487985610962,29.4745512750367,,,0
IRL,Ireland,IE,2003,41203.5295847568,164.670771259602,32.9,0.2,0.2,0.7,6.04539069636655,5.08141984433983,3.50273371276156,4.88,,,,4.20493984222412,29.7254665223086,,,0
IRL,Ireland,IE,2004,47754.2023194244,194.372115041065,33.6,0.1,0.1,0.7,5.58881918429598,4.70562162512937,3.25393053426598,4.92,,,,4.48296022415161,29.7186782043724,,,0
IRL,Ireland,IE,2005,50933.0216095589,211.876989655907,33.8,0.1,0.2,0.3,5.17978800700318,4.36910381464546,2.98823624527232,4.96,,,,4.51898002624512,30.4253603783737,,,0
IRL,Ireland,IE,2006,54329.1618599624,232.180617162279,32.7,0.5,0.5,0.7,4.85291075590915,4.1017354122324,2.75140087796053,5.01,,,,4.54742002487183,30.6619440672932,,,0
IRL,Ireland,IE,2007,61396.417461176,270.0792794195,31.9,0.1,0.2,0.6,4.6131996197161,3.90786429746127,2.58691707737887,5.08,,,,4.71541023254395,31.9281112527488,,,0
IRL,Ireland,IE,2008,61353.1065629523,275.447471451063,30.9,0.2,0.4,1.0,4.43434458181262,3.76534428529989,2.49833237891318,5.17,,,,5.45828008651733,37.0695232892569,,,0
IRL,Ireland,IE,2009,52133.0909237885,236.443117248477,32.7,0.6,0.8,1.8,4.29070596297046,3.65276166432731,2.46764599987911,5.26,,,,6.15610980987549,44.0437588279555,,,0
IRL,Ireland,IE,2010,48679.4026820361,221.9856215375,32.3,0.7,1.0,2.0,4.16901413451393,3.55906142705473,2.47885992873674,5.34,,,,6.04836988449097,62.3394926416466,,,0
IRL,Ireland,IE,2011,52692.7813135606,241.337364609738,32.9,0.7,0.9,1.9,4.06243304772167,3.47797432920469,2.5058877370129,5.42,2.2,0.5,0.4,5.77199983596802,44.403718449446,,,0
IRL,Ireland,IE,2012,49411.7387476787,227.270922957327,33.2,0.5,0.7,1.6,3.96658920828688,3.40616899764012,2.5156933837715,5.47,,,,5.70777988433838,39.9228071664291,,,0
IRL,Ireland,IE,2013,52619.2123745817,243.301556084989,33.5,0.7,1.0,1.9,3.86864575482931,3.33194859304052,2.49383183424576,5.5,,,,5.23177003860474,37.5703117460126,,,0
IRL,Ireland,IE,2014,57278.2590911107,266.78723849903,31.9,0.4,0.6,1.3,3.76670185243177,3.25345466934394,2.44797011134132,5.52,,,,4.73554992675781,34.3552997419652,,,0
IRL,Ireland,IE,2015,64311.8234684057,302.391428540034,31.8,0.4,0.5,0.9,3.66128990179631,3.1715793254767,2.39346853656629,5.52,,,,3.62438011169434,26.5632407453683,,,0
IRL,Ireland,IE,2016,64192.9418053178,305.733136180906,32.8,0.3,0.5,0.9,3.56232241385004,3.09499396946926,2.33812856967774,5.52,,,,3.65882992744446,25.7140756122021,,,0
IRL,Ireland,IE,2017,72198.1076995377,348.532394023595,31.4,0.3,0.3,0.6,3.47792073613151,3.03083860356132,2.29216865075385,5.54,,,,3.37737989425659,23.7360954155754,,,0
IRL,Ireland,IE,2018,80738.9628834696,395.461216460418,30.6,0.1,0.1,0.1,3.42890973217796,2.99715376035826,2.26788386912986,5.56,,,,3.30347990989685,23.073079952408,,,0
IRL,Ireland,IE,2019,81810.1926481407,407.124824064995,30.3,0.1,0.1,0.2,3.43546378108957,3.0123437793605,2.27588069049264,5.6,,,,3.22984004020691,22.0031826278797,,,0
IRL,Ireland,IE,2020,86622.5067251295,436.555518400451,29.2,0.2,0.2,0.2,3.49147422961898,3.07011297922174,2.31538326193811,5.65,,,,3.19163990020752,25.09442647814,,,0
IRL,Ireland,IE,2021,103961.976350649,531.306516907984,29.4,0.1,0.2,0.3,3.58544101059847,3.16205595187574,2.38004991872274,,,,,2.904629945755,22.2211414269678,,,0
IRL,Ireland,IE,2022,105234.511567597,548.570250341987,29.9,0.2,0.2,0.3,3.70133508270838,3.27300077817548,2.45639797226674,,,,,,19.2347136594726,,,0
IRL,Ireland,IE,2023,103887.800388081,551.394889339777,29.0,0.1,0.1,0.3,3.80372048966499,3.3723667603159,2.52504560231674,,,,,,,,,0
IRN,"Iran, Islamic Rep.",IR,2000,1650.01385832603,109.591707801431,,,,,36.2535743183089,31.4531171025071,19.5805522311238,,,,,4.03064012527466,15.590625715493,,,1
IRN,"Iran, Islamic Rep.",IR,2001,1881.02266634748,126.878750295583,,,,,34.2454715449732,29.792000135549,18.8758658597418,,,,,4.07168006896973,17.5463352504692,,,1
IRN,"Iran, Islamic Rep.",IR,2002,1891.25756092031,128.626917504398,,,,,32.2213421847839,28.1046156454488,18.1817577375908,,,,,4.48487997055054,17.4859051554483,,,1
IRN,"Iran, Islamic Rep.",IR,2003,2208.99636553529,151.911222120261,,,,,30.2196658511985,26.422914042637,17.465157156662,,,,,4.36322021484375,17.1755316332088,,,1
IRN,"Iran, Islamic Rep.",IR,2004,2672.42266512669,187.754571246703,,,,,28.2783845513784,24.7871027509464,16.727143211908,,7.1,4.6,4.8,4.29662990570068,16.6529138240023,,,1
IRN,"Iran, Islamic Rep.",IR,2005,3132.05081925856,224.970371328826,43.6,4.5,10.7,37.7,26.4593306534006,23.2533739970742,16.0390220263303,,,,,4.05650997161865,19.4202431883925,,,1
IRN,"Iran, Islamic Rep.",IR,2006,3618.9160136791,265.602187406199,44.8,4.5,11.3,38.2,24.7562384749764,21.8180575482391,15.36909040085,,,,,4.28998994827271,20.7178833949627,,,1
IRN,"Iran, Islamic Rep.",IR,2007,4687.99166265915,349.736591836294,,,,,23.1676638645901,20.4589024225516,14.6747038762981,,,,,4.59680986404419,16.8257698113683,,,1
IRN,"Iran, Islamic Rep.",IR,2008,5377.41150725587,406.070949550867,,,,,21.7168483622138,19.2311977317557,13.9355617772139,,,,,3.91375994682312,18.2510103194045,,,1
IRN,"Iran, Islamic Rep.",IR,2009,5415.52280554144,414.059094949597,42.1,4.9,10.5,36.9,20.4213155848648,18.1290636843674,13.2269983300233,,,,,3.84244990348816,19.6373860775632,,,1
IRN,"Iran, Islamic Rep.",IR,2010,6291.19443652344,487.06957046136,,,,,19.3144472934326,17.1821581776449,12.5533339956173,,6.8,4.1,4.0,3.70918011665344,,,,0
IRN,"Iran, Islamic Rep.",IR,2011,8025.68743364356,629.082257472368,34.7,2.3,7.2,38.3,18.3851780973964,16.3851724391299,11.9406171388204,,,,,3.48497009277344,,,,0
IRN,"Iran, Islamic Rep.",IR,2012,8114.08099831877,644.01931500354,34.4,1.8,6.3,37.2,17.5467638948943,15.6662341874703,11.341828020061,,,,,2.93899989128113,,,,0
IRN,"Iran, Islamic Rep.",IR,2013,6222.74194840326,500.399839839877,34.0,1.9,6.9,39.8,16.7886909740903,15.0111834995301,10.8488022265206,,,,,2.85279011726379,,,,0
IRN,"Iran, Islamic Rep.",IR,2014,5672.06372896319,462.284793280825,34.8,3.3,8.8,42.1,16.1093169283664,14.4257526730784,10.400721093248,,,,,2.61668992042542,,,,0
IRN,"Iran, Islamic Rep.",IR,2015,4952.73355532178,409.191686496677,35.3,3.0,8.4,41.5,15.5411455465735,13.9365203513572,9.97827260509531,,,,,2.62911009788513,,,,0
IRN,"Iran, Islamic Rep.",IR,2016,5477.03712389913,459.042684192698,35.9,3.0,8.6,41.7,14.9921423884499,13.4578169212559,9.61623322582851,,,,,3.17396998405456,,,,0
IRN,"Iran, Islamic Rep.",IR,2017,5753.11544659399,489.168731811147,36.7,2.7,8.1,38.6,14.4590406348119,12.9923005705113,9.23805756084241,,4.8,4.3,4.3,3.45956993103027,,,,0
IRN,"Iran, Islamic Rep.",IR,2018,4631.78709016514,398.880231367268,37.4,3.2,9.3,42.1,13.9478955592194,12.5452648404794,8.850364107373,,,,,3.61979007720947,,,,0
IRN,"Iran, Islamic Rep.",IR,2019,3831.27894763337,333.51914633919,36.5,4.3,12.1,47.4,13.4720113832698,12.133384849163,8.52825637191835,,,,,3.24005007743835,,,,0
IRN,"Iran, Islamic Rep.",IR,2020,2988.78122414716,262.186179355944,35.8,4.6,12.2,48.4,13.0219004781241,11.7422870198756,8.22236269377614,,,,,3.20495009422302,,,,0
IRN,"Iran, Islamic Rep.",IR,2021,4334.79268631354,383.436202446695,35.5,3.7,10.1,42.8,12.5902359721896,11.3671927425453,7.93856688793114,,,,,,,,,0
IRN,"Iran, Islamic Rep.",IR,2022,4405.09291519791,394.362621793035,34.8,2.8,8.2,39.0,12.1758347323086,11.0067817265856,7.67407732132749,,,,,2.6699800491333,,,,0
IRN,"Iran, Islamic Rep.",IR,2023,4465.63766853306,404.625655076275,35.9,2.5,7.5,36.0,11.7733135336402,10.6559153378133,7.40202795861102,,,,,2.82443290958712,,,,0
IRQ,Iraq,IQ,2000,1980.18916038782,48.3642509439051,,,,,44.2836283489362,38.3707440951033,23.8094627456491,10.34,28.1,12.8,6.6,,,,,1
IRQ,Iraq,IQ,2001,1435.695683789,36.1764301288057,,,,,43.3496315270968,37.699465622408,23.5124633002151,10.38,,,,,,,,1
IRQ,Iraq,IQ,2002,1266.15961275094,32.9284546724246,,,,,42.4414810694233,37.0432089825065,23.193061905837,10.42,,,,,,,,1
IRQ,Iraq,IQ,2003,817.887862499622,21.9215694788163,,,,,41.5507399765878,36.3959162794339,22.8882387858724,10.46,33.7,10.1,5.6,,,,,1
IRQ,Iraq,IQ,2004,1328.37157628292,36.6336692693981,,,,,40.6666167470634,35.7387915862785,22.5291885920935,10.5,20.0,8.0,6.9,,,,,1
IRQ,Iraq,IQ,2005,1762.39360423421,50.0651046678159,,,,,39.7338723137323,35.0397717186824,22.1687090929312,10.53,,,,,,,,1
IRQ,Iraq,IQ,2006,2276.55435744086,65.1470519180219,28.6,0.6,2.7,35.2,38.7628976622304,34.2973797892209,21.76287221474,10.57,27.5,7.1,5.8,,,,,1
IRQ,Iraq,IQ,2007,3128.99010329066,88.8370573195179,,,,,37.7592302199397,33.5092448308,21.3436675487023,10.61,,,,,,,,1
IRQ,Iraq,IQ,2008,4542.96609046032,131.614434153505,,,,,36.7067995214013,32.675472608998,20.8441713234478,10.64,,,,,,,,1
IRQ,Iraq,IQ,2009,3714.71205987194,111.657580326315,,,,,35.631235499086,31.8093830829219,20.2472581979674,10.67,,,,,,,,1
IRQ,Iraq,IQ,2010,4461.75196161555,138.516722649573,,,,,34.556105113961,30.9432641464158,19.6246574521451,10.71,,,,,,,,1
IRQ,Iraq,IQ,2011,5775.54229080293,185.749664444444,,,,,33.4902155557914,30.0814255829069,19.048116719819,10.75,22.1,7.2,6.5,,,,,1
IRQ,Iraq,IQ,2012,6477.59618450955,218.002476129472,29.5,0.6,3.1,32.0,32.4306491220037,29.2155169531077,18.4504761645214,10.77,,,,,,,,1
IRQ,Iraq,IQ,2013,6650.35282247395,234.637675128645,,,,,31.4034330476483,28.3716124592138,17.8519223393118,10.79,,,,,,,,1
IRQ,Iraq,IQ,2014,6249.39226978969,228.415656174957,,,,,30.3721896866444,27.5124815181398,17.2800806630073,10.81,,,,,25.7090141553581,,,1
IRQ,Iraq,IQ,2015,4440.14189252367,166.774104959101,,,,,29.3800451353014,26.6772695273313,16.7381618624687,10.84,,,,,27.0309301531966,,,1
IRQ,Iraq,IQ,2016,4334.42096404188,166.743557747671,,,,,28.4071735342483,25.8609516099017,16.2041373703958,10.84,,,,,26.5600237455794,,,1
IRQ,Iraq,IQ,2017,4759.2846435467,187.217660050676,,,,,27.4860771063239,25.0929417826641,15.6689596334712,10.85,,,,,25.9749833916221,,Medium,1
IRQ,Iraq,IQ,2018,5646.68932074742,227.367469034031,,,,,26.6239371974693,24.3521645321187,15.1848270736623,10.86,12.6,3.9,3.0,,24.4834204312244,0.8483930230140686,,1
IRQ,Iraq,IQ,2019,5671.8568632942,233.636097800338,,,,,25.74699132225,23.5887052276563,14.6825314467171,10.85,,,,,27.6121352770907,,,1
IRQ,Iraq,IQ,2020,4295.18945121228,180.898797516874,,,,,24.9058294776419,22.8527810218562,14.2131378159016,10.86,,,,,,,,1
IRQ,Iraq,IQ,2021,4868.49431080783,209.691945713103,,,,,24.1387332946948,22.1742110614641,13.7442272748348,,,,,,,,,1
IRQ,Iraq,IQ,2022,6520.73154560584,287.372232137931,,,,,23.3373371832285,21.4662822702573,13.2972305517403,,,,,,,,,1
IRQ,Iraq,IQ,2023,5965.31835077761,268.881051643549,29.8,0.5,2.4,28.0,22.6162569834139,20.8247556344108,12.8556223659222,,,,,,,,,1
ISL,Iceland,IS,2000,32096.3722613695,9.02566036175842,,,,,4.01439830684974,3.19344166816941,2.11243829886741,3.58,,,,6.4314398765564,29.3445535429169,,,0
ISL,Iceland,IS,2001,28897.4439396908,8.23484680460582,,,,,3.79482550760017,3.01029525795034,1.99468214629734,3.6,,,,6.70592021942139,29.5725673937595,,,0
ISL,Iceland,IS,2002,32409.2161491753,9.31839505485934,,,,,3.59721988532512,2.84519716528292,1.88320573343227,3.62,,,,7.29892015457153,30.4427033316597,,,0
ISL,Iceland,IS,2003,39476.6978486684,11.4293330378443,26.8,0.0,0.1,0.4,3.41606807573367,2.69435309899482,1.78122568055215,3.64,,,,7.24507999420166,31.9399809870368,,,0
ISL,Iceland,IS,2004,47334.9306537723,13.8253025357699,28.0,0.2,0.2,0.4,3.25647927229863,2.56063817010967,1.68604892679072,3.66,,,,7.16118001937866,30.5119648305271,,,0
ISL,Iceland,IS,2005,56794.8501588953,16.8529630670496,29.0,0.0,0.1,0.2,3.11789936008038,2.44400451332432,1.6044933616746,3.68,,,,7.33843994140625,33.3084001371758,,,0
ISL,Iceland,IS,2006,57492.9342498703,17.4653185522941,30.2,0.2,0.3,0.5,2.99994133991319,2.34479015879316,1.53159467786242,3.7,,,,7.19521999359131,32.6414473036405,,,0
ISL,Iceland,IS,2007,69495.7267376825,21.6525055967528,29.5,0.1,0.1,0.3,2.89798770799973,2.25804993002096,1.46941702490582,3.72,,,,6.9443302154541,32.3696975274777,,,0
ISL,Iceland,IS,2008,56943.3704468563,18.0746229870185,31.8,0.1,0.1,0.2,2.81392739981956,2.18554306525967,1.41779123505859,3.74,,,,7.03601980209351,50.8152764024909,,,0
ISL,Iceland,IS,2009,41301.273219718,13.154414219207,28.7,0.1,0.1,0.3,2.74618301391813,2.12553959277558,1.37726154881207,3.75,,,,7.18984985351562,41.655225912802,,,0
ISL,Iceland,IS,2010,43237.0729488958,13.7511619177398,26.2,0.1,0.2,0.6,2.69246148521007,2.07698293335956,1.34945324899937,3.77,,,,6.9442400932312,37.9621517564777,,,0
ISL,Iceland,IS,2011,47714.5922308485,15.2216229259319,26.8,0.2,0.2,0.8,2.65573358773402,2.0406261642453,1.33117843735289,3.79,,,,6.78997993469238,38.4544582354193,,,0
ISL,Iceland,IS,2012,45995.5478789467,14.7515081335443,26.8,0.0,0.1,0.4,2.63158725197355,2.01484558894247,1.32100378012717,3.81,,,,7.58223009109497,37.0690714217926,,,0
ISL,Iceland,IS,2013,49804.9829978371,16.1250605153117,25.4,0.1,0.1,0.2,2.62001424778778,1.99974366723865,1.31686110855614,3.83,,,,7.44868993759155,34.6598035258339,,,0
ISL,Iceland,IS,2014,54576.7448146565,17.8676621778911,27.8,0.0,0.1,0.2,2.614578774266,1.98899304069035,1.3182137601874,3.86,,,,7.6414098739624,34.3342435576371,,,0
ISL,Iceland,IS,2015,52951.6815110898,17.5172105190912,26.8,0.0,0.0,0.2,2.61850502248488,1.98612368800082,1.32291563454775,3.88,,,,7.4579701423645,32.2106446925694,,,0
ISL,Iceland,IS,2016,61987.9263620283,20.7931680309524,27.2,0.0,0.1,0.2,2.63168505631069,1.98898128652538,1.33135314419917,3.9,,,,7.43219995498657,35.4887565854464,,,0
ISL,Iceland,IS,2017,72010.1490316258,24.7282851774603,26.1,0.0,0.0,0.1,2.64732933327783,1.99422716282336,1.3417199999186,3.93,,,,7.58385992050171,31.4502546624909,,,0
ISL,Iceland,IS,2018,74452.1890731447,26.2608505820687,26.6,0.3,0.3,0.6,2.66544433831886,2.00252611955045,1.35419829185328,3.95,,,,7.56349992752075,30.864744351571,,,0
ISL,Iceland,IS,2019,68452.23622306,24.6813436492952,26.8,0.1,0.1,0.4,2.67604165808587,2.00760912643129,1.36261857998881,3.97,,,,7.60129976272583,31.0706971338718,,,0
ISL,Iceland,IS,2020,59023.5663465778,21.6299531940658,,,,,2.67728366680787,2.00785198457402,1.36332199196608,3.99,,,,8.58382987976074,37.0340974122951,,,0
ISL,Iceland,IS,2021,69178.4046960961,25.7703393173897,,,,,2.65938190047675,1.99577566607496,1.35366653737544,,,,,8.20907974243164,35.2922400151264,,,0
ISL,Iceland,IS,2022,75121.0152280628,28.6964531801656,,,,,2.62271004215836,1.9683614037282,1.33342650519755,,,,,7.28923988342285,33.0994746334935,,,0
ISL,Iceland,IS,2023,79960.0961535662,31.4522238619091,,,,,2.57472555404548,1.93518174955117,1.30989596897521,,,,,,32.3041410628728,,,0
ISR,Israel,IL,2000,21706.5194056329,136.512300542025,,,,,6.88596817223933,5.59099702821056,3.58346030173785,9.96,,,,5.94367980957031,40.2428392595452,,,0
ISR,Israel,IL,2001,20966.3052667971,135.002039612906,38.9,0.2,0.7,6.7,6.61547944093881,5.3615092067114,3.45537910784879,9.93,,,,6.19384002685547,42.356296104524,,,0
ISR,Israel,IL,2002,19076.4584298321,125.332331883997,39.6,0.7,2.0,12.0,6.34924454940519,5.13794655575627,3.30610391996302,9.9,,,,6.26308012008667,45.7473535431317,,,0
ISR,Israel,IL,2003,19643.4690380742,131.408914824005,40.7,0.9,2.2,11.2,6.08520262989003,4.91653791999771,3.12694270792559,9.86,,,,6.13924980163574,41.3671180494724,,,0
ISR,Israel,IL,2004,20568.0694088834,140.047984605087,41.5,1.0,2.5,12.7,5.82476721973382,4.70020721144419,2.93452544751615,9.81,,,,5.75651979446411,40.0759316724949,,,0
ISR,Israel,IL,2005,21286.8388636595,147.519922009047,42.3,1.0,1.7,12.0,5.57006202406571,4.49002785391754,2.74548721825163,9.75,,,,5.58064985275269,39.2915800691632,,,0
ISR,Israel,IL,2006,22527.2619795719,158.900547825306,41.6,0.5,1.5,11.5,5.33121270552908,4.29373134266779,2.58777134931233,9.69,,,,5.59034013748169,38.3312504742011,,,0
ISR,Israel,IL,2007,25721.2594077311,184.68121467345,41.1,0.5,1.5,9.5,5.10883343298349,4.11177038121914,2.48867596639649,9.63,,,,5.34945011138916,36.9085620855462,,,0
ISR,Israel,IL,2008,30269.217773489,221.231658862876,41.6,0.7,1.7,9.2,4.90753096665495,3.9477748114146,2.44887632016669,9.58,,,,5.42382001876831,37.4969372592649,,,0
ISR,Israel,IL,2009,28508.4938886475,213.40318185286,42.6,0.7,2.2,10.2,4.72704563676295,3.80140826557109,2.42867668866617,9.54,,,,5.36561012268066,37.9207348611601,,,0
ISR,Israel,IL,2010,31439.0887027614,239.679036634372,42.6,0.5,1.5,10.2,4.56111127058935,3.66711668867623,2.39296245372205,9.49,,,,5.4214301109314,36.5624705305174,,,0
ISR,Israel,IL,2011,34522.5215979073,268.094998225028,41.4,0.3,1.7,9.2,4.40850003630249,3.54340704553534,2.33714583537458,9.45,,,,5.44327020645142,36.1077745336826,,,0
ISR,Israel,IL,2012,33321.4300881602,263.589172712391,41.3,0.7,1.5,8.5,4.26891324976323,3.42997129042789,2.27585473201078,9.4,,,,5.57541990280151,36.2501054846915,,,0
ISR,Israel,IL,2013,37034.3161080785,298.478070673058,39.9,0.5,1.2,6.7,4.14185992572437,3.32713207587955,2.21450680566477,9.35,,,,5.78606986999512,36.164927835,,,0
ISR,Israel,IL,2014,38343.3046626235,315.017088116716,39.8,0.7,1.2,7.2,4.02694789471359,3.23328710560575,2.15239448621391,9.29,,,,5.70907020568848,34.8737307897912,,,0
ISR,Israel,IL,2015,36213.1041481958,303.469434072296,39.7,0.5,1.0,6.7,3.92369679271042,3.14875681607315,2.08999623999457,9.24,,,,5.81091022491455,34.4575468006613,,,0
ISR,Israel,IL,2016,37671.5389138798,321.940971558016,39.0,0.5,1.0,5.7,3.82918895305435,3.07078902440917,2.02667431196413,9.18,,,,5.82047986984253,34.4770513794653,,,0
ISR,Israel,IL,2017,41138.470964272,358.451839052991,38.2,0.7,1.2,5.5,3.73969498634569,2.99681852876332,1.96959307901184,9.12,,,,6.0248498916626,35.5449327749618,,,0
ISR,Israel,IL,2018,42362.6652754196,376.299083108497,38.6,0.7,1.0,4.5,3.65410930899171,2.92581683961104,1.91733625027612,9.07,,,,6.08776998519897,35.8193719010885,,,0
ISR,Israel,IL,2019,44250.6313628073,400.645216358857,38.3,1.0,1.5,5.2,3.57701185538996,2.8612298865677,1.87040910484364,9.03,,,,6.08409023284912,35.2507340669333,,,0
ISR,Israel,IL,2020,44575.5719045492,410.768352657612,37.8,0.7,1.0,4.4,3.51358193337547,2.80774000919633,1.82897237192017,8.98,,,,6.50303983688354,41.7968222478408,,,0
ISR,Israel,IL,2021,52270.9040241956,489.851549972346,37.9,0.7,1.0,4.2,3.46324864320842,2.76475919448783,1.79258846922206,,,,,6.16908979415894,38.1911260679267,,,0
ISR,Israel,IL,2022,54949.621556429,525.18100802557,,,,,3.42311980875297,2.72999424632952,1.76265417951809,,,,,5.93496990203857,35.2457931380657,,,0
ISR,Israel,IL,2023,52003.7200729997,512.184638998974,,,,,3.38533079737447,2.69684023197421,1.73796311308862,,,,,,37.4364799128984,,,0
ITA,Italy,IT,2000,20190.0035636084,1149.66136343937,35.2,1.2,1.7,3.5,5.56620309176568,4.72707439753287,3.47562107101181,6.55,,,,4.27994012832642,39.3753190414545,,,0
ITA,Italy,IT,2001,20570.4385917862,1172.04148880587,,,,,5.29888352468323,4.49760834918944,3.25696418061309,6.58,,,,4.63415002822876,39.8629674197254,,,0
ITA,Italy,IT,2002,22451.3964379368,1281.74627119604,34.7,1.7,1.7,3.2,5.0557244340788,4.28952762886415,3.0661619444466,6.62,,,,4.41520023345947,39.343137327951,,,0
ITA,Italy,IT,2003,27577.5700319855,1582.93001653882,34.9,0.9,1.1,2.3,4.83096724974095,4.09776486438482,2.92987996061676,6.65,,,,4.52655982971191,39.5095420420099,,,0
ITA,Italy,IT,2004,31348.1901841445,1812.80875329475,34.3,0.8,0.9,1.8,4.63433721899005,3.93031705287433,2.82969684338848,6.69,,,,4.37003993988037,38.712773171034,,,0
ITA,Italy,IT,2005,32062.723833669,1864.98226128685,33.8,0.8,1.0,2.1,4.47254370195877,3.79313104426543,2.7317279047751,6.73,,,,4.22292995452881,39.0437931279002,,,0
ITA,Italy,IT,2006,33537.1286994269,1958.56365438564,33.7,0.8,0.9,1.8,4.34103174779415,3.68178158415268,2.619920944222,6.77,,,,4.50463008880615,39.604793801922,,,0
ITA,Italy,IT,2007,37826.1754554823,2222.52410812765,32.9,0.8,1.1,1.9,4.23378040345673,3.5918797806636,2.5252808337381,6.82,,,,4.08762979507446,39.0743870144837,,,0
ITA,Italy,IT,2008,40828.5795580937,2417.50841418719,33.8,0.9,1.1,1.9,4.14187337924247,3.51512520328503,2.47429866126174,6.87,,,,4.37188005447388,40.556207059261,,,0
ITA,Italy,IT,2009,37099.6133958219,2209.48431901265,33.8,1.1,1.3,2.2,4.05548151211546,3.44326092923059,2.45070818491015,6.93,,,,4.50415992736816,44.0374979767778,,,0
ITA,Italy,IT,2010,35856.8625485539,2144.936254535,34.7,1.4,1.6,2.9,3.96417754745648,3.36690444219165,2.41892566767405,6.99,,,,4.31625986099243,42.6929919174617,,,0
ITA,Italy,IT,2011,38432.3742820019,2306.97402027821,35.1,1.3,1.5,2.8,3.86941931084687,3.28749237345321,2.36445884381547,7.05,,,,4.09430980682373,41.8281531942746,,,0
ITA,Italy,IT,2012,34854.3949441965,2097.92949512168,35.2,1.4,1.8,3.2,3.7749665382724,3.20818635852468,2.30085896903615,7.1,,,,4.03481006622315,43.4989070049363,,,0
ITA,Italy,IT,2013,35701.6746002376,2153.22558194146,34.9,1.6,2.0,3.4,3.68469566038312,3.13241641403567,2.2420323580372,7.15,,,,4.12192010879517,43.7480535980426,,,0
ITA,Italy,IT,2014,36028.3494022349,2173.25550798584,34.7,1.4,1.8,3.3,3.59665503709871,3.05854988328794,2.18608453217216,7.18,,,,4.04026985168457,43.5698249256497,,,0
ITA,Italy,IT,2015,30639.8829751432,1845.4280488391,35.4,2.1,2.6,4.0,3.51000872066967,2.98536041009376,2.12926691570427,7.19,,,,4.05422019958496,43.5293517131866,,,0
ITA,Italy,IT,2016,31391.5692898108,1887.11118817693,35.2,1.8,2.3,3.5,3.4185253341699,2.90781294772656,2.0654210641559,7.2,,,,3.795490026474,43.2014022058276,,,0
ITA,Italy,IT,2017,32844.115660604,1970.72090458471,35.9,1.5,1.9,3.5,3.31344202553173,2.81817377908861,1.99078804156885,7.2,,,,4.02662992477417,42.9465753087,,,0
ITA,Italy,IT,2018,34904.1081923834,2099.43526645867,35.2,1.7,2.1,3.3,3.19577331604874,2.71784401961216,1.90669063970735,7.2,,,,4.24093008041382,42.5027354888588,,,0
ITA,Italy,IT,2019,33812.788724868,2019.60679658353,34.6,1.0,1.3,2.9,3.07877888818832,2.61777556923087,1.82485143180503,7.2,,,,4.07843017578125,42.2948307679073,,,0
ITA,Italy,IT,2020,32091.4866621366,1907.48109407923,35.2,0.9,1.2,2.4,2.97409905606829,2.52789201296786,1.75435919158165,7.21,,,,4.41802978515625,50.3444915572159,,,0
ITA,Italy,IT,2021,36852.5425414951,2179.20777359609,34.8,0.9,1.0,1.7,2.88575862202504,2.45212662245944,1.69811357570775,,,,,4.17118978500366,49.6527178126937,,,0
ITA,Italy,IT,2022,35653.9042103495,2104.06763031946,33.7,0.7,0.7,1.6,2.81384849195682,2.38994650581967,1.65532404559947,,,,,4.0698299407959,48.3702644238252,,,0
ITA,Italy,IT,2023,39065.4244365633,2304.60513986279,34.3,0.9,1.0,1.9,2.75590246778776,2.33998956080825,1.62187017288518,,,,,,47.529218022042,,,0
JAM,Jamaica,JM,2000,3453.09252800226,9.00506447493003,,,,,20.5679389723101,18.9326340108863,16.0938373500159,14.87,7.6,3.3,0.0,4.98346996307373,24.7438310311065,,,1
JAM,Jamaica,JM,2001,3503.55026688858,9.19472783107318,,,,,20.0416303722879,18.4952880158833,15.8549345863437,14.83,6.6,3.3,3.8,5.38103008270264,26.8760882004526,,,1
JAM,Jamaica,JM,2002,3680.64551727724,9.71900949484779,48.3,6.4,14.8,46.6,19.6537186998487,18.1779992554888,15.6667512641396,14.79,7.2,2.8,2.5,5.37522983551025,29.9816975698909,,,0
JAM,Jamaica,JM,2003,3549.70758394618,9.43023481078586,,,,,19.386513342818,17.9725254699635,15.5368060015493,14.74,,,,4.25684976577759,31.8172136416227,,,0
JAM,Jamaica,JM,2004,3807.56293124552,10.1746648539476,45.5,4.5,12.0,44.3,19.2445760657427,17.8795667276392,15.4677434223967,14.7,5.9,3.6,5.1,3.91254997253418,30.2543359869977,,,0
JAM,Jamaica,JM,2005,4184.43974867497,11.2438657777131,,,,,19.1658106808299,17.8485952300554,15.4328498873305,14.65,,,,4.61641979217529,27.4534629203343,,Low,0
JAM,Jamaica,JM,2006,4417.00127135363,11.9301790898855,,,,,19.1429102201605,17.8750396094053,15.40782044254,14.61,7.8,3.3,3.8,,28.6236106719569,,,0
JAM,Jamaica,JM,2007,4716.48612542727,12.7996000471845,,,,,19.1573646430171,17.9206914190269,15.3536150631502,14.57,5.4,1.1,2.4,5.49022006988525,28.5533814496314,,,0
JAM,Jamaica,JM,2008,5029.80095281745,13.7094015200326,,,,,19.1517859024768,17.946020977303,15.2888118768468,14.54,8.1,2.4,2.3,6.19131994247437,31.0944272119207,,,0
JAM,Jamaica,JM,2009,4428.38153333557,12.1204581148318,,,,,19.1126320658674,17.9352912639401,15.23129457728,14.51,,,,6.19848012924194,36.3313637668722,,,0
JAM,Jamaica,JM,2010,4809.977380312,13.2205499082494,,,,,19.0831368614391,17.9338722069499,15.1373796871147,14.47,6.3,2.2,3.7,6.37060022354126,28.901745665482,,,0
JAM,Jamaica,JM,2011,5232.63644918132,14.4446615221463,,,,,19.0361987768627,17.9072767729636,15.0205847754618,14.41,,,,6.26664018630981,28.2010759070268,,,0
JAM,Jamaica,JM,2012,5340.83333232158,14.8070865555283,,,,,18.9427290755638,17.8355752864257,14.9050347042264,14.35,5.8,2.9,2.8,6.11246013641357,27.5103722033504,,,0
JAM,Jamaica,JM,2013,5124.21301411137,14.2642051526126,,,,,18.8499081180116,17.7635237711112,14.7407133900458,14.28,,,,6.25108003616333,25.0159858498313,,,0
JAM,Jamaica,JM,2014,4975.11325459872,13.8992176799219,,,,,18.7455649729374,17.6798973300529,14.5177733773595,14.21,4.1,2.4,1.9,6.01586008071899,25.6804618517507,,,0
JAM,Jamaica,JM,2015,5062.8955502426,14.1889369180035,,,,,18.6528782043399,17.6068476196249,14.2728307708583,14.13,,,,5.45522022247315,25.7864695383499,,,0
JAM,Jamaica,JM,2016,5009.79448724295,14.0770966766213,,,,,18.6164005693498,17.5878112575683,14.0861382286798,14.05,10.2,6.1,3.8,5.31461000442505,26.2014403357146,,,0
JAM,Jamaica,JM,2017,5259.31332766957,14.8089851327722,,,,,18.6393266873525,17.6234998516993,14.0095557219132,13.96,,,,5.26016998291016,26.6616007704384,,,0
JAM,Jamaica,JM,2018,5578.10347525832,15.7307928762656,35.3,0.4,2.0,18.3,18.7196521546316,17.7056770037164,14.0318242024091,13.87,5.0,2.8,1.5,5.41380977630615,26.5577947196904,,,0
JAM,Jamaica,JM,2019,5607.24299266608,15.8307665311474,,,,,18.8371103582658,17.8255613830679,14.1221102802926,13.77,,,,5.16364002227783,25.7899378239332,,,0
JAM,Jamaica,JM,2020,4879.44025773374,13.8124218357369,,,,,18.9745779939666,17.9638036388843,14.2530778492205,13.68,,,,5.38065828197341,29.829620488055,,,0
JAM,Jamaica,JM,2021,5165.33782130331,14.6575861594316,39.9,1.4,5.1,22.9,19.131172120412,18.1213042125906,14.3931042145281,,,,,5.63123989105225,,,,0
JAM,Jamaica,JM,2022,6022.15339791763,17.0977606867775,,,,,19.2611340715634,18.2532431475065,14.4971335452093,,,,,5.35435009002685,,,,0
JAM,Jamaica,JM,2023,6839.72502408181,19.4233553672372,,,,,19.328880434224,18.3313425473482,14.5252993028934,,,,,5.65453693979426,,,,0
JOR,Jordan,JO,2000,1570.61002940477,8.4607898448519,,,,,25.7965980903473,22.8681912039349,15.3222739846015,14.64,,,,,27.1192091619851,,,1
JOR,Jordan,JO,2001,1632.29454010563,8.97581465281959,,,,,25.0175279147137,22.2081758793476,15.0041657144473,14.87,,,,,26.9879158351274,,,1
JOR,Jordan,JO,2002,1706.26744384401,9.58251057827927,37.0,1.0,4.2,32.7,24.237295187837,21.5582206404573,14.6638958947154,15.09,22.5,6.8,4.6,,28.3367677362379,,,1
JOR,Jordan,JO,2003,1775.67625581432,10.1956276445698,,,,,23.4772638775019,20.9189823236291,14.2903298322926,15.29,,,,,29.4660174028525,,,1
JOR,Jordan,JO,2004,1940.08641342805,11.411706629055,,,,,22.7327444639608,20.2900883013924,13.8907583870496,15.47,,,,,32.1378338627347,,,1
JOR,Jordan,JO,2005,2087.87079273635,12.5889985895628,,,,,22.0145428842448,19.68036072228,13.4537397396171,15.62,,,,,35.6480236622748,,,1
JOR,Jordan,JO,2006,2342.63459574933,15.0569816643159,33.9,0.3,1.7,22.4,21.3290359819307,19.0974925708352,13.0044897072957,15.75,,,,,32.7536204732375,,,1
JOR,Jordan,JO,2007,2506.20599484139,17.110437235543,,,,,20.669192748063,18.540223151287,12.5528009522376,15.9,,,,,33.8842498330764,,,1
JOR,Jordan,JO,2008,3241.6524135556,22.6587159893302,32.6,0.1,1.2,20.4,20.038269259405,18.0095920337811,12.1129879596519,16.07,,,,,30.4680126289922,,,1
JOR,Jordan,JO,2009,3435.8337590698,24.537876056338,,,,,19.4471636841053,17.5186038585272,11.6943985744186,16.27,14.0,3.3,2.0,,29.2138190272331,,,0
JOR,Jordan,JO,2010,3718.46571622945,27.1338042253521,33.7,0.1,0.9,15.3,18.8858804981346,17.046416124249,11.3077117118907,16.49,,,,3.16850989003323,26.2403308465959,,,0
JOR,Jordan,JO,2011,3946.85503855525,29.5241491549296,,,,,18.345764385993,16.5911272658762,10.9468077629978,16.73,,,,3.59900580598478,28.8477144890018,,,0
JOR,Jordan,JO,2012,4169.50470054618,31.6345616901408,,,,,17.8462087259081,16.1752065420828,10.6121931582234,16.96,14.8,4.2,2.8,3.63716008451231,28.8746412441361,,,0
JOR,Jordan,JO,2013,4311.21916713038,34.4544401408451,,,,,17.3764013985379,15.7838511005628,10.2914805380106,17.18,,,,3.78372228032099,26.2399999345942,,,0
JOR,Jordan,JO,2014,4191.18050084986,36.8476435211268,,,,,16.9143422723158,15.3961027562321,9.98723512695129,17.41,,,,3.76692408663556,27.4877592741813,,,0
JOR,Jordan,JO,2015,4042.75678097555,38.5870178873238,,,,,16.4654228437393,15.0214240391661,9.68628517260696,17.64,,,,3.71272133351629,25.7146982444767,,,0
JOR,Jordan,JO,2016,3986.71677010853,39.8925511267605,,,,,16.0307154087789,14.65774870838,9.38099907407267,17.89,,,,3.45282006263733,25.8578401764743,,,0
JOR,Jordan,JO,2017,4065.61628749384,41.608435915493,,,,,15.6082581932283,14.3007870475289,9.09395418948436,18.13,,,,3.21305990219116,25.5588744285486,,Low,0
JOR,Jordan,JO,2018,4145.43989673265,43.3708607042254,,,,,15.2084045945734,13.9607334016701,8.81066387063186,18.4,,,,2.95461988449097,26.2920735406073,,,0
JOR,Jordan,JO,2019,4170.1144003465,44.5030063380282,,,,,14.8074215132138,13.6251476643824,8.54298670795398,18.66,5.1,2.5,2.5,2.98846006393433,26.2482662787032,,,0
JOR,Jordan,JO,2020,4022.0401356135,43.7003830985916,,,,,14.3938387467522,13.2709254972856,8.28502071106358,18.94,,,,3.55303483980158,28.1652218731959,,,0
JOR,Jordan,JO,2021,4183.49998326866,46.2961001408451,,,,,14.0086293076021,12.9400591572196,8.03582954396994,,,,,3.13837003707886,28.5105084034532,,,0
JOR,Jordan,JO,2022,4332.25159897931,48.7649633802817,,,,,13.6096626015462,12.5915806545217,7.7911600948914,,,,,3.15300011634827,28.7963616454714,,,0
JOR,Jordan,JO,2023,4466.08314208575,51.0884763380282,,,,,13.2122770531217,12.2399941127497,7.56063980452789,,14.6,8.4,1.9,3.51486315596325,28.4369963842512,,,0
JPN,Japan,JP,2000,39169.3595701504,4968.35907595659,,,,,4.50252057826217,3.27868184964641,1.76627556049347,11.19,5.8,2.5,1.7,3.46011996269226,17.1095576406981,,,0
JPN,Japan,JP,2001,34406.1824638092,4374.71169409087,,,,,4.30050994468518,3.13770197658694,1.71779980099977,11.19,,,,3.40082001686096,16.2333992095233,,,0
JPN,Japan,JP,2002,32820.7936433254,4182.84604587361,,,,,4.12694817739188,3.0164989249865,1.658625358271,11.16,,,,3.40898990631104,16.1070602104528,,,0
JPN,Japan,JP,2003,35387.0374203599,4519.56164525353,,,,,3.98158488214877,2.91432628008121,1.58334543371719,11.12,,,,3.46662998199463,15.7293776764486,,,0
JPN,Japan,JP,2004,38298.9801712303,4893.11600565656,,,,,3.85642970302929,2.82565943743031,1.50154753949738,11.09,,,,3.42611002922058,15.0737560136373,,,0
JPN,Japan,JP,2005,37812.8950199948,4831.4670353898,,,,,3.74320097557442,2.74350178870876,1.42288830002981,11.05,,,,3.31493997573852,15.0518407348066,,,0
JPN,Japan,JP,2006,35991.546002862,4601.66312264992,,,,,3.63795461839367,2.66495892483624,1.35000502176896,11.03,,,,3.27667999267578,14.8453333163917,,,0
JPN,Japan,JP,2007,35779.0245416427,4579.75092035481,,,,,3.53884726253789,2.58963734281914,1.28431666210275,11.01,,,,3.27934002876282,14.0037943063894,,,0
JPN,Japan,JP,2008,39876.3039685725,5106.6791151273,34.6,1.0,1.7,3.7,3.4449881020895,2.5177509725497,1.22556574431461,11.02,,,,3.27241992950439,15.2644121011595,,,0
JPN,Japan,JP,2009,41308.9968370512,5289.49311799388,33.0,0.9,1.5,3.2,3.35424916826124,2.44752451683018,1.17003674169405,11.03,,,,,18.2117006884089,,,0
JPN,Japan,JP,2010,44968.1562349739,5759.07176901311,31.5,0.7,1.0,2.0,3.26312547803144,2.37784328967346,1.11663596475536,11.03,7.1,3.4,2.4,3.59951996803284,17.2217468141394,,,0
JPN,Japan,JP,2011,48760.0789494211,6233.14717234135,33.0,0.5,1.2,2.7,3.27603014347955,2.33037640106745,1.06776154449093,11.04,,,,3.60527992248535,18.5956788727445,,,0
JPN,Japan,JP,2012,49145.2804308193,6272.36299610503,32.5,1.5,1.5,2.4,3.06822956570079,2.23241404642776,1.02196794861965,11.05,,,,3.41945004463196,18.1117047475127,,,0
JPN,Japan,JP,2013,40898.6478964744,5212.32818116618,31.5,1.0,1.2,3.7,2.9610255173165,2.15522977241109,0.985368173496106,11.06,,,,3.40875005722046,18.1406509054638,,,0
JPN,Japan,JP,2014,38475.3952461838,4896.99440535329,31.3,0.7,0.9,1.7,2.85571857854497,2.08086929498076,0.953173074314313,11.07,,,,3.41529989242554,17.5741647729135,,,0
JPN,Japan,JP,2015,34960.6393843385,4444.93065196418,30.7,0.4,0.6,2.0,2.75976701616614,2.01488560033771,0.92424719798874,11.09,,,,3.31221008300781,16.9738508264281,,,0
JPN,Japan,JP,2016,39375.4731620781,5003.67762754424,31.8,0.7,1.2,2.6,2.67409816466788,1.95770373952024,0.8982078365514,11.12,,,,3.14643001556396,16.7112446327333,,,0
JPN,Japan,JP,2017,38834.0529341227,4930.83736915142,31.8,0.6,1.2,2.0,2.59636256673955,1.90675677961509,0.877559925212313,11.16,,,,3.13057994842529,16.1953485344611,,,0
JPN,Japan,JP,2018,39751.1330982711,5040.88093932486,32.9,1.0,1.7,3.2,2.52524077781325,1.86084634313044,0.862274889869938,11.2,,,,3.07782006263733,16.0713191758764,,,0
JPN,Japan,JP,2019,40415.9567649547,5117.99385301651,33.0,1.2,1.7,3.7,2.46372768410503,1.82176419484727,0.849731815787588,11.25,,,,3.15533995628357,16.4238978704123,,,0
JPN,Japan,JP,2020,40028.7341726762,5054.06800537628,32.3,1.2,1.5,3.2,2.41376957564972,1.79089906459308,0.836319802640398,11.3,,,,3.30628991127014,23.6059009054084,,,0
JPN,Japan,JP,2021,40094.5599795288,5039.14816886121,,,,,2.37932855176326,1.77120380189752,0.823167765005012,,,,,3.33563995361328,21.6186499931383,,,0
JPN,Japan,JP,2022,34065.6438962526,4262.46331779653,,,,,2.36327140065304,1.76501935231935,0.812243492521563,,,,,,20.9311943137094,,,0
JPN,Japan,JP,2023,33836.1756271617,4213.16723790583,,,,,2.36329370011246,1.77044049014662,0.803725029116986,,,,,,,,,0
KAZ,Kazakhstan,KZ,2000,1180.0444563226,18.2919906620356,,,,,42.4803434843904,35.9822351707588,23.8220521110591,6.63,,,,3.25661993026733,13.721583116838,,,1
KAZ,Kazakhstan,KZ,2001,1422.27331810957,22.1526891798815,36.0,20.7,38.3,77.4,39.9258440156968,33.737581069509,23.2022601502922,6.53,,,,,13.5682160853528,,,1
KAZ,Kazakhstan,KZ,2002,1573.55219932325,24.6365985274437,34.8,16.2,34.2,75.6,37.5775314665117,31.673771154704,22.571038519303,6.42,,,,3.02970004081726,12.6910979763059,,,1
KAZ,Kazakhstan,KZ,2003,1958.02050246511,30.8336929001091,33.7,12.3,28.7,71.0,35.3785424514594,29.7388603354988,21.7156022216756,6.32,,,,,13.887221837463,,,1
KAZ,Kazakhstan,KZ,2004,2722.47407755402,43.1516470026095,31.8,7.6,22.3,68.3,33.250586147928,27.8676141638473,20.7422708939004,6.22,,,,2.25590991973877,14.0707427767027,,,1
KAZ,Kazakhstan,KZ,2005,3577.35804001782,57.1236717338952,39.8,14.6,29.1,64.7,31.1610715236573,26.0356914966043,19.7344974105868,6.13,,,,2.26353001594544,,,,1
KAZ,Kazakhstan,KZ,2006,5030.13494711519,81.003864630018,30.2,2.4,9.0,55.7,29.0478130725009,24.1863124631015,18.5488139675082,6.06,21.6,6.4,3.9,2.62678003311157,,,,1
KAZ,Kazakhstan,KZ,2007,6449.43931096532,104.849915058376,30.1,1.1,4.6,43.3,26.8916066819921,22.3044483953634,17.0566943938184,5.99,,,,2.83138990402222,,,,1
KAZ,Kazakhstan,KZ,2008,8123.54705891736,133.441648851982,28.5,0.8,3.5,42.3,24.6844918962455,20.3895861663009,15.2964246869701,5.93,,,,2.58945989608765,,,,1
KAZ,Kazakhstan,KZ,2009,6938.01175663001,115.30868694138,28.2,0.8,4.2,43.1,22.4885380002309,18.495417803159,13.4709661812537,5.87,,,,3.06071996688843,,,,1
KAZ,Kazakhstan,KZ,2010,8793.07589980782,148.047348240643,28.0,0.5,3.0,37.5,20.3507200765676,16.6595845306645,11.7527488355857,5.82,14.4,3.9,5.1,3.58735481721566,16.4678319854926,,,1
KAZ,Kazakhstan,KZ,2011,11287.1464926039,192.626464617071,28.0,0.2,1.1,23.9,18.3002114986256,14.9086079642247,10.155920377934,5.76,,,,3.6143401736456,15.2070759191101,,,0
KAZ,Kazakhstan,KZ,2012,12018.7966527993,207.998568865789,28.2,0.1,1.0,23.6,16.3480739361345,13.2540043280588,8.65580600634941,5.7,,,,3.90163701288194,15.7960435478034,,,0
KAZ,Kazakhstan,KZ,2013,13478.459627612,236.634603409088,27.1,0.1,0.5,18.0,14.5531835832344,11.7438986969129,7.29790192572397,5.63,,,,3.44564886564109,14.6089815385558,,,0
KAZ,Kazakhstan,KZ,2014,12427.7094576939,221.415613595468,27.0,0.1,0.5,19.3,13.0378415561688,10.4759788864114,6.21631662997791,5.57,,,,3.42903954512824,15.308914994467,,,0
KAZ,Kazakhstan,KZ,2015,10196.1226255982,184.388404706042,26.8,0.1,0.7,22.2,11.8662025331267,9.49576249134223,5.47996207623693,5.52,9.9,3.5,3.1,2.7885799407959,15.487142712709,,,0
KAZ,Kazakhstan,KZ,2016,7475.56688689424,137.278320084171,27.2,0.2,1.3,29.1,11.0434884770144,8.80731368762281,5.03312342123542,5.47,,,,2.97810006141663,16.3309403041021,,,0
KAZ,Kazakhstan,KZ,2017,8943.08416791984,166.805788827233,27.5,0.1,0.8,23.6,10.5477854158198,8.38848977997628,4.79865406896215,5.43,,,,2.75081992149353,19.0261392086365,,,0
KAZ,Kazakhstan,KZ,2018,9472.48527327758,179.339977690484,27.8,0.1,0.5,18.8,10.3155707362224,8.18441937139938,4.71981008251054,5.38,,,,2.61595010757446,14.7050433078792,,,0
KAZ,Kazakhstan,KZ,2019,9457.12614657136,181.667184854501,28.0,0.1,0.5,19.3,10.2161045943455,8.08922369714981,4.73408570496194,5.34,,,,2.8569700717926,16.0642125509365,,,0
KAZ,Kazakhstan,KZ,2020,8781.50797787648,171.082365861423,28.7,0.0,0.4,18.6,10.1191857746263,7.99821254100819,4.78304168653964,5.29,,,,4.44620380169618,16.8328642687514,,,0
KAZ,Kazakhstan,KZ,2021,9983.60103576902,197.112255360612,29.2,0.0,0.3,15.2,9.9898421059869,7.88201278699717,4.77975836573105,,,,,4.38569397571466,17.1165193502456,,,0
KAZ,Kazakhstan,KZ,2022,11255.3396437881,225.496328925494,,,,,9.83080746530065,7.74229826441561,4.6167310880333,,,,,4.36185360851405,16.1647366957137,,,0
KAZ,Kazakhstan,KZ,2023,12879.4275257974,261.840101059923,,,,,9.647649580224,7.58492305017267,4.29230939340774,,,,,4.84984016418457,17.4457811545455,,,0
KEN,Kenya,KE,2000,414.626365130846,12.7053500978044,,,,,96.3355897153505,63.8045212530907,26.6472690309737,11.71,40.8,23.4,7.4,5.1867299079895,,,,1
KEN,Kenya,KE,2001,410.700452474814,12.9860074258781,,,,,91.6253056473469,61.1787692391642,26.3773023324191,11.63,,,,5.20621013641357,,,,1
KEN,Kenya,KE,2002,402.936385605382,13.1477368985176,,,,,86.5996773562187,58.3364577915437,26.0200901506061,11.54,,,,6.17199993133545,,,,1
KEN,Kenya,KE,2003,442.898457253405,14.9045176498476,,,,,81.5651706788904,55.4510857889909,25.6420699422366,11.45,35.8,25.8,6.2,6.49426984786987,,,,1
KEN,Kenya,KE,2004,463.662781300121,16.0953370938365,,,,,76.6165296491927,52.5366030374478,25.2356864653912,11.35,,,,6.79692983627319,,,,1
KEN,Kenya,KE,2005,523.456312433863,18.7378955127378,46.4,44.6,61.9,87.5,71.5338515405265,49.409467603195,24.8415700080061,11.25,40.3,18.0,6.9,7.3356499671936,,,,1
KEN,Kenya,KE,2006,699.80237063381,25.8255122842891,,,,,67.0854218059803,46.8706180471116,24.4740117373447,11.16,,,,7.04983997344971,,,,1
KEN,Kenya,KE,2007,840.201439476765,31.9581951822406,,,,,63.1706394401373,44.9185402924383,24.1325175786288,11.08,,,,,,,,1
KEN,Kenya,KE,2008,915.54435473604,35.8951533278497,,,,,58.1772215821912,42.4295963978206,23.8696592029852,11.0,35.5,25.1,6.9,,,,,1
KEN,Kenya,KE,2009,1047.9678324485,42.3472179129176,,,,,55.3703309334831,41.9258975303954,23.6925633512091,10.94,,,,,,,,1
KEN,Kenya,KE,2010,1091.51873101194,45.4056150637551,,,,,53.4622941930781,41.4444376230567,23.5781222531074,10.87,,,,4.81548976898193,,,,1
KEN,Kenya,KE,2011,1096.14499807675,46.86947315061,,,,,52.1953459631184,41.065273996218,23.5508305872083,10.81,26.3,20.1,6.0,4.70012998580933,,,,1
KEN,Kenya,KE,2012,1285.00536171512,56.3967046715776,,,,,51.2180368003973,41.2592048365244,23.572641636562,10.76,,,,4.93121004104614,,,,1
KEN,Kenya,KE,2013,1370.87885214659,61.6714404078387,,,,,49.9775280339243,40.8667462914158,23.6112884896968,10.71,,,,4.83721017837524,,,,1
KEN,Kenya,KE,2014,1482.81566253497,68.2857965142896,,,,,48.7821057635297,40.1332664429018,23.6123362482243,10.65,26.2,20.1,4.2,4.7172999382019,20.53749523364,1.737376928329468,,1
KEN,Kenya,KE,2015,1489.11959777284,70.1204468968359,40.8,37.7,56.8,85.8,47.4077126680973,39.0785045447219,23.5350135424505,10.56,,,,4.74350023269653,20.7150711505236,,,1
KEN,Kenya,KE,2016,1554.12610314423,74.8151441638931,,,,,46.0241719580997,38.6541642795927,23.3642665308906,10.46,28.6,13.0,6.7,4.89518022537231,22.1909797740547,,,1
KEN,Kenya,KE,2017,1667.48447230835,82.0365108772599,,,,,45.26858073332,38.5067839704825,23.1531847315388,10.34,,,,4.96308994293213,25.1285090916527,,Very_High,1
KEN,Kenya,KE,2018,1836.45275528993,92.2029799852863,,,,,44.2628829517735,37.7992785488742,22.8948574399498,10.2,,,,5.10761976242065,23.6351781584909,,,1
KEN,Kenya,KE,2019,1960.40808854893,100.378436207371,,,,,43.2535333733226,37.2451455496907,22.6419033937932,10.08,,,,5.37359210998097,18.7983198385291,,,1
KEN,Kenya,KE,2020,1927.66459027849,100.657505750545,36.2,44.4,65.6,91.0,42.7785766907303,36.8955109518025,22.3587480705787,9.97,,,,5.04574892454155,19.9941461757389,,,1
KEN,Kenya,KE,2021,2061.35622089594,109.703658904994,38.7,46.4,67.9,91.3,41.9127667725179,36.3560009924248,22.1034564505886,,,,,4.89040202257195,23.5910069698036,,,1
KEN,Kenya,KE,2022,2109.56288513137,114.448978152637,37.7,46.9,67.0,90.9,41.0915613388345,35.7563195519879,21.8357327411475,,17.6,18.7,4.5,4.51101801829815,25.0629334714739,,,1
KEN,Kenya,KE,2023,1952.30457929636,108.038588970595,,,,,39.9020853659561,34.7255115193191,21.5133200232154,,,,,3.96229304413263,27.7060592889122,,,1
KGZ,Kyrgyz Republic,KG,2000,279.621738464365,1.36968849806778,31.0,66.2,82.9,97.6,50.7649594665998,43.9801520587274,20.8632490550063,7.2,,,,,,,,1
KGZ,Kyrgyz Republic,KG,2001,308.41129550148,1.52511637027939,30.2,61.5,79.9,97.7,48.1393207394101,41.7016124016111,20.3273282354177,7.14,,,,,,,,1
KGZ,Kyrgyz Republic,KG,2002,321.726775366804,1.60564310473021,30.3,58.1,79.1,97.5,45.6535634235003,39.549440735685,19.9141594116411,7.07,,,,,,,,1
KGZ,Kyrgyz Republic,KG,2003,380.505828812441,1.91900809049641,28.7,56.6,76.4,97.1,43.3281503407997,37.5318033736332,19.616180331656,7.0,,,,,,,,1
KGZ,Kyrgyz Republic,KG,2004,433.233873286,2.2115345850034,34.8,32.5,54.2,86.8,41.1951749826136,35.6808720473196,19.4296781952799,6.93,,,,,,,,1
KGZ,Kyrgyz Republic,KG,2005,476.548193640077,2.46024676641401,32.6,36.6,61.3,91.2,39.3296468102923,34.0803148397707,19.2885338311817,6.85,,,,,,,,1
KGZ,Kyrgyz Republic,KG,2006,543.113512472219,2.83416888942019,37.4,26.0,47.5,81.9,37.5833806357587,32.5886643062744,19.1712282506956,6.77,20.2,2.5,5.4,,,,,1
KGZ,Kyrgyz Republic,KG,2007,721.771577544361,3.80257055256105,33.9,23.3,45.8,84.2,35.7288991330041,30.9970076669979,18.8229662439153,6.69,,,,,,,,1
KGZ,Kyrgyz Republic,KG,2008,966.388569370494,5.13995890917936,31.5,13.8,34.4,80.6,33.7034642393785,29.2584254870028,18.1977412172259,6.62,,,,,,,,1
KGZ,Kyrgyz Republic,KG,2009,870.198894546917,4.69006138060252,29.9,9.8,31.3,80.1,31.6096999769968,27.4432307308045,17.4544086726387,6.56,26.1,5.5,1.2,,,,Medium,1
KGZ,Kyrgyz Republic,KG,2010,876.954476440354,4.79436186301352,30.1,12.6,32.9,82.5,29.5596214931257,25.6700094699898,16.6303366051806,6.51,,,,,,,,1
KGZ,Kyrgyz Republic,KG,2011,1117.40174350185,6.19776598428468,27.8,9.3,31.9,83.5,27.6693566243245,24.0492842036587,15.8390341983587,6.46,,,,,,,,1
KGZ,Kyrgyz Republic,KG,2012,1168.62244675446,6.60514288436215,27.4,10.5,32.5,85.2,26.0412265815498,22.6516074203166,15.1382272014659,6.4,18.6,5.3,2.7,,,,,1
KGZ,Kyrgyz Republic,KG,2013,1269.66303464348,7.33503380059056,28.8,13.5,37.2,85.1,24.6867146440455,21.4914841469298,14.5603332594481,6.35,,,,,,,,1
KGZ,Kyrgyz Republic,KG,2014,1264.52668823891,7.46810241268237,26.8,8.1,30.8,84.1,23.4506344890742,20.4396352929264,14.0283216702638,6.3,18.1,3.5,3.1,,25.9976655502703,,,1
KGZ,Kyrgyz Republic,KG,2015,1105.65193844261,6.67817751166312,29.0,11.0,34.6,85.1,22.2356780172985,19.3960390239506,13.4787400787209,6.25,,,,,27.2419483499478,,,1
KGZ,Kyrgyz Republic,KG,2016,1103.27489428412,6.8130953791187,26.8,8.0,29.9,83.7,21.0563916304703,18.3912304452694,12.8991126146545,6.21,,,,,27.0350965882562,,,1
KGZ,Kyrgyz Republic,KG,2017,1221.39046807082,7.70293837942036,27.3,8.2,30.5,83.5,19.9906182312549,17.4788461810219,12.3676108640199,6.16,,,,,26.0497698575071,,,1
KGZ,Kyrgyz Republic,KG,2018,1283.5203037417,8.27110623541552,27.7,5.9,26.0,80.3,19.0825646872542,16.6971866230514,11.901006364431,6.12,14.2,1.0,1.5,,25.4852528760826,0.5343056917190552,,0
KGZ,Kyrgyz Republic,KG,2019,1421.99927504102,9.37127526436735,29.7,4.9,23.2,78.9,18.3594370723756,16.0813850907271,11.5462920574856,6.08,,,,,23.2122999587777,,,0
KGZ,Kyrgyz Republic,KG,2020,1229.51766602907,8.27046861424051,29.0,9.4,31.8,81.3,17.8453339507594,15.6402779607476,11.287941508042,6.04,,,,,25.7762999997186,,,0
KGZ,Kyrgyz Republic,KG,2021,1349.99730650542,9.24913394626531,28.8,5.6,23.3,76.9,17.4828937365646,15.3413293567522,11.1094511820138,,8.6,1.0,0.9,,23.4050916041465,,,0
KGZ,Kyrgyz Republic,KG,2022,1739.72018344174,12.1349310179465,26.4,4.5,22.1,76.8,17.2216486582906,15.1268815942206,10.9617140227053,,,,,,23.8319458168086,,,0
KGZ,Kyrgyz Republic,KG,2023,2138.22210211478,15.1808423694894,27.2,2.7,16.4,72.1,16.9818849846389,14.9348501972846,10.8333393048984,,17.4,4.9,2.8,,23.7050047610836,,,0
KHM,Cambodia,KH,2000,296.426687526334,3.69416897932019,,,,,105.946663948928,86.7152251476634,35.2589835391198,14.71,50.4,40.5,17.2,1.64869999885559,,,,1
KHM,Cambodia,KH,2001,327.500984314444,4.14566596992864,,,,,96.4953548667267,79.441518819959,33.4790663839289,14.53,,,,1.6550600528717,,,,1
KHM,Cambodia,KH,2002,350.147276634294,4.50122762662752,,,,,86.729553945163,71.8264741975355,31.5694860170366,14.34,,,,1.62863004207611,8.92794244376012,,,1
KHM,Cambodia,KH,2003,386.691123931778,5.04669348431767,,,,,78.0474391659431,64.9989629703355,29.8265302610146,14.15,,,,,8.57589886862816,,,1
KHM,Cambodia,KH,2004,444.199067529081,5.88329715987352,,,,,70.7914546267392,59.2631203080314,28.2969345499434,13.94,,,,1.56036996841431,7.42161168194734,,,1
KHM,Cambodia,KH,2005,525.797325120926,7.0662964633598,,,,,64.7849817793044,54.5149677980547,26.9404099236874,13.74,43.9,28.4,8.4,,6.76022258114943,,,1
KHM,Cambodia,KH,2006,612.252648550727,8.35053101665753,,,,,59.7515750851296,50.5485050253512,25.7076307929463,13.55,,,,,7.48055524776894,,,1
KHM,Cambodia,KH,2007,731.692295125426,10.1279164598983,,,,,55.3846438539984,47.0756167072938,24.5644037653737,13.38,,,,1.36423003673553,6.99568359728898,,,1
KHM,Cambodia,KH,2008,866.283999789749,12.1743039990812,,,,,51.2563076489433,43.7826481730655,23.4858284389749,13.24,41.2,30.1,9.2,,7.27873986812617,,,1
KHM,Cambodia,KH,2009,875.748936193569,12.5029011697377,,,,,47.3577167378256,40.6407678747384,22.3950401428996,13.12,,,,1.38576996326447,9.12297263605281,,,1
KHM,Cambodia,KH,2010,952.274616324008,13.8086732880696,,,,,43.7471875982689,37.7080005867647,21.3473181971825,12.99,42.0,30.6,10.9,1.24872994422913,8.65662452415554,,,1
KHM,Cambodia,KH,2011,1088.98152823081,16.0326220238265,,,,,40.5045538752937,35.0612563007489,20.2688095915896,12.85,,,,1.20887994766235,8.84350460921608,,,1
KHM,Cambodia,KH,2012,1192.80263041673,17.8265366998016,,,,,37.7170351803377,32.7756405777145,19.279752901745,12.7,,,,1.23062002658844,8.33602397896915,,,1
KHM,Cambodia,KH,2013,1305.6600972686,19.8071352528649,,,,,35.3131233130826,30.7852426578254,18.2003681574784,12.55,,,,1.57648003101349,9.11918133783137,,,1
KHM,Cambodia,KH,2014,1431.56396469993,22.0414639679009,,,,,33.2942775248225,29.105069236507,17.21331740762,12.39,33.8,25.6,10.0,1.44690001010895,9.43642007472864,1.810202836990356,,1
KHM,Cambodia,KH,2015,1547.32010444393,24.1741703690738,,,,,31.6099849922175,27.7072228601602,16.3606504755359,12.22,,,,,8.99396164136395,,,1
KHM,Cambodia,KH,2016,1675.19555711109,26.5565451533573,,,,,30.1553959117005,26.4835588586936,15.6310683090357,12.05,,,,,9.79082136934193,,,1
KHM,Cambodia,KH,2017,1826.35391688754,29.3556659097905,,,,,28.8614764231573,25.3948836772139,14.9681170960711,11.89,,,,,10.7989673791136,,,1
KHM,Cambodia,KH,2018,2036.67377566578,33.1458921688958,,,,,27.7132233311254,24.4204056193996,14.3570406654465,11.73,,,,1.60336995124817,10.7640676815512,,Very_High,1
KHM,Cambodia,KH,2019,2225.87705485686,36.6853564077206,,,,,26.6569750727035,23.5287517322051,13.7591703394512,11.58,,,,2.13345387893978,11.6500918071986,,,1
KHM,Cambodia,KH,2020,2081.73914242939,34.8180739014851,,,,,25.6293728507409,22.6491121264608,13.2175061536753,11.45,,,,2.2476462495972,12.9375804463012,,,1
KHM,Cambodia,KH,2021,2167.40324198499,36.7901636874421,,,,,24.7252921777712,21.873725412242,12.7177057313231,,24.7,18.6,10.3,1.96232691812756,12.5801496236241,,,1
KHM,Cambodia,KH,2022,2325.03050040841,39.9945329596074,,,,,23.8291727913741,21.1181624367192,12.2715030896226,,,,,1.95793279576416,11.776416290612,,,1
KHM,Cambodia,KH,2023,2429.74853452838,42.3356468957984,,,,,22.8970886646212,20.3168599053383,11.8282846797856,,,,,2.1809128340295,12.9497206702999,,,1
KIR,Kiribati,KI,2000,845.367240231973,0.0749105272586758,,,,,66.364107851522,49.1114746021797,27.2108667782133,9.24,,,,10.0424404144287,,,,1
KIR,Kiribati,KI,2001,718.833787096781,0.0649358501573877,,,,,64.5769276156579,47.6677488987076,26.5255058249694,9.25,,,,11.649169921875,,,,1
KIR,Kiribati,KI,2002,810.10870037444,0.0747438691313473,,,,,63.0809370276937,46.4607365308364,25.867117544171,9.27,,,,,,,,1
KIR,Kiribati,KI,2003,1020.50033851394,0.0961056193795504,,,,,61.9806015089872,45.5565476667427,25.3328051577323,9.29,,,,,,,,1
KIR,Kiribati,KI,2004,1083.2688987175,0.10408589213327,,,,,61.2557952381216,44.878308250628,24.9006090716601,9.31,,,,,,,,1
KIR,Kiribati,KI,2005,1161.78341739977,0.113895437324786,,,,,60.726383201571,44.3849671923971,24.5420644702,9.34,,,,,,,,1
KIR,Kiribati,KI,2006,1123.19258990684,0.112338353264712,37.0,21.3,40.0,82.7,60.277453715615,43.9650770970612,24.2359922182442,9.36,,,,,,,,1
KIR,Kiribati,KI,2007,1352.57814048911,0.138054945643442,,,,,59.8534636238665,43.5475941469753,24.0014815710649,9.37,,,,,,,,1
KIR,Kiribati,KI,2008,1410.62246914058,0.14701789497877,,,,,59.2994402223946,43.0294885676306,23.7525619367235,9.4,,,,,,,,1
KIR,Kiribati,KI,2009,1316.62753853678,0.140177384145395,,,,,58.7328471029256,42.5472076143225,23.5478183192171,9.42,,15.1,,,,,,1
KIR,Kiribati,KI,2010,1522.10068744154,0.165458433127645,,,,,58.1951091066131,42.0951458458473,23.4599610396313,9.42,,,,,,,,1
KIR,Kiribati,KI,2011,1771.12926848792,0.195970140170383,,,,,57.9161889428971,41.8177413423092,23.4062571697343,9.39,,,,,59.2838957964227,,,1
KIR,Kiribati,KI,2012,1843.55336349889,0.207001545867109,,,,,57.8005063249845,41.6779171326177,23.39889946549,9.31,,,,12.499488,62.1622654328207,,,1
KIR,Kiribati,KI,2013,1772.08718317132,0.201730860757856,,,,,57.9674158630657,41.6980472108243,23.4067276892642,9.23,,,,12.0902942583732,60.2023223273187,,,1
KIR,Kiribati,KI,2014,1736.70535682101,0.20028728198074,,,,,58.4100560612956,41.9416897487469,23.4944839624062,9.14,,,,11.513136036036,55.2459586064333,,,1
KIR,Kiribati,KI,2015,1639.85274740652,0.191559398688293,,,,,58.9219134483249,42.2493526635801,23.5900300294426,9.08,,,,10.7683901960784,58.7347772555639,,,1
KIR,Kiribati,KI,2016,1742.66799324117,0.206467818503226,,,,,59.5126276399862,42.6197627730876,23.7093288758327,9.05,,,,11.646473381295,61.3968365764947,,,1
KIR,Kiribati,KI,2017,1853.05122713319,0.222875736343445,,,,,59.8567654009661,42.821641440008,23.8360471544552,9.03,,,,11.4761649484536,64.4148054170769,,,1
KIR,Kiribati,KI,2018,1912.73809378187,0.233514717441266,,,,,59.8260172594512,42.7517525427503,23.8592978099919,9.03,15.2,6.9,3.5,12.9204194888179,61.7114175803396,1.424580693244934,,1
KIR,Kiribati,KI,2019,1750.9977188915,0.216985388322754,27.8,6.1,22.0,74.9,59.2997770024295,42.4018778673405,23.6826403582737,9.03,,,,14.5197413461539,70.0780797246063,,,1
KIR,Kiribati,KI,2020,1751.7823197053,0.220897998732517,,,,,58.5783560475941,41.9337897560984,23.4040131864044,9.03,,,,16.2303756141975,75.9719291764723,,,1
KIR,Kiribati,KI,2021,2222.04829512346,0.285259893983064,,,,,57.6005780379831,41.3139546881155,23.0835552315626,,,,,13.9871516883117,84.116350433401,,,1
KIR,Kiribati,KI,2022,2069.76720110559,0.270040456961045,,,,,56.4568325855418,40.5870884801718,22.7432138294377,,,,,14.7860312820513,81.8840619865705,,,1
KIR,Kiribati,KI,2023,2177.70114080416,0.288610732190775,,,,,55.1416191163788,39.7173150903885,22.4125415305035,,,,,16.39053,84.5644573474675,,,1
KNA,St. Kitts and Nevis,KN,2000,9319.65545093525,0.421695769843918,,,,,23.8687646009302,20.1590132171644,15.2424932506054,,,,,4.74038982391357,25.9442256294838,,,1
KNA,St. Kitts and Nevis,KN,2001,10022.5919235637,0.458643829014199,,,,,22.9097278688622,19.3793516206328,14.6246407878469,,,,,4.4215497970581,24.8161021744402,,,1
KNA,St. Kitts and Nevis,KN,2002,10453.6587064313,0.481077373669966,,,,,21.9825697037911,18.6202668727092,14.007772361592,,,,,3.92051005363464,21.0446127881259,,,1
KNA,St. Kitts and Nevis,KN,2003,10175.6295449989,0.46986986986987,,,,,21.111674993861,17.912023972133,13.4052854152223,,,,,3.79099011421204,21.5019173412867,,,1
KNA,St. Kitts and Nevis,KN,2004,10944.6183741768,0.5069,,,,,20.3275638422062,17.2769997609799,12.8463211126203,,,,,3.9713499546051,21.0505395906856,,,1
KNA,St. Kitts and Nevis,KN,2005,11783.7867154145,0.547203703703704,,,,,19.7142918055142,16.7906640057579,12.3959114006466,,,,,3.83144998550415,22.1403261024062,,,0
KNA,St. Kitts and Nevis,KN,2006,13837.8495311219,0.644414814814815,,,,,19.2420077369622,16.4145231305258,12.0510485340611,,,,,4.05925989151001,20.4813205779576,,,0
KNA,St. Kitts and Nevis,KN,2007,14757.9579751035,0.689285185185185,,,,,18.9330784561689,16.1685841630798,11.8298042557008,,,,,4.1938099861145,20.3550105047097,,,0
KNA,St. Kitts and Nevis,KN,2008,16604.9448615905,0.777692592592592,,,,,18.7719843610238,16.0657811545812,11.6896811538558,,,,,,25.5376522985851,,,0
KNA,St. Kitts and Nevis,KN,2009,16503.4119292794,0.774274074074074,,,,,18.7411250310669,16.071932394748,11.641368532383,,,,,,26.0817364891368,,,0
KNA,St. Kitts and Nevis,KN,2010,16622.9457908577,0.778718518518517,,,,,18.7924773231584,16.1449066197276,11.6713394958314,,,,,2.54554015619203,25.2142646513265,,,0
KNA,St. Kitts and Nevis,KN,2011,17832.4572919975,0.836092592592592,,,,,18.9319191095471,16.3052507895892,11.765372903256,,,,,2.49706527276352,26.3536290947751,,,0
KNA,St. Kitts and Nevis,KN,2012,17532.0559008608,0.824585185185185,,,,,19.1024880149631,16.4835635151317,11.9190937691277,,,,,2.49200145387318,24.5447767227517,,,0
KNA,St. Kitts and Nevis,KN,2013,18580.1301949935,0.874548148148148,,,,,19.3100024820088,16.6954533737754,12.0721254187333,,,,,3.26205857202123,23.7405136197317,,,0
KNA,St. Kitts and Nevis,KN,2014,20219.3954237956,0.952111111111111,,,,,19.4712539142819,16.8604204362682,12.2072543539193,,,,,2.85307503792741,24.1926323569456,,,0
KNA,St. Kitts and Nevis,KN,2015,20328.8003530109,0.957222222222222,,,,,19.4468117215974,16.8692944566721,12.2487350744948,,,,,2.54938006401062,24.7161926871735,,,0
KNA,St. Kitts and Nevis,KN,2016,21387.5415511103,1.00681851851852,,,,,19.2508001047963,16.7216664736897,12.1803039456232,,,,,3.00076147453842,25.8452551307566,,,0
KNA,St. Kitts and Nevis,KN,2017,22464.9899633959,1.05697777777778,,,,,18.9524456348679,16.4910720539868,12.0280234747815,,,,,2.77100327979144,22.9249011857708,,,0
KNA,St. Kitts and Nevis,KN,2018,22901.3816403197,1.07654814814815,,,,,18.624693976208,16.2314946092757,11.7890960463619,,,,,3.03524983830349,,,,0
KNA,St. Kitts and Nevis,KN,2019,23595.4923231291,1.10785555555556,,,,,18.2255215938583,15.9081118559787,11.5237871145064,,,,,2.72889566429639,,,,0
KNA,St. Kitts and Nevis,KN,2020,18859.0190361046,0.883922222222221,,,,,17.7372703715559,15.5084414272152,11.2319179621554,,,,,3.10568635584663,26.7494626224027,,,0
KNA,St. Kitts and Nevis,KN,2021,18361.1449697886,0.858622222222222,,,,,17.2357464470763,15.0890343474862,10.9196837336875,,,,,2.78379011154175,,,,0
KNA,St. Kitts and Nevis,KN,2022,20985.0112160159,0.980188888888889,,,,,16.7530136473449,14.6874395728855,10.6007485562601,,,,,3.5579615526858,,,,0
KNA,St. Kitts and Nevis,KN,2023,22600.4502299468,1.05675185185185,,,,,16.2776270747926,14.2898530979713,10.3012569001375,,,,,3.49726171629099,,,,0
KOR,"Korea, Rep.",KR,2000,12257.0206622345,576.179387819613,,,,,7.54817757512849,5.83445031795543,3.39282883465764,4.97,,,,,15.3909205836893,,,0
KOR,"Korea, Rep.",KR,2001,11561.2071745115,547.656279894587,,,,,7.14636017389728,5.53237941368249,3.18846664727901,5.06,,,,,16.3307638680758,,,0
KOR,"Korea, Rep.",KR,2002,13165.08362497,627.246933729618,,,,,6.77137222522169,5.25137724196366,3.00966458509781,5.15,,,,,15.4395316010512,,,0
KOR,"Korea, Rep.",KR,2003,14672.8057539465,702.714855193904,,,,,6.39177314182638,4.96805457551676,2.82678810452612,5.25,2.5,0.9,0.9,,17.3011263905227,,,0
KOR,"Korea, Rep.",KR,2004,16496.1316167114,793.175561887027,,,,,5.9837470921921,4.6623379399091,2.61693489208016,5.34,,,,,17.1688367256719,,,0
KOR,"Korea, Rep.",KR,2005,19402.5026259549,934.901071332984,,,,,5.5676665370607,4.3503688998417,2.3946769279401,5.44,,,,,17.8194675469514,,,0
KOR,"Korea, Rep.",KR,2006,21743.4774514254,1053.21690988756,31.7,0.5,0.7,2.7,5.17524892436328,4.05595550829942,2.18781524252676,5.54,,,,,18.5519015236155,,,0
KOR,"Korea, Rep.",KR,2007,24086.4104391677,1172.61408653986,,,,,4.82813902167327,3.79684146094068,2.01332935810248,5.65,,,,,18.0211172253515,,,0
KOR,"Korea, Rep.",KR,2008,21350.427979823,1047.33901022525,32.3,0.5,0.7,2.2,4.53878787330403,3.58230621870544,1.8802472074034,5.76,,,0.7,,18.317231472605,,,0
KOR,"Korea, Rep.",KR,2009,19143.8516053025,943.941876218743,,,,,4.30907608985014,3.41460694070845,1.79875468478744,5.88,,,,,19.3022879479722,,,0
KOR,"Korea, Rep.",KR,2010,23079.2601257735,1143.67224114972,32.0,0.5,1.0,2.7,4.12840245842878,3.28531893553636,1.75272653685478,6.0,,,,,17.6271254923594,,,0
KOR,"Korea, Rep.",KR,2011,25097.595426845,1253.28953750081,,,,,3.97740189413484,3.17911598945464,1.72818245807278,6.12,1.3,0.8,0.5,,18.1357749652036,,,0
KOR,"Korea, Rep.",KR,2012,25459.1689000965,1278.04653628701,31.6,0.5,0.7,2.2,3.84580282410149,3.0878517872501,1.71014436126276,6.25,,,,,24.6334415518133,,,0
KOR,"Korea, Rep.",KR,2013,27179.5170146052,1370.6329553212,,,,,3.72637671592622,3.00527479881515,1.69106899549548,6.39,,,,,24.0326099261397,,,0
KOR,"Korea, Rep.",KR,2014,29252.9312377352,1484.4885262718,31.2,0.2,0.5,2.0,3.6166794619151,2.92943041346824,1.66385797638181,6.53,1.6,1.0,0.6,,23.6188944543038,,,0
KOR,"Korea, Rep.",KR,2015,28737.4391706499,1466.03893620643,,,,,3.51352788593806,2.85747858190446,1.62899315821061,6.67,,,,4.45423984527588,23.4894294290035,,,0
KOR,"Korea, Rep.",KR,2016,29280.4403170048,1499.67982390961,35.2,0.2,0.5,1.2,3.41641029709841,2.78945327304957,1.59608113499917,6.82,,,,4.33309984207153,23.5045488696898,,,0
KOR,"Korea, Rep.",KR,2017,31600.7358741365,1623.07418350189,34.9,0.2,0.2,1.2,3.32452785935286,2.72430205554589,1.56224734099484,6.97,2.3,0.9,0.9,4.32823991775513,23.9628732652167,,,0
KOR,"Korea, Rep.",KR,2018,33447.1562836166,1725.37349682543,33.7,0.2,0.2,1.0,3.23165545721146,2.65720769336058,1.5164511740382,7.13,,,,4.45807981491089,24.9180357987045,,,0
KOR,"Korea, Rep.",KR,2019,31902.4169048194,1651.42293244777,33.2,0.2,0.2,0.5,3.13468365269099,2.58600859574421,1.44942613640355,7.29,,,,4.68465995788574,27.5124513514783,,,0
KOR,"Korea, Rep.",KR,2020,31721.2989141857,1644.31283190617,32.7,0.0,0.2,0.5,3.03479198094647,2.511218772454,1.36759479029996,7.46,0.9,0.4,0.2,4.8017201423645,29.7259285261153,,,0
KOR,"Korea, Rep.",KR,2021,35125.5224984723,1818.43210688004,32.9,0.2,0.2,0.5,2.9387543997093,2.43926108898011,1.2898324353132,,,,,4.86627006530762,30.4912143759034,,,0
KOR,"Korea, Rep.",KR,2022,32394.6833725203,1673.91651179971,,,,,2.84745655776611,2.36988131925379,1.22447079232631,,,,,5.81446981430054,33.6430322591716,,,0
KOR,"Korea, Rep.",KR,2023,33121.3712885508,1712.79285420237,,,,,2.7607253167146,2.30411233737027,1.1711105943757,,,,,,30.5053798203587,,,0
KWT,Kuwait,KW,2000,19296.3471698729,37.7187434800751,,,,,12.7372143111178,10.6415392402791,6.58259529540142,10.13,,,,,,,,0
KWT,Kuwait,KW,2001,17374.2318664227,34.8895598698326,,,,,12.5264982393404,10.4741402587646,6.395569176695,10.29,3.9,2.2,2.1,6.5858302116394,43.5046728971963,,,0
KWT,Kuwait,KW,2002,18512.7523035862,38.1357884138276,,,,,12.3380235176319,10.3286831211887,6.21808569910695,10.46,3.6,2.1,2.2,6.551109790802,41.4150129421915,,,0
KWT,Kuwait,KW,2003,22690.655175144,47.874582231588,,,,,12.1367425476109,10.1744982977423,6.05093458770234,10.63,4.0,2.3,2.6,,37.7859706179208,,,0
KWT,Kuwait,KW,2004,27552.2827399787,59.4390906006108,,,,,11.9337795791492,10.0200134855526,5.91237331700093,10.81,4.1,2.8,3.4,5.53506994247437,35.2749090867572,,,0
KWT,Kuwait,KW,2005,36122.6142741227,80.7986301369863,,,,,11.7426674650488,9.87671661873359,5.82297768188964,11.0,4.5,2.6,3.3,4.73833990097046,28.5124527406202,,,0
KWT,Kuwait,KW,2006,42946.6374104066,101.557330723423,,,,,11.5711886342891,9.75139189906314,5.76882119665011,11.19,4.8,2.9,3.0,3.75997996330261,34.5543697721373,,,0
KWT,Kuwait,KW,2007,45709.4132876371,114.634043361692,,,,,11.4107769570335,9.6349055210037,5.73101718590244,11.38,5.1,2.9,3.5,,,,,0
KWT,Kuwait,KW,2008,55585.1889344442,147.379737229753,,,,,11.2495355663865,9.51742075327598,5.68288923525466,11.57,5.1,2.4,2.3,,,,,0
KWT,Kuwait,KW,2009,37907.1001320042,105.968691905415,,,,,11.0296515573124,9.34883897871371,5.60780989582983,11.76,3.8,1.7,1.8,,,,,0
KWT,Kuwait,KW,2010,39212.2522190461,115.416245238478,,,,,10.7127886807334,9.09737715171331,5.49140565471385,11.97,4.0,1.7,2.4,,,,,0
KWT,Kuwait,KW,2011,49169.6063983139,154.039231299127,,,,,10.3258464240514,8.78541304362326,5.35131297830428,12.18,4.1,2.1,1.7,,,,,0
KWT,Kuwait,KW,2012,52155.2225460479,174.047662555419,,,,,9.94032127714118,8.4712137441626,5.207763000231,12.4,4.3,2.1,2.4,,,,,0
KWT,Kuwait,KW,2013,49651.0439709448,174.168116687215,,,,,9.59686340544687,8.19190995807736,5.08392758358042,12.64,5.6,3.6,2.8,,,,,0
KWT,Kuwait,KW,2014,44368.781373043,162.650450784686,,,,,9.31638408469056,7.96444779332844,4.99428699479019,12.89,5.9,3.0,2.5,,,,,0
KWT,Kuwait,KW,2015,29882.2126867068,114.585555830916,,,,,9.1109643223655,7.80067683709889,4.96026584454999,13.15,5.2,3.2,3.0,,,,,0
KWT,Kuwait,KW,2016,27323.6890643847,109.406674087947,,,,,8.97514620748421,7.69753112466234,4.96549157323395,13.41,6.3,3.3,2.3,5.95593958839578,,,,0
KWT,Kuwait,KW,2017,29047.6535822842,120.687539675517,,,,,8.90078107633561,7.64500713036993,4.9864290600978,13.66,5.8,3.6,2.4,6.35444222156987,,,,0
KWT,Kuwait,KW,2018,32067.9623689512,138.646316321596,,,,,8.87172562837812,7.63198695804724,5.00645784239101,13.9,7.0,3.3,2.2,6.39165256830382,,,,0
KWT,Kuwait,KW,2019,31707.8737464917,140.856394870019,,,,,8.86690831214716,7.63804707261731,5.00726677204569,14.14,4.6,2.0,1.7,6.72789551402991,,,,0
KWT,Kuwait,KW,2020,25236.0755520534,111.045470461207,,,,,8.87007139180448,7.65180848067909,4.97909326171848,14.37,3.8,1.8,1.9,6.24513034913966,,,,0
KWT,Kuwait,KW,2021,34018.6342879647,148.350671614185,,,,,8.85686626244616,7.64993511622548,4.93230718565921,,4.3,2.4,3.2,7.76246706467929,,,,0
KWT,Kuwait,KW,2022,39981.7690981957,183.50204666915,,,,,8.82170099780834,7.62987764050665,4.88222930356119,,4.6,2.9,3.4,6.58236499988891,,,,0
KWT,Kuwait,KW,2023,34075.8490439847,165.384407267056,,,,,8.75081279550874,7.57783607024478,4.83551044221129,,3.2,2.8,3.5,5.0262608311279,,,,0
LAO,Lao PDR,LA,2000,318.749852236965,1.73119802246763,,,,,107.50361133026,86.8221806891286,38.3807930533373,17.68,47.5,35.6,17.5,1.50369000434876,,,,1
LAO,Lao PDR,LA,2001,320.316005439568,1.76861905834647,,,,,103.363010049986,84.1453570007616,37.5126581516631,17.61,,,,1.9902800321579,,,,1
LAO,Lao PDR,LA,2002,313.350817148131,1.75817665307746,32.6,43.1,68.5,93.6,99.1363616037267,81.3098767380868,36.5851965140062,17.55,,,,2.82522010803223,,,,1
LAO,Lao PDR,LA,2003,355.097216151461,2.02332440728414,,,,,94.9285871490987,78.4476602128126,35.6394658832759,17.49,,,,,,,,1
LAO,Lao PDR,LA,2004,409.296298284117,2.36639811986321,,,,,90.8486289531893,75.6235333215038,34.7128691360529,17.44,,,,2.41300010681152,,,,1
LAO,Lao PDR,LA,2005,466.061506997741,2.7355587347379,,,,,86.7744938820847,72.7228115004366,33.7511092824779,17.39,,,,2.4140899181366,,,,1
LAO,Lao PDR,LA,2006,579.391947440719,3.4550300609785,,,,,82.7265059157494,69.7815156831622,32.7582497092498,17.35,47.7,31.6,7.4,2.95879006385803,,,High,1
LAO,Lao PDR,LA,2007,697.323013673925,4.22315273904052,35.4,36.0,61.1,90.2,78.8356833070396,66.9125700505585,31.7942750632332,17.33,,,,3.07841992378235,,,,1
LAO,Lao PDR,LA,2008,885.747376088762,5.44643315740114,,,,,75.0200366999838,64.0650933820745,30.7802119883848,17.31,,,,2.27854990959167,10.7844255217939,,,1
LAO,Lao PDR,LA,2009,935.03237283283,5.83613732963305,,,,,71.3637302393408,61.300827202227,29.8189723923335,17.29,,,,1.65485000610352,11.516140145793,,,1
LAO,Lao PDR,LA,2010,1125.91610151261,7.13177101470456,,,,,67.9651014729063,58.7102531105515,28.8701069622481,17.26,,,,1.70978999137878,11.0270983449829,,,1
LAO,Lao PDR,LA,2011,1361.54704394913,8.75010461717303,,,,,64.6669352467831,56.1419313687567,27.9532376875532,17.24,44.2,26.6,5.9,1.70801997184753,10.7431744902983,,,1
LAO,Lao PDR,LA,2012,1563.5650771337,10.1928463394029,36.0,21.7,43.2,82.5,61.5325495247157,53.6974454312909,27.0350700587616,17.2,,,,1.82147002220154,10.9849961277883,,,1
LAO,Lao PDR,LA,2013,1812.51774424651,11.9832526265452,,,,,58.5652477777551,51.3685558475496,26.1885573780561,17.16,,,,3.23380994796753,16.8133673347985,,,1
LAO,Lao PDR,LA,2014,1981.03910900473,13.2792458863854,,,,,55.7835159872628,49.1814141628612,25.3599247081849,17.12,,,,2.93780994415283,15.4860759577741,,,1
LAO,Lao PDR,LA,2015,2121.01339097363,14.4263801256488,,,,,53.2223850485535,47.1388264728313,24.574734512148,17.07,35.5,25.5,9.7,2.73689787884215,14.8922832872787,,,1
LAO,Lao PDR,LA,2016,2303.22156035363,15.9125017226143,,,,,50.8859721573136,45.2381334365236,23.8888893909824,17.01,,,,2.77442976110388,13.8677242784984,,,1
LAO,Lao PDR,LA,2017,2432.43059478511,17.0711554814994,,,,,48.7843387724554,43.5020787990981,23.2482378048395,16.94,33.1,21.1,9.0,2.49797261414021,12.3355348883473,1.353482484817505,,1
LAO,Lao PDR,LA,2018,2545.1075420815,18.1416410897963,38.8,15.7,35.0,75.3,46.8372713039163,41.8637008210925,22.6436240650476,16.88,,,,2.33501229018316,12.310264175207,,,1
LAO,Lao PDR,LA,2019,2589.32081035237,18.7405615125555,,,,,45.0711260223207,40.3770603951744,22.0271258539379,16.8,,,,2.12201393748998,12.4478555242012,,,1
LAO,Lao PDR,LA,2020,2583.77730696131,18.9818052502424,,,,,43.4424522217324,38.993456037926,21.4797745771175,16.73,,,,1.91597273223857,11.447710373245,,,1
LAO,Lao PDR,LA,2021,2526.05105018529,18.8271485309347,,,,,41.8952947553333,37.6698116745292,20.976567198729,,,,,1.85949176876536,10.7627930320176,,,1
LAO,Lao PDR,LA,2022,2046.40440255621,15.4687852037532,,,,,40.4312097804571,36.4068493653101,20.5013913929404,,,,,1.46083440434069,10.3160241648868,,,1
LAO,Lao PDR,LA,2023,2066.94979776957,15.8431557312552,,,,,39.0013593789495,35.1656746378214,20.0271542681157,,32.8,24.3,10.7,1.23375160355741,,,,1
LBN,Lebanon,LB,2000,3986.83513941026,17.2603648424544,,,,,19.8787319940519,17.5600686070597,11.9706196797949,12.34,,,,,30.510760953113,,,1
LBN,Lebanon,LB,2001,4009.55929751102,17.6497512437811,,,,,18.8515704264775,16.6428443889696,11.3490199203242,12.38,,,,,29.0092832713196,,,0
LBN,Lebanon,LB,2002,4290.85283803266,19.1522388059701,,,,,17.8362267054957,15.739754598193,10.7193537266378,12.43,,,,,28.3520365752286,,,0
LBN,Lebanon,LB,2003,4437.71588507526,20.0829187396352,,,,,16.8752831075442,14.8810823653896,10.1246870131621,12.46,,,,,30.4722658843931,,,0
LBN,Lebanon,LB,2004,4600.68371412993,21.1598279920398,,,,,15.962214870052,14.06820445114,9.55529577611729,12.43,16.5,4.2,6.6,,26.84613985077,,,0
LBN,Lebanon,LB,2005,4602.19804637945,21.4973364988391,,,,,15.1526652521219,13.3503983489582,9.04511183607575,12.39,,,,,26.8439816763272,,,0
LBN,Lebanon,LB,2006,4635.2514117486,22.0227098514096,,,,,14.4300036493715,12.7036294780762,8.60784248056427,12.34,,,,,31.7123902914344,,,0
LBN,Lebanon,LB,2007,5125.25809960149,24.8273550149254,,,,,13.8326901899724,12.1695397564681,8.23229581176154,12.25,,,,,31.5711063142009,,,0
LBN,Lebanon,LB,2008,5912.04532820842,29.1189161054726,,,,,13.332726236104,11.7216572023657,7.94191261052307,12.2,,,,,30.5491605950214,,,0
LBN,Lebanon,LB,2009,7090.85493856621,35.3995829286899,,,,,12.9507041518646,11.3822539862088,7.70075871540439,12.16,,,,,28.7852621332844,,,0
LBN,Lebanon,LB,2010,7625.81051551165,38.4439070421227,,,,,12.6727444209685,11.1309723495582,7.53052566367332,12.14,,,,,25.8433428793157,,,0
LBN,Lebanon,LB,2011,7834.96257108993,39.9271259615257,31.8,0.1,0.3,5.5,12.4996118549555,10.973408190552,7.40981735699402,12.16,,,,,26.3970134807849,,,0
LBN,Lebanon,LB,2012,8406.98405608118,44.0167995157546,,,,,12.4083428481349,10.8870703241179,7.36192273427091,12.2,,,,,26.7992055311946,,,0
LBN,Lebanon,LB,2013,8162.37929361396,46.880103080597,,,,,12.4280764589662,10.8978551278783,7.35826427984126,12.26,,,,,26.6919929961178,,,0
LBN,Lebanon,LB,2014,7577.6413302369,48.0952137466003,,,,,12.5412449374727,10.9928784984039,7.41275095850951,12.31,,,,,25.9468799781231,,,0
LBN,Lebanon,LB,2015,7714.1099998804,49.9293378368159,,,,,12.7421494210307,11.1627029946646,7.53818230005812,12.37,,,,,22.8975511838178,,,0
LBN,Lebanon,LB,2016,8089.012088155,51.1473087741294,,,,,13.055116137228,11.4328983356269,7.72133185292562,12.42,,,,,25.847004898603,,,0
LBN,Lebanon,LB,2017,8608.21084982387,53.0276806859038,,,,,13.4794247805927,11.7998728733897,7.98686580874439,12.47,,,,,25.9835892601139,,,0
LBN,Lebanon,LB,2018,9174.53666204759,54.9015191555556,,,,,14.0259959947325,12.2745840237969,8.33270861098987,12.52,,,,,29.3461967656781,,,0
LBN,Lebanon,LB,2019,8905.88005497437,51.6059591312741,,,,,14.684220511523,12.8412919150011,8.77072334079747,12.57,,,,,29.1875576254008,,,0
LBN,Lebanon,LB,2020,5561.19166950397,31.7121282537961,,,,,15.4569811176429,13.5169230580854,9.29067436895154,12.6,,,,,14.9448707575471,,,0
LBN,Lebanon,LB,2021,4045.37391066234,23.1319415567843,,,,,16.340440433725,14.2811282352387,9.87314053040472,,7.0,3.4,1.4,,6.29571108447612,,,0
LBN,Lebanon,LB,2022,3654.35845534878,20.9924219488081,35.3,5.9,16.0,50.7,17.3097193713219,15.1243749177179,10.508831646302,,,,,,,,,0
LBN,Lebanon,LB,2023,3477.72489842684,20.0786203569931,,,,,18.3135908493755,15.9958206206631,11.1381012829091,,13.9,5.1,1.3,,,,,0
LBR,Liberia,LR,2000,298.485340578945,0.874,,,,,192.380611173509,123.933967391442,48.9099262097059,19.33,50.3,25.7,7.9,,,,,1
LBR,Liberia,LR,2001,300.463828598983,0.906,,,,,179.414019109824,116.023963241532,46.8920420908289,19.43,,,,,,,,1
LBR,Liberia,LR,2002,299.536445539621,0.927,,,,,166.596370387212,108.233975683974,44.833131971994,19.56,,,,,,,,1
LBR,Liberia,LR,2003,239.779556677091,0.748,,,,,154.335175899128,100.760127239666,42.8705794392699,19.73,,,,,,,,1
LBR,Liberia,LR,2004,284.140223992458,0.897,,,,,143.051512271389,93.8891872472998,41.1475990489694,19.83,,,,,,,,1
LBR,Liberia,LR,2005,287.487333441381,0.949,,,,,133.181924398072,87.8864904113566,39.563840275934,19.87,,,,,,,,1
LBR,Liberia,LR,2006,320.55808618515,1.119,,,,,124.811214478907,82.8084005159605,38.1634782489645,19.84,,,,,,,,1
LBR,Liberia,LR,2007,374.211308104278,1.373,36.4,61.1,79.5,96.2,118.019691905644,78.7308252613009,36.9298576718962,19.79,43.3,21.3,7.2,,,,,1
LBR,Liberia,LR,2008,451.713856283285,1.726,,,,,112.573013997269,75.5104588103134,35.872157386362,19.75,36.1,16.4,4.3,,,,,1
LBR,Liberia,LR,2009,448.386367025545,1.768,,,,,108.103436344308,72.9048508073553,34.9941280944267,19.74,,,,,,,,1
LBR,Liberia,LR,2010,492.252808033724,1.998,,,,,104.364846001409,70.7945832769511,34.3809331477907,19.72,39.0,16.6,4.0,,,,,1
LBR,Liberia,LR,2011,568.087865520004,2.398,,,,,101.143687610627,68.9617253211916,33.9544840257952,19.7,,,,,,,,1
LBR,Liberia,LR,2012,638.368751462083,2.791614,,,,,98.1891163917349,67.3329752986857,33.7067769154753,19.68,,,,,,,,1
LBR,Liberia,LR,2013,710.744570927863,3.1771981,,,,,95.4064124750201,65.7433092888452,33.5559104331269,19.67,33.6,17.4,6.1,,,1.678973197937011,,1
LBR,Liberia,LR,2014,706.714490064507,3.225652,33.2,31.7,54.7,89.6,95.0387974540335,66.5067012679528,33.4399123657158,19.69,,,,,,,,1
LBR,Liberia,LR,2015,692.590082351257,3.2270757,,,,,90.7523853076376,63.2701048052193,33.248940882622,19.72,,,,,,,,1
LBR,Liberia,LR,2016,714.613063145659,3.3984196,35.3,33.6,55.0,88.3,88.2531094954885,61.8069722583701,33.0009404517221,19.76,30.1,13.6,4.3,,,,,1
LBR,Liberia,LR,2017,699.269095727404,3.3907034,,,,,86.0275821574228,60.5639620997028,32.7120139628269,19.81,,,,,,,,1
LBR,Liberia,LR,2018,692.203127129794,3.4227548,,,,,83.9890690072932,59.408455285872,32.3176942484707,19.85,,,,,,,,1
LBR,Liberia,LR,2019,658.164180770507,3.3195965,,,,,81.9062875957296,58.2179710281105,31.8663912577767,19.87,35.1,12.7,3.4,,,,,1
LBR,Liberia,LR,2020,616.787867006715,3.1761263,,,,,79.6554521301693,56.83151894905,31.321052870965,19.88,,,,,,,,1
LBR,Liberia,LR,2021,667.96610514319,3.5130495,,,,,77.3677128627362,55.417023387512,30.7472107945465,,,,,,,,,1
LBR,Liberia,LR,2022,744.617175237387,4.001047,,,,,75.0525128446794,53.9469703856948,30.1845323587551,,,,,,,,,1
LBR,Liberia,LR,2023,799.194470229642,4.39,,,,,72.8828203574436,52.5679665851243,29.6473449188115,,,,,,,,,1
LBY,Libya,LY,2000,7214.10040377084,38.2709541381128,,,,,28.1196682261497,21.494976945412,15.0920327426805,,,,,,,,,1
LBY,Libya,LY,2001,6312.80030498965,34.112093927254,,,,,27.2930193517765,20.9089294405727,14.6591556560107,,,,,,,,,1
LBY,Libya,LY,2002,3718.29434696755,20.4818897637795,,,,,26.4551891810614,20.3125561407737,14.2127837799113,,,,,,,,,1
LBY,Libya,LY,2003,4674.09943200321,26.265625,,,,,25.5105118646587,19.636386430172,13.706993027719,,,,,,,,,1
LBY,Libya,LY,2004,5773.76333234281,33.1223076923077,,,,,24.4030302187571,18.8309460684624,13.1199281289693,,,,,,,,,1
LBY,Libya,LY,2005,8079.24957329001,47.3346912414924,,,,,23.1142046497191,17.8807786954009,12.4358925383796,,,,,,,,,1
LBY,Libya,LY,2006,10048.8480434289,60.094231606642,,,,,21.683624233092,16.8181402169821,11.6599255604503,,,,,,,,,1
LBY,Libya,LY,2007,11144.9448413435,68.0329783906007,,,,,20.1921917319033,15.700437663978,10.855377427781,,21.0,5.6,6.5,,,,,1
LBY,Libya,LY,2008,13906.1407818125,86.7107674151371,,,,,18.7960035029859,14.6521090533557,10.1020510934333,,,,,,,,,0
LBY,Libya,LY,2009,9551.05403869755,60.8085620334191,,,,,17.614408656615,13.765246931424,9.46375624081241,,,,,,,,,0
LBY,Libya,LY,2010,11600.9068649472,75.3808250624216,,,,,16.6325350681998,13.0289306784246,8.92348616954776,,,,,,,,,0
LBY,Libya,LY,2011,7593.8391525702,48.1692632941007,,,,,19.5605760040945,13.8827435016998,8.52796927622688,,,,,,,,,0
LBY,Libya,LY,2012,14975.8902795144,92.5409381291315,,,,,15.0872316702009,11.8751251039748,8.0835251388749,,,,,,,,,0
LBY,Libya,LY,2013,11951.7134126011,75.3511070290605,,,,,14.4588194842601,11.4055810852489,7.72838115665224,,,,,,,,,0
LBY,Libya,LY,2014,8926.42074591474,57.372355592022,,,,,13.8660105329277,10.9643795484827,7.41504609030025,,38.1,11.7,10.2,,,,,0
LBY,Libya,LY,2015,7458.48917756374,48.7175013213052,,,,,13.329439124392,10.5643427716965,7.14182829105764,,,,,,,,,0
LBY,Libya,LY,2016,7525.80299308216,49.912073701298,,,,,12.8273031929685,10.1873631884183,6.87558708888566,,,,,,,,,0
LBY,Libya,LY,2017,9965.83236729757,67.1574521817738,,,,,12.3534193572079,9.83170642048405,6.61834961308718,,,,,,,,,0
LBY,Libya,LY,2018,11196.5854810844,76.6860297721483,,,,,11.9358737238274,9.51857480533993,6.38624720987812,,,,,,,,,0
LBY,Libya,LY,2019,9963.19489084483,69.2544964716938,,,,,11.556216027669,9.23745696772037,6.16324471731498,,,,,,,,,0
LBY,Libya,LY,2020,6650.33810585348,46.854285440642,,,,,11.1729171663322,8.9502126125097,5.94649971059348,,,,,,,,,0
LBY,Libya,LY,2021,4935.82787349801,35.2179956472862,,,,,10.83661401196,8.69822145001545,5.75550506987108,,,,,,,,,0
LBY,Libya,LY,2022,5986.63694851258,43.2462979218499,,,,,10.4646981428284,8.41870345306396,5.55660017324528,,7.9,4.3,3.5,,,,,0
LBY,Libya,LY,2023,6172.81246940233,45.0964629724014,,,,,30.7841021547709,15.9290029687019,5.71473476968484,,,,,,,,,1
LCA,St. Lucia,LC,2000,5879.56191426207,0.932592592592592,,,,,18.4758469482881,15.9283843365093,11.4060104783033,14.41,,,,,14.63149324861,,,0
LCA,St. Lucia,LC,2001,5570.45247098106,0.892592592592592,,,,,18.4020661446227,15.9211725250372,11.7690851628059,14.5,,,,5.70733022689819,16.6378008298755,,,0
LCA,St. Lucia,LC,2002,5567.89428424719,0.9,,,,,18.3467285747974,15.9274967479578,12.1024265069907,14.62,,,,,16.6868724279835,,,0
LCA,St. Lucia,LC,2003,6058.60622059326,0.987407407407407,,,,,18.3099479324541,15.9478726426755,12.3854904221419,14.75,,,,3.53449010848999,17.5013878469617,,,0
LCA,St. Lucia,LC,2004,6494.60034867886,1.06666666666667,,,,,18.2820097514792,15.9752626747671,12.5965115980625,14.88,,,,3.43646001815796,17.0273443402778,,,0
LCA,St. Lucia,LC,2005,6863.43641919345,1.13555555555556,,,,,18.2652984324582,16.0118902295494,12.7272374172371,15.02,,,,4.23895978927612,15.6609153294194,,Low,0
LCA,St. Lucia,LC,2006,7611.17856675319,1.26831918518519,,,,,18.2391220393255,16.0391926865979,12.7721411648973,15.18,,,,4.69669008255005,14.1562663657104,,,0
LCA,St. Lucia,LC,2007,7964.38211480117,1.33608881481481,,,,,18.2049629782571,16.0585574780922,12.7552093605247,15.33,,,,,13.3719091306804,,,0
LCA,St. Lucia,LC,2008,8516.96075488787,1.43773111111111,,,,,18.1598847292579,16.0675143899317,12.7056558175806,15.48,,,,4.48353004455566,16.1620801190353,,,0
LCA,St. Lucia,LC,2009,8250.52180732734,1.40150788888889,,,,,18.0988139094513,16.0572929751583,12.6783924974424,15.61,,,,3.0676600933075,17.4897896347778,,,0
LCA,St. Lucia,LC,2010,8673.68720340529,1.48238518518519,,,,,18.019779490115,16.0331238324634,12.6749779348788,15.73,,,,3.4828999042511,18.0683779894265,,,0
LCA,St. Lucia,LC,2011,9128.99442011613,1.56837037037037,,,,,17.9186219258957,15.9870924593187,12.6642325213103,15.82,,,,3.5988199710846,17.5988064516129,,,0
LCA,St. Lucia,LC,2012,9260.30006551714,1.59820740740741,,,,,17.8081631312676,15.9329930298756,12.6098955469013,15.91,5.7,2.9,5.6,3.29098010063171,19.1383489140611,,,0
LCA,St. Lucia,LC,2013,9577.21733754358,1.66039259259259,,,,,17.676163274595,15.8573222771507,12.4858896724425,15.98,,,,3.87661004066467,18.9144036439396,,,0
LCA,St. Lucia,LC,2014,10044.8218377677,1.74918518518517,,,,,17.52520270349,15.7632480432451,12.2963078368347,16.05,,,,3.89142990112305,18.7084263784196,,,0
LCA,St. Lucia,LC,2015,10334.9860823918,1.80764074074074,43.7,0.1,0.3,7.8,17.3542707993723,15.6473473320462,12.0638255350298,16.11,,,,3.88088011741638,18.1927333151663,,,0
LCA,St. Lucia,LC,2016,10638.1269396653,1.86854444444444,,,,,17.1580229369706,15.5088941939041,11.7855920163343,16.16,,,,5.2095799446106,18.1712047602907,,,0
LCA,St. Lucia,LC,2017,11333.1123822102,1.9985037037037,,,,,16.9551219556043,15.3620079246874,11.4892917680116,16.19,,,,3.6273152206015,17.6109533799361,,,0
LCA,St. Lucia,LC,2018,11642.6984727769,2.06095555555556,,,,,16.7452339237476,15.20740686842,11.1808284535206,16.22,,,,3.33276009559631,,,,0
LCA,St. Lucia,LC,2019,11794.0597229805,2.09534444444444,,,,,16.5107676027142,15.0294547536658,10.8919903045539,16.24,,,,3.27266001701355,,,,0
LCA,St. Lucia,LC,2020,8411.07474936367,1.49927407407407,,,,,16.2726986542466,14.8432609472922,10.637457690173,16.25,,,,3.61517000198364,,,,0
LCA,St. Lucia,LC,2021,10459.1321248092,1.86718518518518,,,,,16.0262838949353,14.6467603968124,10.4102104325969,,,,,5.86197746335882,,,,0
LCA,St. Lucia,LC,2022,13103.8243147472,2.34271481481481,,,,,15.7798573494569,14.4470827483255,10.2122181687842,,,,,4.64235019683838,,,,0
LCA,St. Lucia,LC,2023,13554.7684784933,2.43016666666666,,,,,15.5456573072636,14.2538975419252,10.0488552112557,,,,,2.74212002754211,,,,0
LKA,Sri Lanka,LK,2000,846.460813304966,16.3308141799766,,,,,16.2691169225421,13.0233880349626,9.70210614673085,19.35,20.3,25.3,17.3,,22.9886867106222,,,0
LKA,Sri Lanka,LK,2001,803.544026627385,15.7497538048344,,,,,15.830316094851,12.6628508741463,9.41917774091764,19.32,,,,,23.8133775946818,,,0
LKA,Sri Lanka,LK,2002,834.936014905338,16.5365356470834,40.2,20.7,42.5,78.9,15.5039779967454,12.3915881436951,9.16761975283414,19.28,,,,,22.9069749065198,,,0
LKA,Sri Lanka,LK,2003,946.382255128072,18.881765437215,,,,,15.1737522407257,12.1209784793375,8.62809353748474,19.22,,,,,20.4778355504733,,,0
LKA,Sri Lanka,LK,2004,1028.62068132555,20.6625259412985,,,,,28.7854957925523,16.7250292875194,7.95468311364937,19.16,,,,,20.7110918525129,,,1
LKA,Sri Lanka,LK,2005,1207.21994764165,24.4057910447761,,,,,14.0428356301803,11.229664817988,6.8804924809447,19.09,,,,,20.1959652345785,,,0
LKA,Sri Lanka,LK,2006,1389.50625583936,28.2798024059138,39.7,12.2,30.2,72.2,13.3117393850544,10.6682635650735,6.58154871483489,19.02,,,,,21.1477261899901,,,0
LKA,Sri Lanka,LK,2007,1578.63451125392,32.3502387604239,,,,,12.6249277726296,10.1509851080076,6.65100645509465,18.94,18.7,22.8,15.2,,20.0467042670386,,,0
LKA,Sri Lanka,LK,2008,1973.58476901287,40.7138262150093,,,,,12.0374363184541,9.72094640304717,6.68061882358914,18.85,,,,,19.2117908296268,,,0
LKA,Sri Lanka,LK,2009,2026.65939950702,42.0662240930065,36.1,7.8,24.2,70.9,20.7704206040435,13.0127987874801,6.66166667422829,18.76,20.8,22.8,12.0,2.05590009689331,20.9584196862527,,,1
LKA,Sri Lanka,LK,2010,2808.36779237408,58.636161081712,,,,,11.1784491507909,9.13192492606004,6.29824402418886,18.66,,,,1.66177999973297,16.3008487441341,,,0
LKA,Sri Lanka,LK,2011,3224.95736331928,67.7532840439282,,,,,10.7935171603523,8.87325525821715,6.16523969538841,18.55,,,,1.74292004108429,15.5785036232024,,,0
LKA,Sri Lanka,LK,2012,3327.77612404326,70.4472168913366,38.7,6.4,20.1,64.9,10.3227219003391,8.54036862106731,6.04303184178107,18.46,14.9,27.0,21.9,1.45342004299164,15.0683571125145,,,0
LKA,Sri Lanka,LK,2013,3740.61589348326,77.000578167353,,,,,9.78542478110634,8.14607710490359,5.85045457994089,18.38,,,,1.5645899772644,14.1567195341856,,,0
LKA,Sri Lanka,LK,2014,3971.91913148166,82.5285357139259,,,,,9.24564414252158,7.74425784470899,5.59321330065059,18.32,,,,1.85859000682831,14.2032918225841,,,0
LKA,Sri Lanka,LK,2015,4057.7158346231,85.0903010520465,,,,,8.74574645835623,7.36971623307224,5.35092604462745,18.25,,,,2.10998010635376,17.0880556546828,,,0
LKA,Sri Lanka,LK,2016,4149.19190775593,88.0002111715956,39.3,3.8,14.1,56.6,8.30073805737625,7.03646359531676,5.1783961098065,18.19,17.7,21.2,15.5,3.22929000854492,15.6608133524657,,,0
LKA,Sri Lanka,LK,2017,4398.88828068715,94.3693502855814,,,,,7.91206486751167,6.7460956911903,5.06184834800572,18.13,,,,2.59316992759705,15.3308825075313,,,0
LKA,Sri Lanka,LK,2018,4358.56095906047,94.4500159828405,,,,,7.56399801862067,6.48604997142899,4.94837960696713,18.07,,,,1.98781001567841,15.2847949273464,,,0
LKA,Sri Lanka,LK,2019,4081.94772722003,88.9987062965782,37.7,2.7,11.5,53.3,7.23682857762512,6.23896367182152,4.80563935099026,18.02,8.4,14.0,9.9,,15.9340645141306,,,0
LKA,Sri Lanka,LK,2020,3847.60137695639,84.3355745815072,,,,,6.92114600165772,5.9961694497702,4.63385346077808,17.98,8.2,13.1,8.6,1.55792392223723,19.0691715859524,,,0
LKA,Sri Lanka,LK,2021,3996.96240014909,88.5566989377032,,,,,6.6225528424213,5.76132315928475,4.45560894298601,,7.4,12.2,8.2,1.50650579603928,17.4670693340871,,,0
LKA,Sri Lanka,LK,2022,3342.63650253855,74.1430202628076,,,,,6.35097012942123,5.5445895601002,4.27585132726961,,13.7,21.9,19.9,1.20397218661186,15.7428689340544,,,0
LKA,Sri Lanka,LK,2023,3798.89016573011,83.7161425821945,,,,,6.1079251407175,5.34715991570658,4.10689069385484,,10.3,17.1,10.0,1.82774571561927,18.1135068059197,,,0
LSO,Lesotho,LS,2000,442.779545779081,0.887291687920796,,,,,109.395651282934,77.9658012241981,37.2325267941173,15.05,,,,10.0915498733521,33.8081330632239,,,1
LSO,Lesotho,LS,2001,412.677473676821,0.825706961238688,,,,,111.097401321722,78.2638877288868,37.6662026280877,14.99,,,,9.36505031585693,33.5705130432795,,,1
LSO,Lesotho,LS,2002,388.92334985135,0.77577723855814,51.2,74.9,85.2,95.9,112.397802007847,78.4888239456889,38.1176518444368,14.94,,,,10.1004495620728,34.5229646631857,,,1
LSO,Lesotho,LS,2003,583.270036200288,1.15782543478971,,,,,113.67341747146,79.2110101828496,38.5429458300008,14.9,,,,13.2195701599121,33.9309940923832,,,1
LSO,Lesotho,LS,2004,766.685820928242,1.51123665552047,,,,,114.685004115835,80.2214484477111,38.8428661022005,14.86,44.7,16.6,5.6,11.1090097427368,32.2116887649573,,,1
LSO,Lesotho,LS,2005,861.381496414995,1.6823435274922,,,,,115.575373816868,81.4038888065457,38.9387976743899,14.83,,,,12.0796604156494,33.4334267323825,,,1
LSO,Lesotho,LS,2006,925.467485502842,1.80009256375462,,,,,115.325430033299,81.7127338959363,38.8850990043959,14.81,,,,11.2712802886963,36.4290168214,,,1
LSO,Lesotho,LS,2007,861.188420899563,1.68213178451365,,,,,111.512464233467,80.1692733323854,38.5148251761595,14.79,,,,,41.4598246118822,,,1
LSO,Lesotho,LS,2008,898.482517882593,1.76690270919935,,,,,108.789188100205,83.0627927918277,37.9613462485052,14.78,,,,12.3287401199341,46.4898542993369,,,1
LSO,Lesotho,LS,2009,878.847950537772,1.74089496480511,,,,,96.405790512006,78.3139601890727,37.2976834013432,14.77,39.3,13.4,3.8,,52.1796396677431,,,1
LSO,Lesotho,LS,2010,1119.47557793042,2.23475424191918,,,,,90.0596058098008,76.068193886477,36.6741185748309,14.77,,,,,42.5411688089885,,,1
LSO,Lesotho,LS,2011,1280.73390931581,2.57940961996722,,,,,85.87719437037,73.3356649817728,36.07499450199,14.77,,,,,40.7961669316991,,,1
LSO,Lesotho,LS,2012,1217.93071228944,2.47770221626888,,,,,82.5840058242446,73.1473114776766,35.616541001087,14.77,,,,,40.0545811100607,,,1
LSO,Lesotho,LS,2013,1151.03735837227,2.367112931642,,,,,80.2323643120728,72.8084356727805,35.1852625845851,14.76,,,,,42.7084395082867,,,1
LSO,Lesotho,LS,2014,1173.5377928819,2.44106305405792,,,,,78.2434671565999,71.2318872621194,34.7360697519494,14.75,33.4,10.5,2.8,,38.3219218166396,1.33119785785675,High,1
LSO,Lesotho,LS,2015,1121.19851342518,2.35968672453829,,,,,75.1119249874855,69.2932112567165,34.1525821999364,14.72,,,,7.64272055728181,38.2440406780839,,,1
LSO,Lesotho,LS,2016,992.491840678465,2.1144264522019,,,,,71.826438203932,68.2880973545027,33.5046448747378,14.68,,,,7.55247411216023,40.5844628063288,,,1
LSO,Lesotho,LS,2017,1069.36673247542,2.30674167229006,44.9,41.9,56.8,83.8,71.1642118470342,68.2119444387095,32.7989360101925,14.64,,,,8.1553201675415,39.7153423495164,,,1
LSO,Lesotho,LS,2018,1170.65569702819,2.55624729199785,,,,,69.0514908784698,64.8514899533492,32.1187107338811,14.58,34.6,10.5,2.1,7.28360986709595,39.2496841795946,,,1
LSO,Lesotho,LS,2019,1082.05706777516,2.39070229582777,,,,,68.7079493938518,63.2677472119381,31.3925004275164,14.51,,,,,39.246346848746,,,1
LSO,Lesotho,LS,2020,918.582577421982,2.05369987007191,,,,,66.7802247848276,61.2060570054189,30.7083715596311,14.45,,,,,43.2884148425526,,,1
LSO,Lesotho,LS,2021,1066.58643600093,2.41213002164641,,,,,64.3986063939768,59.8021408870788,30.0395967752267,,,,,,38.1052609182179,,,1
LSO,Lesotho,LS,2022,1030.12579628833,2.35498088415271,,,,,61.5383608217488,57.6485980957679,29.4003298955712,,,,,,40.2346112050868,,,1
LSO,Lesotho,LS,2023,916.282970463888,2.1179624303041,,,,,58.9340295596677,55.4229585523223,28.7414659650869,,,,,7.29011355590957,,,,1
LTU,Lithuania,LT,2000,3300.63634928559,11.5506957272335,31.7,1.2,5.3,31.9,10.7108183101484,8.56930414898977,4.52172565934273,4.67,,,,,37.4674522199748,,,0
LTU,Lithuania,LT,2001,3532.52787363242,12.2607613293051,32.0,1.6,5.4,32.1,10.2787309269382,8.23517388062833,4.37735829310336,4.69,,,,5.83644008636475,35.0300462711731,,,0
LTU,Lithuania,LT,2002,4148.13091485015,14.2822926646004,31.9,1.4,5.4,32.2,9.9007829109279,7.94506528906571,4.3320601906341,4.7,,,,5.79093980789185,33.1650769477528,,,0
LTU,Lithuania,LT,2003,5507.47434187652,18.8091979695431,35.5,0.4,2.1,19.3,9.57547709729648,7.69676093912376,4.35084131111179,4.71,,,,5.1067099571228,31.8339169241579,,,0
LTU,Lithuania,LT,2004,6734.57487061946,22.7431644311972,37.0,4.0,7.8,24.6,9.29043712588352,7.48038612922141,4.34851970501246,4.71,,,,5.14797019958496,31.6494542941449,,,0
LTU,Lithuania,LT,2005,7857.03148786492,26.1052071153129,35.3,2.7,4.7,17.0,9.00198437181125,7.26089483683825,4.23832207795083,4.69,,,,4.87698984146118,31.0555010641392,,,0
LTU,Lithuania,LT,2006,9210.10118229413,30.1161927468942,34.4,1.8,2.9,10.0,8.60890966240119,6.95715635491606,4.00226063227148,4.67,,,,4.83653020858765,31.0409417759317,,,0
LTU,Lithuania,LT,2007,12295.1212779366,39.7291516146689,34.8,1.6,2.0,7.5,8.04050304102378,6.510566909802,3.68300858385083,4.66,,,,4.59159994125366,31.3207961517203,,,0
LTU,Lithuania,LT,2008,14955.5345462921,47.8312542075223,35.7,1.8,2.3,6.1,7.36383153605,5.97486830205011,3.35814188375112,4.66,,,,4.83649015426636,34.4453291695499,,,0
LTU,Lithuania,LT,2009,11854.3711053096,37.4943800389213,37.2,2.7,4.3,12.6,6.66620640225368,5.42058492244056,3.06999224366125,4.67,,,,5.56941986083984,41.6913560616276,,,0
LTU,Lithuania,LT,2010,11829.122609457,36.6381285340643,33.6,2.0,3.4,11.9,6.03640981948797,4.91970229933254,2.85135161366158,4.69,,,,5.36880016326904,40.1309540962991,,,0
LTU,Lithuania,LT,2011,14261.8433787325,43.1865018627907,32.5,0.9,1.6,8.9,5.55784045332005,4.54018985290262,2.70037915928304,4.69,,,,5.15469980239868,36.8394354331654,,,0
LTU,Lithuania,LT,2012,14288.1853493139,42.7093720668627,35.1,1.1,2.1,8.7,5.2743836511733,4.31892466960541,2.59423004420205,4.7,,,,4.78232002258301,34.1253096267013,,,0
LTU,Lithuania,LT,2013,15636.5252586048,46.3036604220434,35.3,1.2,2.2,7.0,5.1398144607437,4.21835457625647,2.50098583209915,4.69,,,,4.62416982650757,33.065868762446,,,0
LTU,Lithuania,LT,2014,16446.1647181663,48.3065466569281,37.7,1.7,2.7,7.8,5.07936344105047,4.17994245522788,2.43083021870648,4.69,,,,4.5076699256897,32.7568188511499,,,0
LTU,Lithuania,LT,2015,14269.8039878287,41.5409548172039,37.4,1.0,1.5,6.8,5.02211320317334,4.14235589532433,2.39362515514748,4.68,,,,4.21646022796631,32.6692487755442,,,0
LTU,Lithuania,LT,2016,14934.2702840428,42.9707492450336,38.4,1.5,2.2,5.6,4.87378980212216,4.03028493880675,2.36071082219719,4.68,,,,4.01143980026245,32.6841126186918,,,0
LTU,Lithuania,LT,2017,16800.1510246099,47.756764508446,37.3,1.2,1.6,5.0,4.58485526048131,3.80108151013152,2.31310175046985,4.66,,,,3.81236004829407,31.072121854115,,,0
LTU,Lithuania,LT,2018,19247.2315367967,54.2617951485372,35.7,1.0,1.3,3.4,4.22831894992368,3.51385033420416,2.25229842552539,4.64,,,,3.85628008842468,31.6775234640563,,,0
LTU,Lithuania,LT,2019,19608.7943945553,55.122066225796,35.3,0.6,0.7,2.3,3.91211489340312,3.2583566362532,2.18774108278287,4.6,,,,3.9415500164032,32.3841356342817,,,0
LTU,Lithuania,LT,2020,20428.6478157394,57.4120385332718,36.0,0.5,0.7,1.8,3.69729303270767,3.08664845366067,2.11853276990145,4.4,,,,4.47348022460938,38.9088887136828,,,0
LTU,Lithuania,LT,2021,23870.4594851722,67.0373210089679,36.7,0.3,0.4,1.4,3.55232813763988,2.97328455100777,2.05044033542334,,0.7,1.1,4.9,4.23977994918823,35.1889889533921,,,0
LTU,Lithuania,LT,2022,25085.784063499,71.0338844997823,36.6,0.8,1.1,2.6,3.4509259082547,2.89432917261178,1.99196671995201,,0.9,,,4.25285005569458,34.0464636044902,,,0
LTU,Lithuania,LT,2023,27786.0057829276,79.7898774161681,36.0,1.1,1.2,3.2,3.38030727139981,2.84108359860714,1.9486169970956,,1.0,,,,34.1003296593768,,,0
LUX,Luxembourg,LU,2000,48659.5988753233,21.2301829893036,30.1,0.0,0.0,0.0,4.6879079465924,3.905748645109,2.38513808964419,6.98,,,,,34.1171051439207,,,0
LUX,Luxembourg,LU,2001,48440.1420151355,21.3875337032327,30.9,0.0,0.0,0.0,4.41394412575839,3.67886384870774,2.25127305933082,7.0,,,,3.53973007202148,35.249163009091,,,0
LUX,Luxembourg,LU,2002,53005.7339209179,23.6498333321655,31.1,0.0,0.0,0.0,4.1507033319106,3.46023341364867,2.11479771703833,7.03,,,,,36.6812063478711,,,0
LUX,Luxembourg,LU,2003,65689.3214536911,29.6672682481305,30.2,0.1,0.1,0.5,3.90360396782742,3.25456939427387,1.98057497546517,7.07,,,,,38.2197785077809,,,0
LUX,Luxembourg,LU,2004,76544.9170868473,35.0648437928992,30.2,0.0,0.0,0.1,3.67611995839438,3.06585119681229,1.8566094769112,7.08,,,,,38.7992367482131,,,0
LUX,Luxembourg,LU,2005,80988.1376230858,37.6722801204794,30.8,0.0,0.1,0.1,3.46903167491324,2.89408180177058,1.75130413102053,7.1,,,,,38.1755303476578,,,0
LUX,Luxembourg,LU,2006,90788.8004876145,42.9101462960646,30.9,0.0,0.0,0.1,3.28702985757121,2.74423689976055,1.66713772879689,7.13,,,,,35.7178490913472,,,0
LUX,Luxembourg,LU,2007,107475.320297978,51.5874014157872,31.1,0.0,0.0,0.0,3.1331057988297,2.6165462944096,1.61235881823034,7.16,,,,,33.9888793613862,,,0
LUX,Luxembourg,LU,2008,120422.137934157,58.8442777015258,32.6,0.0,0.0,0.2,3.00477541127084,2.51122188254789,1.57846334458135,7.23,,,,,34.6285196495168,,,0
LUX,Luxembourg,LU,2009,109419.746953106,54.4672898975582,31.2,0.0,0.1,0.3,2.89816029736088,2.42341311464752,1.55469343674556,7.32,,,,,38.6720324373854,,,0
LUX,Luxembourg,LU,2010,110885.991378721,56.2139859874168,30.5,0.0,0.0,0.3,2.81263236067389,2.35370093873846,1.54309685846967,7.39,,,,,37.5877794617632,,,0
LUX,Luxembourg,LU,2011,119025.057203467,61.6962813262453,32.1,0.1,0.1,0.2,2.74166380398764,2.29716724328393,1.53594671094916,7.47,,,,,37.7583197126326,,,0
LUX,Luxembourg,LU,2012,112584.676270958,59.7763835273602,34.3,0.0,0.1,0.3,2.68825221767668,2.25512658748329,1.53210311127457,7.53,,,,3.87815999984741,38.6174033671065,,,0
LUX,Luxembourg,LU,2013,120000.140729859,65.2032764669763,32.0,0.1,0.1,0.3,2.64368715633237,2.21974523022764,1.53202117479859,7.56,,,,,38.5515245916909,,,0
LUX,Luxembourg,LU,2014,123678.702143275,68.8048118976445,31.2,0.2,0.2,0.3,2.60606434800371,2.19136734515178,1.53449366394129,7.59,,,,3.85569000244141,37.7373163017542,,,0
LUX,Luxembourg,LU,2015,105462.012584423,60.0715842161374,32.9,0.3,0.4,0.8,2.5743611224295,2.1671051898609,1.54181585013946,7.62,,,,3.76792001724243,37.2151192531445,,,0
LUX,Luxembourg,LU,2016,106899.293549552,62.2168854359488,31.7,0.1,0.2,0.6,2.54875714864606,2.14781095287433,1.55608396490334,7.64,,,,,36.8348917454341,,,0
LUX,Luxembourg,LU,2017,110193.213797228,65.7121803429836,34.5,0.3,0.4,1.1,2.5240539502908,2.130365870879,1.5801890543355,7.67,,,,3.48645997047424,37.758533855547,,,0
LUX,Luxembourg,LU,2018,116926.759593905,71.0856234951145,35.4,0.3,0.4,0.8,2.50392877866615,2.11615011947345,1.60918722503406,7.69,,,,3.66211009025574,38.8273820155222,,,0
LUX,Luxembourg,LU,2019,112696.649059674,69.8720351136469,34.2,0.1,0.1,0.3,2.48219613654691,2.10030434850452,1.64444758177734,7.72,,,,3.73606991767883,39.4793914222263,,,0
LUX,Luxembourg,LU,2020,116860.02817236,73.6707821003909,33.4,0.0,0.0,0.0,2.45946320011754,2.08437399220917,1.67172670356474,7.75,,,,3.85349988937378,42.9034537011063,,,0
LUX,Luxembourg,LU,2021,134965.815442152,86.3867596951653,32.7,0.1,0.1,0.5,2.42569748784485,2.05872551302387,1.68327838533288,,,,,3.71989011764526,39.0091777601048,,,0
LUX,Luxembourg,LU,2022,123719.658915996,80.8016803970139,34.1,0.1,0.1,0.2,2.38557777298844,2.02795338293321,1.67462451693744,,,,,3.70599007606506,40.8988847365143,,,0
LUX,Luxembourg,LU,2023,131407.681364513,87.5740210917525,33.6,0.1,0.1,0.2,2.33584018415173,1.98884671317432,1.64806588256137,,,,,,42.8180347226987,,,0
LVA,Latvia,LV,2000,3278.17896440803,7.76125260718424,,,,,14.2393492397115,11.5597278369108,7.1730618137847,5.2,,,,,32.4160143661631,,,0
LVA,Latvia,LV,2001,3504.61829462397,8.1908887396463,,,,,13.3033881047033,10.8307810748096,6.62496461901907,5.13,,,,,29.7020664850077,,,0
LVA,Latvia,LV,2002,4003.60935783538,9.24903024101864,35.1,1.5,4.2,24.7,12.5614611993069,10.2527878462136,6.17398328668082,5.05,,,,,29.795769058541,,,0
LVA,Latvia,LV,2003,4914.57992829302,11.2443377198377,36.5,1.5,3.7,19.4,11.886078959514,9.72579920759944,5.81519921064579,4.97,,,,,28.447972720743,,,0
LVA,Latvia,LV,2004,6109.73265186817,13.8270703785612,36.4,3.7,6.2,23.1,11.1861972395616,9.17614086066224,5.55961874148992,4.88,,,,,28.2719544290178,,,0
LVA,Latvia,LV,2005,7283.78738127622,16.3069359054138,39.0,3.1,5.7,20.3,10.4801371689551,8.61871838912238,5.36185074706783,4.8,,,,,28.2232954424469,,,0
LVA,Latvia,LV,2006,9211.7374468148,20.4349222473037,35.6,1.9,2.9,11.1,9.85498642927937,8.123851753446,5.18290844088072,4.73,,,,,27.8064170996318,,,0
LVA,Latvia,LV,2007,13370.9789452508,29.4204992477089,37.5,0.8,1.9,7.3,9.32108868738769,7.70229594218265,5.00036103796376,4.68,,,,,26.1011141817687,,,0
LVA,Latvia,LV,2008,15677.6080864506,34.1352009940067,37.2,1.6,2.6,9.2,8.82400099354865,7.30750949985573,4.78796747660085,4.65,,,,,30.6437067559111,,,0
LVA,Latvia,LV,2009,11996.0322729773,25.691530442035,35.9,2.6,4.2,14.0,8.32277135072255,6.907440994331,4.52772694129797,4.63,,,,,37.825780697154,,,0
LVA,Latvia,LV,2010,11188.4191700977,23.4683245723343,35.0,2.6,4.1,14.6,7.79281615408988,6.48129491004657,4.2157324058887,4.61,,,,,39.5781686309654,,,0
LVA,Latvia,LV,2011,12902.574053337,26.5755479008247,35.8,1.7,3.4,13.7,7.21479559900426,6.01172819406579,3.86723072198001,4.58,,,,,35.1497338007643,,,0
LVA,Latvia,LV,2012,13329.3499931271,27.1161499486683,35.2,1.4,3.1,12.5,6.61835713338186,5.52604069642214,3.51384706125576,4.55,,,,,31.9341020414488,,,0
LVA,Latvia,LV,2013,14484.4715282132,29.1521281678438,35.5,1.5,2.7,10.0,6.03721450596035,5.04884304478162,3.18324857425291,4.51,,,,,31.6898152607786,,,0
LVA,Latvia,LV,2014,15185.814581236,30.2772037674058,35.1,1.1,2.2,8.4,5.51743142498603,4.62293763512889,2.91433356273315,4.47,,,,,32.2820402619424,,,0
LVA,Latvia,LV,2015,13321.9753140616,26.3445658768902,34.2,1.0,1.7,5.7,5.07365532279712,4.25759915595342,2.708672517178,4.43,,,,,31.2338058250113,,,0
LVA,Latvia,LV,2016,13838.5266823272,27.1171050595074,34.3,1.0,1.5,5.5,4.72030176127225,3.96741149712487,2.55225989803092,4.39,,,,,30.6890668667795,,,0
LVA,Latvia,LV,2017,15132.4958333982,29.3910597674259,35.6,1.0,1.7,5.4,4.45148690099435,3.74733545627145,2.4333557178681,4.35,,,,,30.425906349079,,,0
LVA,Latvia,LV,2018,17252.1710428626,33.2479354773576,35.1,0.6,1.0,3.6,4.21546606702018,3.55456710950437,2.3148427123834,4.31,,,,,30.6512990258421,,,0
LVA,Latvia,LV,2019,17294.9751600969,33.099503950847,34.5,0.3,0.8,3.3,3.97380927887994,3.35554930757564,2.16864344082564,4.27,,,,,31.7652338159017,,,0
LVA,Latvia,LV,2020,17564.2321549354,33.3799274346149,35.7,0.5,0.8,2.9,3.72778173648513,3.1516810876193,1.99839509290271,4.23,,,,,36.2189154656701,,,0
LVA,Latvia,LV,2021,20261.8887788916,38.1833267849335,34.3,0.5,0.8,2.4,3.4695675634873,2.93832388677018,1.8199279700185,,1.2,0.0,0.0,,38.5271346331543,,,0
LVA,Latvia,LV,2022,20227.2307431581,38.0147135957686,33.7,0.4,0.7,2.9,3.20624005844129,2.72001956370958,1.64910638036229,,,,,,36.3433742824555,,,0
LVA,Latvia,LV,2023,22675.5786295407,42.572151720138,34.0,0.4,0.7,2.8,2.96386748885158,2.51861679567881,1.50338999965871,,,,,,34.3617827813944,,,0
MAR,Morocco,MA,2000,1499.107421875,43.0174554018445,40.6,16.8,35.5,73.2,52.2443921246927,45.1898368217027,28.369260816302,18.34,,,,,,,,1
MAR,Morocco,MA,2001,1506.24523925781,43.8314802076444,,,,,50.0588364970969,43.5443220716226,27.6180816096866,18.19,,,,,,,,1
MAR,Morocco,MA,2002,1596.02062988281,47.0771921876418,,,,,47.8825037193793,41.8716995469626,26.9139698950538,18.03,,,,,22.0771264792301,,,1
MAR,Morocco,MA,2003,1941.87255859375,58.0293633542757,,,,,45.7346956235749,40.1936335556935,26.1620707076431,17.86,29.2,13.4,12.3,,20.8095319732248,,,1
MAR,Morocco,MA,2004,2183.55541992188,66.1141454510066,,,,,43.5530761418136,38.462133720633,25.3563825482574,17.68,,,,,21.3684175592961,,,1
MAR,Morocco,MA,2005,2242.98828125,68.8526580686673,,,,,41.3313146925023,36.6693210324606,24.5025379689095,17.48,,,,,25.4596563215545,,,1
MAR,Morocco,MA,2006,2438.12646484375,75.8838233008545,40.7,9.4,23.2,65.1,39.1435047270879,34.8858587710435,23.6088244746983,17.27,,,,,22.9442388326041,,,1
MAR,Morocco,MA,2007,2755.5859375,86.947913286728,,,,,36.9686270495647,33.0898959127731,22.680108995859,17.07,,,,,23.3310350967367,,,1
MAR,Morocco,MA,2008,3183.20043945313,101.822906949063,,,,,34.9117953533505,31.3833566063916,21.482310392721,16.87,,,,,24.4132142987177,,,1
MAR,Morocco,MA,2009,3119.58862304688,101.154952240881,,,,,32.9497872823605,29.7404380841518,20.2977947093577,16.68,,,,,23.9864026144206,,,1
MAR,Morocco,MA,2010,3067.9853515625,100.86532947344,,,,,31.0846720548488,28.1575726170222,19.1687324887081,16.49,,,,,25.0281448030242,,,1
MAR,Morocco,MA,2011,3301.98876953125,110.080631332375,,,,,29.3340908103634,26.6745904078494,18.0930900152221,16.31,20.7,4.1,3.0,,27.0639992297542,,,1
MAR,Morocco,MA,2012,3164.17724609375,106.937392311129,,,,,27.7316405778504,25.3076264515799,17.0824911347168,16.12,,,,,27.3687204155206,,,1
MAR,Morocco,MA,2013,3379.7431640625,115.73928730508,39.5,3.7,11.6,49.0,26.1820537808253,23.9695932654448,16.1394754573414,15.95,,,,,25.6987161499953,,,1
MAR,Morocco,MA,2014,3435.40698242188,119.130841411664,,,,,24.7422808685925,22.7318083080327,15.2557116377142,15.78,,,,,25.4170336330975,,,1
MAR,Morocco,MA,2015,3146.24780273438,110.413823841592,,,,,23.3973796499333,21.5638084423757,14.4232868773613,15.6,,,,,23.0606083372986,,,1
MAR,Morocco,MA,2016,3140.85546875,111.572947004917,,,,,22.1711642406651,20.4950640058688,13.6780021496687,15.43,,,,,22.7685873873314,,,1
MAR,Morocco,MA,2017,3296.52661132813,118.540573367844,,,,,21.1236657568489,19.5739660581686,13.0033961420481,15.25,20.4,3.2,2.7,,22.6792712298231,,Medium,1
MAR,Morocco,MA,2018,3501.69799804688,127.341147581818,,,,,20.1887287828987,18.7436565872955,12.4251390683625,15.08,,,,,22.8575069212215,,,1
MAR,Morocco,MA,2019,3508.09765625,128.920266409457,,,,,19.359554575369,18.0053592864966,11.8983894125754,14.92,20.8,4.4,2.6,,23.3876778864301,,,0
MAR,Morocco,MA,2020,3268.0302734375,121.353645057144,,,,,18.5785313595814,17.3030017132504,11.4036041459132,14.77,,,,,27.2102123069577,,,0
MAR,Morocco,MA,2021,3785.93627929688,142.022058447231,,,,,17.8516649474166,16.6461290704052,10.9718666853492,,,,,,25.6308472487276,,,0
MAR,Morocco,MA,2022,3455.39624023438,130.951926351241,,,,,17.1770965876206,16.0376635073311,10.5759955097032,,,,,,28.2079312044055,,,0
MAR,Morocco,MA,2023,3771.4462890625,144.417103249646,,,,,16.5750520440067,15.491406116829,10.1805229248687,,,,,,26.9094627642723,,,0
MCO,Monaco,MC,2000,81789.0206522549,2.65446266526893,,,,,5.15853062012818,4.20785244525655,2.76862959837215,7.36,,,,1.25537002086639,,,,0
MCO,Monaco,MC,2001,82402.7809570189,2.67372303371239,,,,,4.9927618796946,4.07138540582068,2.68362223118161,7.36,,,,,,,,0
MCO,Monaco,MC,2002,90051.4459877468,2.91964798181473,,,,,4.84489203285841,3.9514045678175,2.60635216478283,7.36,,,,,,,,0
MCO,Monaco,MC,2003,111110.451312249,3.59708975078276,,,,,4.71457780059584,3.84493666768159,2.53563112737008,7.34,,,,,,,,0
MCO,Monaco,MC,2004,125160.228087598,4.04355148882603,,,,,4.59349578322766,3.74540636113692,2.47288161755598,7.31,,,,1.26668000221252,,,,0
MCO,Monaco,MC,2005,130538.742587117,4.20465289873103,,,,,4.48195015903865,3.65333706622785,2.41051150445722,7.27,,,,,,,,0
MCO,Monaco,MC,2006,143083.461107202,4.58682651271356,,,,,4.37456989718658,3.56565859372715,2.3529928964557,7.22,,,,,,,,0
MCO,Monaco,MC,2007,184558.556593338,5.8757907662621,,,,,4.27577191794402,3.4841405317473,2.29499942074761,7.21,,,,,,,,0
MCO,Monaco,MC,2008,204263.797114294,6.50294224493068,,,,,4.17739289372822,3.40263959582487,2.24710909860966,7.2,,,,,,,,0
MCO,Monaco,MC,2009,169150.267344616,5.47437925234114,,,,,4.08343225301144,3.32686630862786,2.19379561855032,7.16,,,,1.35431003570557,,,,0
MCO,Monaco,MC,2010,161853.920622244,5.36756156959548,,,,,3.99347285647099,3.25430100153531,2.14726731233221,7.14,,,,1.31735002994537,,,,0
MCO,Monaco,MC,2011,179363.984221513,6.08868980838347,,,,,3.9041584414425,3.18240796678582,2.09967176054296,7.11,,,,1.58989000320435,,,,0
MCO,Monaco,MC,2012,165444.651378771,5.74274929400852,,,,,3.81262279343242,3.10813034276472,2.05205824577436,7.07,,,,1.78004002571106,,,,0
MCO,Monaco,MC,2013,184940.663804718,6.55559170988585,,,,,3.72053361345646,3.03468581203516,1.99666871747821,7.01,,,,1.33440005779266,,,,0
MCO,Monaco,MC,2014,195693.570738894,7.07001732365476,,,,,3.62867954970532,2.96269561479708,1.945314656587,6.96,,,,1.02186000347137,,,,0
MCO,Monaco,MC,2015,170437.101188261,6.26475652837691,,,,,3.52912546808988,2.88503172644329,1.88764146399944,6.92,,,,,,,,0
MCO,Monaco,MC,2016,173604.753555915,6.47129079355029,,,,,3.4278427682821,2.80741124989688,1.83356595317423,6.87,,,,1.37126004695892,,,,0
MCO,Monaco,MC,2017,170663.375247872,6.43025465258934,,,,,3.32661008655644,2.72804131944904,1.77370219819016,6.82,,,,1.45816004276276,,,,0
MCO,Monaco,MC,2018,188298.315668437,7.18433393601355,,,,,3.22400379809144,2.64869024646387,1.71593561017099,6.8,,,,,,,,0
MCO,Monaco,MC,2019,193746.785647412,7.38349625423721,,,,,3.1251927411727,2.57156933271365,1.66034422692401,6.82,,,,1.15896999835968,,,,0
MCO,Monaco,MC,2020,176891.886538492,6.73073628278961,,,,,3.0231939212768,2.49144982505005,1.60614121449891,6.82,,,,,,,,0
MCO,Monaco,MC,2021,223823.363960226,8.62324274329564,,,,,2.92991855407971,2.41887332344579,1.55446896705078,,,,,1.41926002502441,,,,0
MCO,Monaco,MC,2022,226052.001905201,8.80043048617137,,,,,2.83592039505627,2.34486011341026,1.50259338723559,,,,,1.17105996608734,,,,0
MCO,Monaco,MC,2023,256580.515122745,9.99535054712166,,,,,2.74357960692125,2.27163972994041,1.45196985152251,,,,,1.73223996162415,,,,0
MDA,Moldova,MD,2000,440.538683980372,1.28842939179951,36.4,41.0,62.8,91.2,31.3046535608672,27.8604616024916,20.2278209652067,6.66,,,,4.48639011383057,28.9252674761688,,,1
MDA,Moldova,MD,2001,507.404076252819,1.48067359405602,38.0,32.2,53.3,86.4,28.4790778630397,25.3797183731404,18.6491889684539,6.64,,,,4.84684991836548,22.279049384535,,,1
MDA,Moldova,MD,2002,570.799866188293,1.6618181684226,35.8,19.9,38.4,77.6,25.8099955899343,23.0427178728299,17.0591770176118,6.6,,,,5.4979100227356,,,,1
MDA,Moldova,MD,2003,682.319095965299,1.98090743476826,34.9,10.0,25.9,70.8,23.4387156156083,20.9656934227878,15.6598340540759,6.56,,,,5.42489004135132,22.2165900286035,,,1
MDA,Moldova,MD,2004,897.178494749468,2.59824955589984,35.0,11.6,26.8,71.4,21.552554697716,19.3191744687217,14.5968948452471,6.53,,,,6.77103996276855,27.2583666333666,,,1
MDA,Moldova,MD,2005,1034.39197746993,2.98834290703096,36.3,16.6,34.1,76.2,20.1024841859082,18.0487982745744,13.840019451372,6.5,16.1,5.2,6.4,7.16270017623901,29.3182301072984,,,1
MDA,Moldova,MD,2006,1183.02481442894,3.4082554505509,35.4,3.4,9.6,43.1,19.0752207750846,17.1582112542578,13.3380639949548,6.49,,,,7.49899005889893,31.8666487911695,,,0
MDA,Moldova,MD,2007,1531.21618590748,4.40117315193767,34.4,1.6,6.0,33.7,18.2973237002267,16.4809956154428,13.0124223236424,6.49,,,,8.29337024688721,32.409507767172,,,0
MDA,Moldova,MD,2008,2110.55305353857,6.05482424824221,34.7,1.7,6.6,35.4,17.7276532624282,16.000593161844,12.7953311105867,6.49,,,,8.23727035522461,32.7791551444646,,,0
MDA,Moldova,MD,2009,1898.43975710988,5.43943427178807,32.9,1.5,6.1,34.3,17.2951890985599,15.6359316584016,12.6209590315553,6.5,,,,9.5097599029541,38.0409977507291,,,0
MDA,Moldova,MD,2010,2436.79935102421,6.97498236960155,32.1,0.8,3.8,31.7,16.9375117418889,15.3398662147264,12.4564609565418,6.51,,,,7.5922999382019,29.1436569247624,,,0
MDA,Moldova,MD,2011,2941.36224066021,8.41435202049442,30.6,0.5,2.7,28.0,16.6406795953928,15.0912911741853,12.264718474559,6.51,,,,7.13638019561768,27.3599576796909,,,0
MDA,Moldova,MD,2012,3044.8084324815,8.70913863482921,29.2,0.5,2.1,27.3,16.3412163144886,14.838970956392,12.058031066961,6.51,11.0,3.3,1.5,6.98338985443115,27.8544262189137,,,0
MDA,Moldova,MD,2013,3321.04397795719,9.49671787551932,28.5,0.1,1.5,22.5,16.0428649079007,14.5813926037855,11.8464214526423,6.51,,,,5.90975516494477,27.1282700817793,,,0
MDA,Moldova,MD,2014,3289.95758568777,9.4020901377423,26.8,0.0,0.7,21.4,15.8064841745721,14.3829095923201,11.6535995155945,6.51,,,,6.33806991577148,29.3674215047913,,,0
MDA,Moldova,MD,2015,2749.55137054338,7.79766719673087,27.0,0.1,0.8,19.0,15.5389796827112,14.1578936004882,11.46574105093,6.52,,,,5.76665405944246,28.3300680569036,,,0
MDA,Moldova,MD,2016,2847.08794770479,7.9809170757748,26.3,0.2,0.9,19.1,15.3439877219751,13.9967682790851,11.3207513636808,6.51,,,,5.67208003997803,26.6745413540011,,,0
MDA,Moldova,MD,2017,3453.26727720294,9.51440401620949,25.9,0.1,0.6,18.8,15.1843793061231,13.8729293741546,11.1877484913369,6.49,,,,5.71016979217529,27.2406325954008,,,0
MDA,Moldova,MD,2018,4156.44981956646,11.2523534208798,25.7,0.0,0.4,15.5,15.0647885776212,13.7810719483934,11.0825595597254,6.48,,,,5.53887987136841,27.7835978216092,,,0
MDA,Moldova,MD,2019,4405.33418162155,11.7367970546965,26.0,0.0,0.4,16.1,14.992520408115,13.7253567729618,10.985091655021,6.47,,,,6.22576999664307,28.2718051226835,,,0
MDA,Moldova,MD,2020,4375.7788930524,11.5307462344492,25.0,0.0,0.2,16.7,14.9274092664875,13.6809176929583,10.9101405538143,6.47,,,,6.6012601852417,32.7222723725292,,,0
MDA,Moldova,MD,2021,5274.60582195352,13.6918692640794,25.7,0.2,0.3,15.4,14.8439395635389,13.6219359518813,10.8690689756847,,,,,5.82405996322632,29.9554323731733,,,0
MDA,Moldova,MD,2022,5744.29618434435,14.5253375237271,25.9,0.0,0.3,19.7,14.7669163908374,13.5654068184582,10.8205956280887,,,,,6.11053991317749,32.2453730893208,,,0
MDA,Moldova,MD,2023,6799.58594644576,16.7119067462133,26.8,0.1,0.8,20.4,14.6743139532414,13.4925110116344,10.7700741547029,,,,,6.62547016143799,34.4725442262112,,,0
MDG,Madagascar,MG,2000,280.282905559649,4.62924720384524,,,,,105.012639237279,65.5480179033201,31.175660552797,20.03,,,,2.4386899471283,,,,1
MDG,Madagascar,MG,2001,319.283278235657,5.43833260190798,47.4,57.5,70.5,89.1,100.363099634858,62.9872938755148,30.4097430673918,20.01,,,,2.707200050354,,,,1
MDG,Madagascar,MG,2002,304.941777398445,5.35170166340806,,,,,96.0267425345805,60.5885905865876,29.6998543876039,20.01,,,,2.23179006576538,,,,1
MDG,Madagascar,MG,2003,352.620095849925,6.37249888966585,,,,,92.0098351040798,58.3476543690005,29.0298115746104,19.98,,,,2.61094999313354,9.64041187128852,,,1
MDG,Madagascar,MG,2004,272.20074858856,5.06473262629389,,,,,88.1979289114311,56.2112367302076,28.3664564049439,19.93,54.3,38.1,15.3,2.81261992454529,10.856450124413,,,1
MDG,Madagascar,MG,2005,305.812074924388,5.85926975261332,39.9,55.3,73.8,93.1,84.6446924630766,54.1984953045321,27.7082036921295,19.86,,,,3.3096399307251,9.49790798658622,,,1
MDG,Madagascar,MG,2006,324.146874882604,6.39571249094304,,,,,81.2427464527406,52.2634276067213,27.0955504203269,19.77,,,,2.83097004890442,10.0017913811215,,,1
MDG,Madagascar,MG,2007,419.548001431865,8.52462088957747,,,,,78.087845877075,50.4362399443012,26.5258997592653,19.69,,,,2.90274000167847,9.67877466668648,,,1
MDG,Madagascar,MG,2008,512.579800058444,10.7251377236549,,,,,75.2502472991769,48.7965719257917,25.9924932511508,19.63,,,,2.55433988571167,9.47684987595102,,,1
MDG,Madagascar,MG,2009,446.315238370592,9.61687940943788,,,,,72.817782280002,47.4104893367555,25.5254904347016,19.6,50.1,,,2.82512998580933,7.72436739302988,,,1
MDG,Madagascar,MG,2010,450.009391645726,9.98271133807029,42.4,65.3,79.8,94.2,70.7387363722992,46.2079810670371,25.1535663596879,19.58,,,,2.28856151148168,8.57346348699551,,,1
MDG,Madagascar,MG,2011,506.163691559309,11.551819617874,,,,,69.009908562561,45.2265151484868,24.8155150780044,19.54,51.1,29.0,5.9,2.38168001174927,8.93506573962959,,,1
MDG,Madagascar,MG,2012,493.511162904211,11.5789750619479,42.6,67.3,80.5,94.5,67.739833552997,44.5600774243275,24.532421759896,19.5,50.4,34.1,7.9,2.34067010879517,8.75653017319682,,,1
MDG,Madagascar,MG,2013,515.301589361832,12.4235554553853,,,,,66.8629379181689,44.1306231013813,24.3221581236349,19.44,,,,1.77693998813629,9.40419644416597,,,1
MDG,Madagascar,MG,2014,505.684922503435,12.5229573992281,,,,,66.1951367928081,43.8517131546559,24.1846404127005,19.35,,,,2.3812301158905,9.85274238142876,,,1
MDG,Madagascar,MG,2015,445.320069480568,11.3230207013017,,,,,65.8424238029855,43.7565008569485,24.0655183500538,19.26,,,,2.21011996269226,9.55868886975373,,,1
MDG,Madagascar,MG,2016,453.970714522463,11.848613858442,,,,,65.6698919626012,43.7691673013511,23.9750798085501,19.15,,,,2.68719005584717,9.31726443885761,,,1
MDG,Madagascar,MG,2017,491.866848718929,13.1763135935509,,,,,65.6764834312335,43.909404764072,23.9689742541276,19.04,,,,2.70137416707567,10.5891148272501,,,1
MDG,Madagascar,MG,2018,500.45718552916,13.7600332822925,,,,,65.8341463782166,44.1650477461065,24.0344586179512,18.93,42.6,27.2,6.6,2.84409999847412,9.83236458371751,2.36787748336792,,1
MDG,Madagascar,MG,2019,499.818837622534,14.1046646785063,,,,,66.0840736430449,44.4750658780684,24.0975237619533,18.82,,,,3.01338389897728,10.1328730758179,,,1
MDG,Madagascar,MG,2020,450.771615201509,13.0514412039474,,,,,66.2595953536867,44.7324849651293,24.1433097344277,18.71,,,,3.25443385103636,11.7977522159647,,,1
MDG,Madagascar,MG,2021,483.469463351371,14.354731964331,36.8,69.2,83.9,96.6,66.2117852965213,44.8558801515677,24.1179804247388,,40.6,22.8,7.2,3.19807542117225,10.6901257901105,,,1
MDG,Madagascar,MG,2022,503.514533472879,15.3256032726073,,,,,65.7400488804604,44.6907656264571,24.0405038798269,,,,,3.06772823003204,9.93703865401929,,,1
MDG,Madagascar,MG,2023,508.718427705736,15.869945477855,,,,,64.7707955306173,44.1750469930886,23.8406303537283,,,,,3.04770386693564,11.1514164395423,,,1
MDV,Maldives,MV,2000,2213.81235053178,0.624337145284621,,,,,39.0486809366089,33.5061189333387,22.2407176724588,13.99,,,,,25.5278386530642,,,1
MDV,Maldives,MV,2001,3033.93234507036,0.870031676798793,,,,,34.7454634922966,29.8478133505716,19.9195421742385,13.98,31.9,25.7,13.4,,18.5090601821425,,,1
MDV,Maldives,MV,2002,3076.07007160101,0.89703125,41.3,18.8,40.5,81.4,30.7848927772021,26.4703369513438,17.5777903186305,13.96,,,,5.79186010360718,18.3713638738896,,,1
MDV,Maldives,MV,2003,3548.5767011056,1.0521210546875,,,,,27.2348168381968,23.4321509591185,15.5881700042685,13.92,,,,5.32406997680664,17.4179398543099,,,1
MDV,Maldives,MV,2004,4070.2609459446,1.2268295625,,,,,27.0161931057795,21.8020731245891,14.0132817744111,13.88,,,,4.66160011291504,17.7547329440066,,,1
MDV,Maldives,MV,2005,3796.51546524644,1.1633624375,,,,,21.5504355852956,18.5627198282347,12.5608575578231,13.84,,,,5.0168399810791,31.1818398812623,,,1
MDV,Maldives,MV,2006,5018.94335409159,1.575200390625,,,,,19.372705840035,16.697332988485,11.3343931923068,13.81,,,,4.64523983001709,27.8129295553418,,,0
MDV,Maldives,MV,2007,5758.10286933053,1.8683834609375,,,,,17.585323892582,15.1613106427124,10.2552528217299,13.79,,,,4.41788005828857,27.4305474874434,,,0
MDV,Maldives,MV,2008,6757.43280929292,2.2716461875,,,,,16.1182140430491,13.9042830781346,9.2772869771058,13.8,,,,4.470290184021,25.6669591949825,,,0
MDV,Maldives,MV,2009,6734.03165601895,2.345294875,38.4,13.1,25.9,65.0,14.8792345038065,12.843120529014,8.41735300041421,13.8,19.0,17.7,10.6,5.08168983459473,29.1970881699897,,,0
MDV,Maldives,MV,2010,7173.59601844692,2.5881760546875,,,,,13.8253386204254,11.9387838555631,7.637144105539,13.8,,,,3.63328003883362,25.4405148099364,,,0
MDV,Maldives,MV,2011,7424.520410971,2.77435024004918,,,,,12.8964564591609,11.1466497859928,6.95871827966112,13.81,,,,3.08072996139526,22.4031116061657,,,0
MDV,Maldives,MV,2012,7461.29703686309,2.8861639972053,,,,,12.0516141606624,10.4227983905591,6.43754822873695,13.82,,,,3.34085988998413,,,,0
MDV,Maldives,MV,2013,8236.08177944126,3.29500923750107,,,,,11.2773929717743,9.76293056051088,6.10738304790453,13.83,,,,3.3882999420166,,,,0
MDV,Maldives,MV,2014,8939.07416571472,3.69735303920043,,,,,10.5496473672766,9.13757972370652,5.9304465438947,13.84,,,,3.0885899066925,24.6529190782701,,,0
MDV,Maldives,MV,2015,9644.90655028145,4.12950531912921,,,,,9.85699871874095,8.54481845218355,5.84453336194432,13.84,,,,3.8685998916626,26.5275502814218,,,0
MDV,Maldives,MV,2016,9947.80744731739,4.40994262385538,31.3,0.1,0.6,11.7,9.19466709461259,7.9736688769592,5.76992403202931,13.81,,,,3.66123008728027,24.2042777622576,0.4226116240024566,,0
MDV,Maldives,MV,2017,10509.628805812,4.81642625652914,,,,,8.56223528232573,7.42981694313509,5.62955465837886,13.78,15.3,14.8,9.1,3.82268559882407,20.3517479915771,,,0
MDV,Maldives,MV,2018,11423.2838427029,5.40434416269888,,,,,7.96948705522277,6.92129163695058,5.37786270002227,13.75,,,,3.85681779847259,21.9717105537807,,,0
MDV,Maldives,MV,2019,11740.2724029785,5.72609479937709,29.3,0.0,0.0,11.2,7.40431525294222,6.43604930954204,5.05306973321323,13.72,,,,4.12356944795488,25.4133270384298,,,0
MDV,Maldives,MV,2020,7393.8886543933,3.71260458336665,,,,,6.88154076367319,5.98529420730362,4.69883929396716,13.72,,,,5.84760793108804,35.3461280144751,,,0
MDV,Maldives,MV,2021,10176.143882547,5.25245736955218,,,,,6.41253685833476,5.58364479677774,4.36720333322531,,,,,4.61379747500137,29.475529855381,,,0
MDV,Maldives,MV,2022,11786.0091545343,6.17711811394637,,,,,6.02670005207896,5.25301642535013,4.08874897392559,,,,,4.67344315449896,,,,0
MDV,Maldives,MV,2023,12530.3602359683,6.5908943019579,,,,,5.70566171366928,4.97936971216632,3.85875454867525,,,,,5.16706374664829,,,,0
MEX,Mexico,MX,2000,7524.0271380091,742.061329749126,53.4,16.3,26.2,55.1,28.0919890856832,23.7364277515795,14.2278213656478,9.95,,,,3.80870008468628,12.0964929315521,,,1
MEX,Mexico,MX,2001,7952.76479510706,796.064590549136,,,,,26.8387980283484,22.685732181288,13.2531664523439,9.99,,,,4.0313401222229,,,,1
MEX,Mexico,MX,2002,7983.03398381759,810.666116401915,50.6,12.8,23.3,52.9,25.6708509521936,21.7106270813187,12.254842444639,10.02,32.0,6.8,2.7,4.24307012557983,,,,1
MEX,Mexico,MX,2003,7434.07465031562,765.549967888647,,,,,24.6019801568262,20.8104710334607,11.3052374799816,10.05,,,,4.83262014389038,,,,1
MEX,Mexico,MX,2004,7849.66759649565,819.459227375022,50.3,11.0,19.7,50.4,23.6262521796302,19.988830921104,10.4503385855964,10.06,,,,4.51204013824463,,,,1
MEX,Mexico,MX,2005,8671.75891885163,917.571853529104,50.9,11.7,19.9,48.4,22.7170921488871,19.227277726511,9.76981059768883,10.07,29.4,9.2,5.4,4.63395023345947,,,,1
MEX,Mexico,MX,2006,9512.63575346699,1020.26505788201,49.7,9.0,17.0,45.9,21.894915014563,18.539804346445,9.35458497493419,10.08,33.7,6.2,1.6,4.4931697845459,,,,1
MEX,Mexico,MX,2007,10134.3327129706,1102.35555488044,,,,,21.1447445199869,17.9204027399893,9.19659645404651,10.1,,,,4.47921991348267,,,,1
MEX,Mexico,MX,2008,10523.7685427665,1161.55345998465,50.8,10.1,18.7,46.0,20.4318195275518,17.3274511495669,9.15912801680302,10.12,,,,4.60609006881714,,,,1
MEX,Mexico,MX,2009,8423.56933214711,943.437415024633,,,,,19.7679746792109,16.7729657870398,9.10638298689678,10.14,,,,4.94933986663818,20.5779680774514,,,0
MEX,Mexico,MX,2010,9728.80078237782,1105.42423857281,47.7,8.4,16.3,46.3,19.1200820973707,16.2462464207923,9.00469286326908,10.15,,,,4.93695020675659,20.4815497561358,,Low,0
MEX,Mexico,MX,2011,10664.4944046282,1229.01370357775,,,,,18.50665508132,15.7409767955274,8.84816324987701,10.16,,,,4.90405988693237,20.8740737942661,,,0
MEX,Mexico,MX,2012,10744.1335229686,1255.11042466592,49.6,7.3,15.3,44.1,17.9096367765308,15.2486807784634,8.65069813912697,10.16,25.6,6.0,1.9,4.88348007202148,20.9324326043308,,,0
MEX,Mexico,MX,2013,11216.800851866,1327.43629043927,,,,,17.3373461743783,14.7776720509193,8.46765653854591,10.16,,,,4.50858020782471,20.6909750829168,,,0
MEX,Mexico,MX,2014,11391.3773510244,1364.5077177646,48.9,7.2,15.1,46.6,16.7787677792909,14.3182210504978,8.34297069514184,10.16,,,,5.06808996200562,20.9971763620163,,,0
MEX,Mexico,MX,2015,10021.2386124039,1213.29446777998,,,,,16.2473270557758,13.8806379316966,8.31083224882535,10.16,24.7,8.8,0.7,5.05087995529175,20.8689511506401,0.5588834881782532,,0
MEX,Mexico,MX,2016,9097.92397674769,1112.2334974527,46.9,4.4,10.5,37.8,15.7233313639955,13.450762088057,8.40748301833743,10.15,19.9,6.2,2.6,4.75795984268188,20.3281994162596,,,0
MEX,Mexico,MX,2017,9649.27816772402,1190.721475906,,,,,15.2153765880435,13.0350069551516,8.58971320241108,10.15,,,,4.39752006530762,19.8664920928197,,,0
MEX,Mexico,MX,2018,10084.7937553679,1256.3001827758,46.0,3.9,9.1,35.3,14.7206472110957,12.6284847770754,8.70214802223355,10.16,,,,4.13945007324219,19.8697097115272,,,0
MEX,Mexico,MX,2019,10369.5553585271,1304.10620390245,,,,,14.2284092823639,12.2244104563377,8.63647965882894,10.16,17.4,6.2,2.3,,19.8103353511537,,,0
MEX,Mexico,MX,2020,8841.2707511328,1121.06476740151,44.6,4.3,9.6,36.5,13.7606483028622,11.8390871317382,8.41949767803091,10.15,18.6,3.0,0.7,4.49967002868652,21.6980704220947,,,0
MEX,Mexico,MX,2021,10314.0506725979,1316.56946673528,,,,,13.3239958985978,11.4761485676047,8.1526873685343,,18.7,5.4,1.8,4.23823022842407,20.8923836619005,,,0
MEX,Mexico,MX,2022,11402.1410374782,1466.46489930368,43.5,2.3,5.7,27.4,12.873856786903,11.1038720726023,7.87228945354429,,12.7,4.2,0.6,4.0658597946167,22.3129296276289,,,0
MEX,Mexico,MX,2023,13826.1306570122,1793.79885934327,,,,,12.4590753638058,10.7598467567329,7.59449027999813,,,,,,22.4670700946052,,,0
MHL,Marshall Islands,MH,2000,2264.79114897645,0.1148385,,,,,42.4663728856379,33.6863736395642,19.0991173161962,,,,,,,,,1
MHL,Marshall Islands,MH,2001,2394.34501105178,0.1224061,,,,,42.5039264733171,33.7878572146376,19.1466566235178,,,,,,,,,1
MHL,Marshall Islands,MH,2002,2566.06708799222,0.13196,,,,,42.3805402056166,33.7633608582673,19.0959312964999,,,,,8.1951904296875,,,,1
MHL,Marshall Islands,MH,2003,2539.3307383954,0.1311285,,,,,42.1304255190904,33.6595213273163,18.9738895408812,,,,,11.8441295623779,,,,1
MHL,Marshall Islands,MH,2004,2566.08291015814,0.1329,,,,,41.7986470187022,33.4700161712435,18.8386971686987,,,,,,,,,1
MHL,Marshall Islands,MH,2005,2658.65217893885,0.138,,,,,41.4220483050277,33.2559534368865,18.7309619534711,,,,,,,,,1
MHL,Marshall Islands,MH,2006,2754.26988767503,0.1432,,,,,41.0092869861544,32.9994535629179,18.6318519700741,,,,,,,,,1
MHL,Marshall Islands,MH,2007,2892.28403958874,0.1505,,,,,40.6012744333689,32.7582534381057,18.4859807120066,,,,,,,,,1
MHL,Marshall Islands,MH,2008,2817.60522775322,0.1466,,,,,40.1859751812697,32.4928179707256,18.3269145061682,,,,,,62.0000729877217,,,1
MHL,Marshall Islands,MH,2009,2906.63026970914,0.1512,,,,,39.7438165869233,32.2154482942992,18.1923869389643,,,,,,59.7904775132275,,,1
MHL,Marshall Islands,MH,2010,3095.45768964722,0.1611,,,,,39.3662226943973,31.9915438886235,18.0570959883395,,,,,,54.3716201117318,,,1
MHL,Marshall Islands,MH,2011,3319.39815439151,0.1723,,,,,38.8679169332544,31.664891116021,17.8979860451928,,,,,,54.421923389437,,,1
MHL,Marshall Islands,MH,2012,3514.26515490383,0.1807,,,,,38.2140151313776,31.2143644748534,17.7051090195028,,,,,,53.3502263420033,,,1
MHL,Marshall Islands,MH,2013,3677.90690791421,0.1864,,,,,37.4846651488797,30.7020073278431,17.4383201095412,,,,,,54.22419527897,,,1
MHL,Marshall Islands,MH,2014,3735.23977829545,0.186,,,,,36.6176013050214,30.0472525601101,17.0874389003932,,,,,,49.1885634408602,,,1
MHL,Marshall Islands,MH,2015,3764.34426229508,0.1837,,,,,35.6738739861732,29.3384102704159,16.6571146942156,,,,,,55.378590636908,,,1
MHL,Marshall Islands,MH,2016,4229.80988911945,0.2018,,,,,34.7783260063908,28.6685858864298,16.220553220051,,,,,,56.4015948795837,,,1
MHL,Marshall Islands,MH,2017,4592.83457628576,0.2137,,,,,33.8111840558591,27.9241214191585,15.7686231158014,,39.8,12.5,4.2,,60.7703738886289,,,1
MHL,Marshall Islands,MH,2018,4858.12079054875,0.22,,,,,32.8640368694861,27.1993076550121,15.2880112982325,,,,,,61.7302959090909,,,1
MHL,Marshall Islands,MH,2019,5292.33985502306,0.2329,35.5,2.1,6.7,36.5,31.9252789124803,26.4653419825017,14.7991600278785,,,,,9.88208961486816,65.2751107771576,,,1
MHL,Marshall Islands,MH,2020,5661.96787336674,0.2418,,,,,31.02859927019,25.7814757830925,14.3096847378894,,,,,13.8350374540234,59.4431771972105,,,1
MHL,Marshall Islands,MH,2021,6258.61193705127,0.2589,,,,,30.0337378698046,24.9959400956532,13.8810159577383,,,,,15.1824411727819,,,,1
MHL,Marshall Islands,MH,2022,6322.82855503156,0.2534,,,,,29.1317485910793,24.2894251930187,13.4510468959558,,,,,7.70088005065918,,,,1
MHL,Marshall Islands,MH,2023,6678.34239060448,0.2593,,,,,28.1766387845238,23.5260768493046,13.0429704163592,,,,,,,,,1
MKD,North Macedonia,MK,2000,1861.89899780644,3.77285903420508,34.3,11.7,20.2,58.3,15.9335764655571,14.172383005163,9.03236831589384,8.01,,,,,,,,0
MKD,North Macedonia,MK,2001,1823.02267682636,3.70963603066578,,,,,14.8013225090685,13.1551356916111,8.31245619241913,8.04,,,,,,,,0
MKD,North Macedonia,MK,2002,1989.13537265159,4.01836574700972,38.5,3.0,7.5,33.1,14.3432588044462,12.7386317684778,8.10200184540644,8.06,,,,3.30014991760254,,,,0
MKD,North Macedonia,MK,2003,2445.36286400013,4.94629659908467,38.7,2.8,8.5,34.2,14.3333685954029,12.718867325433,8.30764757059515,8.08,,,,,,,,0
MKD,North Macedonia,MK,2004,2818.5814561242,5.68278447169722,38.4,1.4,4.4,23.2,14.2164605564037,12.6084318064643,8.66366800609178,8.1,,,,,,,,0
MKD,North Macedonia,MK,2005,3120.98401394233,6.25860287267898,39.3,3.1,7.7,31.4,13.7131295705908,12.1534382324725,8.82776574777105,8.11,11.7,1.7,5.0,,28.8944668516795,,,0
MKD,North Macedonia,MK,2006,3440.4411057968,6.86122697155617,42.6,4.6,9.3,32.8,12.9910287742824,11.508122572842,8.68216983351851,8.12,,,,,29.5614217561612,,,0
MKD,North Macedonia,MK,2007,4204.11328760452,8.33647497372949,,,,,12.3070214927763,10.8967227369428,8.30979521139973,8.12,,,,,29.2955972503882,,,0
MKD,North Macedonia,MK,2008,5026.4202989873,9.90955243451136,46.1,1.4,4.6,24.1,11.6609905448909,10.3200610814365,7.82786775614393,8.12,,,,,30.5512304466244,,,0
MKD,North Macedonia,MK,2009,4799.78722768888,9.40173682542688,42.8,12.1,18.6,43.6,10.99847876694,9.72861245925545,7.28186606973037,8.13,,,,,31.3393886479733,,,0
MKD,North Macedonia,MK,2010,4833.36586759968,9.40717032137752,40.1,12.8,17.9,40.0,10.3748289806168,9.17163429686335,6.79018776469438,8.14,,,,,30.0860286853756,,,0
MKD,North Macedonia,MK,2011,5416.86672931659,10.4946267676445,39.4,10.9,15.5,39.5,10.0390528600974,8.86952159952252,6.57454541674385,8.16,5.8,1.8,2.4,,28.9817013007717,,,0
MKD,North Macedonia,MK,2012,5049.8265386157,9.74526130057788,38.1,9.1,14.1,37.8,10.1795131352117,8.9869962776883,6.78731845733856,8.18,,,,,29.3726417014675,,,0
MKD,North Macedonia,MK,2013,5626.26115664893,10.8177023460674,36.2,7.4,12.0,36.5,10.6564135871359,9.40161721905249,7.3250784889511,8.2,,,,,28.2476496069864,,,0
MKD,North Macedonia,MK,2014,5925.38592218015,11.362265252778,35.2,6.4,10.5,32.4,11.1381308485789,9.81837665189985,7.91740416124196,8.21,,,,,28.3672213651207,,,0
MKD,North Macedonia,MK,2015,5262.68671928674,10.0645199625655,35.6,7.0,10.1,30.4,11.2797049349029,9.93509071655266,8.22146820512633,8.23,,,,,28.7946070150674,,,0
MKD,North Macedonia,MK,2016,5598.48622617967,10.6724670732873,34.5,5.7,9.7,27.0,10.8260254255001,9.52699602065733,7.90690219791595,8.24,,,,,27.7831376744929,,,0
MKD,North Macedonia,MK,2017,5955.2973863451,11.3070670696658,34.2,5.6,9.2,24.7,9.68286007678351,8.51413384828353,6.88617952737757,8.25,,,,,27.9967047089011,,,0
MKD,North Macedonia,MK,2018,6713.98925398989,12.6830681142388,33.0,4.3,7.1,22.7,8.25123041106904,7.2468223594791,5.57010959530691,8.27,,,,,27.8450488948036,,,0
MKD,North Macedonia,MK,2019,6718.85826635458,12.606338448547,33.5,3.9,7.4,20.5,6.96886510161188,6.11398198633663,4.37639456448027,8.27,3.7,1.6,3.2,,29.6872350269893,,,0
MKD,North Macedonia,MK,2020,6659.59651070776,12.3610369138409,,,,,5.9499939951042,5.21442510921769,3.41724662725626,8.29,,,,,34.9241702124671,,,0
MKD,North Macedonia,MK,2021,7620.80296977508,14.0002838270154,,,,,5.01686279025831,4.39192193249686,2.60671263182964,,,,,,33.3297232827698,,,0
MKD,North Macedonia,MK,2022,7606.2375253797,13.9324365500883,,,,,4.08188450830908,3.57059074479471,1.91945682799157,,,,,,32.2023941216836,,,0
MKD,North Macedonia,MK,2023,8624.28400232117,15.7636042879867,,,,,3.25872617634388,2.84818312647495,1.40967821061099,,,,,,33.5723850202686,,,0
MLI,Mali,ML,2000,256.199554978241,2.96148495386444,,,,,187.579183515672,102.820901811748,51.1694310487195,,,,,2.97156000137329,9.51851057381814,,,1
MLI,Mali,ML,2001,291.159497911347,3.46833794232063,39.9,68.6,81.7,96.5,181.467600315271,99.6662354805946,49.4659225960588,,46.8,33.8,13.7,2.65844988822937,11.0137273365614,,,1
MLI,Mali,ML,2002,318.042432039222,3.90812130701956,,,,,175.177893323019,96.4584254911029,47.8456237675353,,,,,2.8962299823761,11.6887497642883,,,1
MLI,Mali,ML,2003,371.627016389759,4.71407197968835,,,,,168.996237847119,93.3739855675839,46.371541265893,,,,,3.80559992790222,12.9389407476885,,,1
MLI,Mali,ML,2004,542.887347640863,7.11313206971576,,,,,163.075910970771,90.5105121250646,45.0636876194036,,,,,3.85922002792358,10.4749807842712,,,1
MLI,Mali,ML,2005,591.630393473705,8.0098750517116,,,,,157.433252654574,87.8336962809552,44.0223352165896,,,,,3.52218008041382,10.0097978092994,,,1
MLI,Mali,ML,2006,633.221946737432,8.85886305270726,38.9,64.0,79.3,95.3,152.183310681636,85.4035370964387,43.1259845338319,,41.9,30.7,15.8,,10.3953917781907,,,1
MLI,Mali,ML,2007,711.675463215078,10.2892437201844,,,,,147.271773958214,83.1956563148991,42.2952676654652,,,,,,10.3436114058792,,,1
MLI,Mali,ML,2008,820.715705601841,12.2621344413733,,,,,142.61633874264,81.1197062585026,41.5280737516935,,,,,3.403559923172,9.61309956045499,,,1
MLI,Mali,ML,2009,815.78868795173,12.5921381086378,33.0,63.3,80.7,97.1,138.167903524023,79.1395928979495,40.7811904161168,,,,,3.86904001235962,10.4805306998854,,,1
MLI,Mali,ML,2010,827.617660082715,13.1965274583156,,,,,133.922478717546,77.3048187783811,40.0215677915855,,30.8,20.4,9.2,3.34388995170593,10.3525409391973,,,1
MLI,Mali,ML,2011,941.574944706639,15.5068439015459,,,,,129.873686673018,75.5328745758032,39.2793099257029,,27.9,20.0,10.4,3.75423002243042,10.2593213441207,,,1
MLI,Mali,ML,2012,878.217175344858,14.8919576234895,,,,,126.055685093359,73.9030822559616,38.5972261203745,,,,,3.47949004173279,10.0167254286985,,,1
MLI,Mali,ML,2013,903.190452512378,15.7693575725419,,,,,122.449559902873,72.3461911265621,38.0306263993854,,,,,3.28465008735657,11.1300796169938,,,1
MLI,Mali,ML,2014,940.243260037952,16.9434345908343,,,,,118.98161711286,70.8463211979751,37.4314160958301,,28.1,24.1,13.1,3.64819002151489,10.9863213934273,,,1
MLI,Mali,ML,2015,838.11986940103,15.5831811704105,,,,,115.676329396115,69.420534237287,36.8950913630909,,29.0,24.1,12.5,3.80152010917664,10.3240948971986,,Medium,1
MLI,Mali,ML,2016,872.468587171653,16.7437967998329,,,,,112.425455851539,68.0105682136545,36.3707468116382,,26.4,20.2,10.6,3.09477996826172,10.3159818706394,,,1
MLI,Mali,ML,2017,924.057531692284,18.3083620400521,,,,,109.272060262975,66.592789434919,35.8751813937944,,24.6,17.1,10.5,3.78976988792419,10.4967851185142,,,1
MLI,Mali,ML,2018,996.379292136901,20.3680153812413,36.0,29.4,51.2,84.5,106.124838957611,65.147517656778,35.3216646226012,,24.2,18.8,9.8,3.55817008018494,10.3689696643132,1.633528232574463,,1
MLI,Mali,ML,2019,971.949318638092,20.4774218845414,,,,,103.114881397531,63.6660799341632,34.7463148781455,,26.4,18.5,13.0,3.55504989624023,10.8504280440645,,,1
MLI,Mali,ML,2020,953.242943290974,20.6985609387775,,,,,99.9977666649356,62.0756381153332,34.1562729645931,,25.4,15.9,7.2,3.95445990562439,12.2360084788215,,,1
MLI,Mali,ML,2021,1027.27345365357,22.9992452626719,35.7,36.1,59.5,88.6,96.9474519567274,60.5160276277694,33.5661305166922,,24.4,19.2,9.8,4.36370992660522,,,,1
MLI,Mali,ML,2022,969.72220560562,22.3740513499445,,,,,93.982847990321,58.9503005606822,32.9293336567168,,21.8,18.5,10.6,4.04512227529275,,,,1
MLI,Mali,ML,2023,1035.86242628411,24.6215455648753,,,,,91.3014473438702,57.5534301158841,32.3745736478615,,,,,4.18465094218116,,,,1
MLT,Malta,MT,2000,10348.4860163,4.03680986464044,,,,,7.63342244668865,6.69570120558434,5.08668110224016,6.55,,,,,37.8055618884402,,,0
MLT,Malta,MT,2001,10357.7026407269,4.07086715347963,,,,,7.39679421585039,6.4866060800295,4.9239032021257,6.58,,,,,39.7019264748816,,,0
MLT,Malta,MT,2002,11251.2024877398,4.45512739786786,,,,,7.20717765299112,6.32093775288124,4.79438223966485,6.62,,,,4.15744018554688,39.0847588596157,,,0
MLT,Malta,MT,2003,13593.9787182902,5.41831522549353,,,,,7.067722922304,6.19914349139538,4.69407711941983,6.65,,,,,42.3257690863395,,,0
MLT,Malta,MT,2004,15212.1312964883,6.10414150107928,,,,,6.97692934487651,6.12013750365186,4.62470260048462,6.69,,,,4.430260181427,40.4288861442945,,,0
MLT,Malta,MT,2005,15831.3439802756,6.39323496493061,,,,,6.91716071592085,6.06798557259644,4.5853135955011,6.73,,,,,40.1639540533547,,,0
MLT,Malta,MT,2006,16653.6038312389,6.74983886163175,28.0,0.5,0.6,1.0,6.88858358110233,6.04295746981921,4.57101936042897,6.76,,,,,40.3005382344666,,,0
MLT,Malta,MT,2007,19444.1743635565,7.90841237384313,29.2,0.5,0.7,1.4,6.880085289394,6.0354467596902,4.57145956014458,6.8,,,,5.95993995666504,39.7010370000858,,,0
MLT,Malta,MT,2008,22315.3104812611,9.13541948950818,29.0,0.2,0.2,0.7,6.87796907583963,6.03549077271161,4.58187500306256,6.84,,,,5.47429990768433,41.6979173890578,,,0
MLT,Malta,MT,2009,21176.3216665018,8.73474563203364,30.2,0.5,0.6,1.1,6.87364126864929,6.03210591198758,4.58844964210345,6.87,,,,5.04781007766724,40.9596883284848,,,0
MLT,Malta,MT,2010,21946.6070188242,9.09704418215877,29.0,0.3,0.3,0.6,6.86005427905926,6.01894559559552,4.58759872143333,6.91,,,,6.20798015594482,39.6678376742534,,,0
MLT,Malta,MT,2011,23516.9691282762,9.78936170508927,29.1,0.2,0.4,0.7,6.83090282853131,5.99471571827827,4.57392484518064,6.94,,,,7.57771015167236,40.4489553933208,,,0
MLT,Malta,MT,2012,22878.3131257656,9.60953210558909,29.4,0.2,0.3,0.5,6.7891290586359,5.96084154067888,4.55073160895539,6.97,,,,6.24788999557495,39.8705040895979,,,0
MLT,Malta,MT,2013,25415.5566806942,10.7967826335257,28.8,0.0,0.1,0.3,6.73797646546412,5.91799703542963,4.51724658781639,7.0,,,,7.40672016143799,38.8602653571455,,,0
MLT,Malta,MT,2014,27424.5765369278,11.888032861804,29.0,0.0,0.0,0.2,6.67553039448744,5.86518679067462,4.47118086528781,7.02,,,,6.84973001480103,37.7394748537155,,,0
MLT,Malta,MT,2015,25529.6813131565,11.3407950329304,29.4,0.1,0.1,0.4,6.59839421528366,5.7968506617307,4.41504229458535,7.04,,,,4.91352987289429,35.3561677753131,,,0
MLT,Malta,MT,2016,26459.0772054811,12.0257828852772,29.1,0.1,0.2,0.3,6.50064793354359,5.71078411511714,4.35197560289035,7.07,,,,4.95570993423462,34.4585897163352,,,0
MLT,Malta,MT,2017,30317.2443357939,14.1613667327153,29.2,0.2,0.2,0.4,6.38478992846296,5.60937122309086,4.27100433343911,7.09,,,,4.34281015396118,31.8154668144172,,,0
MLT,Malta,MT,2018,33382.2677502638,16.1537795111559,28.7,0.2,0.2,0.4,6.26149002923152,5.50377752655517,4.18660179004487,7.12,,,,,32.5918230267083,,,0
MLT,Malta,MT,2019,32421.9179753188,16.3377935307788,31.0,0.3,0.5,0.7,6.11808602491842,5.37922242081343,4.09308759536478,7.15,,,,4.79941987991333,32.703494923874,,,0
MLT,Malta,MT,2020,31833.596382464,16.4099005991964,31.4,0.4,0.7,1.0,5.96749099531594,5.24800498944199,3.99430088481099,7.18,,,,,39.84070002735,,,0
MLT,Malta,MT,2021,38065.354346575,19.7235633546779,31.6,0.1,0.2,0.5,5.81528835479,5.11586625254353,3.89048962808286,,,,,4.93089008331299,37.1836325292855,,,0
MLT,Malta,MT,2022,36224.2819955817,19.2391870835194,34.6,0.1,0.2,0.7,5.65315500954276,4.97612174082209,3.78014647781655,,3.3,0.7,0.4,4.71973991394043,35.9014900256566,,,0
MLT,Malta,MT,2023,40182.4313854634,22.2107184010207,,,,,5.49563753755485,4.84091865013415,3.67723523702435,,,,,,34.300064472564,,,0
MMR,Myanmar,MM,2000,196.619580625284,8.90506616358643,,,,,89.4743016752373,73.8688860597108,37.5824470634448,12.15,40.8,30.0,10.7,,,,,1
MMR,Myanmar,MM,2001,141.525660705722,6.47779068822844,,,,,87.1219822690909,72.2520992474518,36.5623696478657,12.2,,,,,,,,1
MMR,Myanmar,MM,2002,146.598390364449,6.7776325120781,,,,,84.7105560242093,70.5375531853041,35.5691589539275,12.24,,,,,,,,1
MMR,Myanmar,MM,2003,224.292688912409,10.4671099776717,,,,,82.2121524802808,68.7631125636626,34.5614457098715,12.29,42.7,29.2,11.7,,3.05760962946427,,,1
MMR,Myanmar,MM,2004,224.508811413327,10.5673540564049,,,,,79.6927834371263,66.940378520106,33.5893237173859,12.35,,,,,3.64395423975417,,,1
MMR,Myanmar,MM,2005,252.685193060728,11.9869724185103,,,,,77.0552201009479,64.953925498948,32.6418466419931,12.4,,,,,2.80606806409765,,,1
MMR,Myanmar,MM,2006,303.495087119254,14.5025537098303,,,,,74.375532757399,62.9382365138676,31.7479706289135,12.46,,,,,,,,1
MMR,Myanmar,MM,2007,419.375780725042,20.1824774805512,,,,,71.6114013849147,60.8080829609466,30.8467354006511,12.52,,,,,,,,1
MMR,Myanmar,MM,2008,658.442487229705,31.8625541019378,,,,,101.080494672746,70.8111137542739,30.5482698300225,12.57,,,,,,,,1
MMR,Myanmar,MM,2009,758.442935789255,36.9061813808127,,,,,65.9780346472334,56.4001632044528,29.2098236343758,12.62,35.1,22.6,7.9,,,,,1
MMR,Myanmar,MM,2010,1010.53417343401,49.5408133424834,,,,,63.2143514967036,54.2124357559673,28.4302257669702,12.67,,,,,,,,1
MMR,Myanmar,MM,2011,1213.62898703376,59.9773260859908,,,,,60.5144024431198,52.0533290655555,27.7195739939804,12.68,,,,0.787440001964569,,,,1
MMR,Myanmar,MM,2012,1202.6658960055,59.9377966482157,,,,,57.9780256498967,50.0201752958252,27.016875467413,12.68,,,,,10.5504277139389,,,1
MMR,Myanmar,MM,2013,1199.09561597055,60.269732854827,,,,,55.5848367036023,48.0889648058741,26.3139022243803,12.66,,,,,14.0348673040125,,,1
MMR,Myanmar,MM,2014,1293.00042298688,65.5313741996663,,,,,53.4298756946671,46.3398022560574,25.6435589663562,12.63,,,,,16.4944873473396,,,1
MMR,Myanmar,MM,2015,1166.73305546337,59.6072904076191,38.1,18.2,40.6,82.5,51.346121058869,44.634874627922,24.9937203909031,12.59,,,,,17.0397019631168,1.578477025032044,,1
MMR,Myanmar,MM,2016,1229.19713515893,63.2983619962153,,,,,49.47181951273,43.090674421026,24.3286271436276,12.55,29.4,18.5,6.6,,15.3475412654351,,,1
MMR,Myanmar,MM,2017,1272.82241830603,66.0530404830016,30.7,10.3,29.1,79.8,47.722114752985,41.6436592287545,23.7289658034084,12.51,,,,2.16652989387512,16.9198889367861,,,1
MMR,Myanmar,MM,2018,1298.21310320785,67.860515989517,,,,,45.9776222546035,40.1989763776496,23.1782583174664,12.49,26.7,19.5,7.4,1.99249005317688,6.38116100422309,,,1
MMR,Myanmar,MM,2019,1425.98954211903,75.0651062276892,,,,,44.401819140587,38.8997044415054,22.6200115027839,12.49,,,,1.99976003170013,13.7755198098588,,,1
MMR,Myanmar,MM,2020,1490.21683548367,79.0061136431906,,,,,42.8573643355886,37.6019434036142,22.0998981963107,12.48,,,,,,,,1
MMR,Myanmar,MM,2021,1242.72134419599,66.3452911601683,,,,,41.3675582202375,36.3516023305357,21.5948101889259,,,,,,,,,1
MMR,Myanmar,MM,2022,1158.05005034332,62.2530498916449,,,,,40.0308944745387,35.2003902539533,21.0622578668723,,,,,,,,,1
MMR,Myanmar,MM,2023,1233.19666209269,66.757619,,,,,38.736244713258,34.1059062690805,20.5934828612075,,,,,,,,,1
MNE,Montenegro,ME,2000,1627.06511911987,0.984293043811565,,,,,14.2198505894103,12.6686341960207,8.49211418049996,6.43,,,,,,,,0
MNE,Montenegro,ME,2001,1909.59870186179,1.15986924592513,,,,,13.6646164133924,12.1521083503768,8.3712989302871,6.42,,,,,,,,0
MNE,Montenegro,ME,2002,2106.6350684523,1.28468505052413,,,,,12.989187026827,11.5298791748524,8.21141874048461,6.42,,,,,,,,0
MNE,Montenegro,ME,2003,2789.15906483509,1.70771005314938,,,,,12.2314907493122,10.8327084542499,7.92126537923214,6.41,,,,,,,,0
MNE,Montenegro,ME,2004,3380.16512135859,2.07323441768066,,,,,11.4056501524538,10.0778042731963,7.49565166710861,6.41,,,,,,,,0
MNE,Montenegro,ME,2005,3674.6179242797,2.25717448078597,30.2,0.4,1.6,16.4,10.5579288261092,9.3020430598822,6.96520809193035,6.4,8.3,3.5,7.0,,,,,0
MNE,Montenegro,ME,2006,4425.67887307803,2.72190314891482,30.0,0.4,1.2,16.3,9.7020451961287,8.52509611960788,6.42869249327609,6.4,,,,,,,,0
MNE,Montenegro,ME,2007,5976.39414454596,3.68071174377224,31.4,0.4,0.6,9.5,8.85788055454988,7.75801594779927,5.91480672687453,6.39,,,,,,,,0
MNE,Montenegro,ME,2008,7367.75190910882,4.54567452761096,30.5,0.3,0.5,6.4,8.04104101654798,7.01776831376699,5.40710228446294,6.38,,,,,,,,0
MNE,Montenegro,ME,2009,6727.10776676969,4.1593303695471,31.0,0.0,0.6,7.5,7.27694693739086,6.32723683752496,4.89441936031769,6.38,,,,,,,,0
MNE,Montenegro,ME,2010,6688.40259641346,4.1429838434912,28.9,0.0,0.8,10.0,6.5790770587086,5.69879422997566,4.39090128060034,6.38,,,,,,,,0
MNE,Montenegro,ME,2011,7325.64689244715,4.54442842149512,30.8,0.4,1.0,12.0,5.94959467206934,5.13264116846439,3.90461487111343,6.38,,,,,,,,0
MNE,Montenegro,ME,2012,6577.74033229273,4.08752624181268,41.2,5.6,11.1,29.5,5.39423816986811,4.63441871184072,3.44028010644642,6.38,,,,,,,,0
MNE,Montenegro,ME,2013,7172.92908521143,4.46577240037453,39.0,5.2,8.7,28.2,4.90605776146623,4.19567864183735,3.01329548345504,6.37,5.8,0.0,2.5,,,,,0
MNE,Montenegro,ME,2014,7364.96590101549,4.593853290963,38.8,3.9,9.3,25.9,4.48452306285991,3.81696963746047,2.62734618064523,6.35,,,,,,,,0
MNE,Montenegro,ME,2015,6491.19280618646,4.05473007757718,39.0,3.6,8.5,24.6,4.12595207679113,3.49402591936501,2.28641658297206,6.32,,,,,,,,0
MNE,Montenegro,ME,2016,6999.1358134109,4.37693057832394,38.5,3.3,6.2,20.1,3.81974668716017,3.21903092916036,1.98494277994679,6.3,,,,,,,,0
MNE,Montenegro,ME,2017,7758.36921956034,4.85659948079882,36.9,4.6,7.5,19.2,3.56190621117183,2.98641944118704,1.72218135520001,6.28,,,,,,,,0
MNE,Montenegro,ME,2018,8790.88152116679,5.50694223835668,36.8,3.9,6.9,21.1,3.34549220341134,2.79086868183007,1.50469596757477,6.26,8.7,5.1,5.9,,,,,0
MNE,Montenegro,ME,2019,8842.48528706869,5.54205418112616,35.7,2.5,4.9,17.6,3.1563722032915,2.61864726882066,1.33215295430548,6.24,,,,,,,,0
MNE,Montenegro,ME,2020,7612.62845881291,4.76999686600758,35.4,2.2,4.9,17.6,2.98935635662226,2.46621887569646,1.20205569853201,6.23,,,,,,,,0
MNE,Montenegro,ME,2021,9377.48879714989,5.86142750512493,34.3,2.5,4.0,14.5,2.8375703174216,2.32971061756194,1.10806080428976,,,,,,,,,0
MNE,Montenegro,ME,2022,9990.20444616996,6.22980158079157,,,,,2.70035827359175,2.20799566645222,1.04238527352141,,,,,,,,,0
MNE,Montenegro,ME,2023,12077.3747094687,7.53059337522034,,,,,2.58463892235764,2.10798615643729,0.992097999274621,,,,,,,,,0
MNG,Mongolia,MN,2000,476.02755082717,1.13689612361298,,,,,62.8598094172939,47.4147488278053,23.4845971074971,7.52,29.8,11.6,7.1,5.55037021636963,22.3891425330131,,,1
MNG,Mongolia,MN,2001,524.453483552485,1.2679979343125,,,,,57.9721654214225,43.9919253671678,22.2180809984696,7.4,,,,,22.0512835296387,,,1
MNG,Mongolia,MN,2002,570.249213248399,1.39655571997409,32.9,18.7,37.0,78.3,53.2439583089436,40.6386940446842,20.9910286921471,7.27,,,,7.21078014373779,21.6971437186794,,,1
MNG,Mongolia,MN,2003,643.168068921658,1.59529735578349,,,,,48.7414133135602,37.407007784802,19.7977837633686,7.12,,,,,24.6004106301586,,,1
MNG,Mongolia,MN,2004,794.154552001815,1.99206680809598,,,,,44.5350709455998,34.3580537743833,18.6297669120619,6.97,23.5,5.1,0.8,4.32572984695435,,,,1
MNG,Mongolia,MN,2005,994.90010913241,2.5234716011042,,,,,40.6733214343408,31.534248802455,17.5006142980574,6.82,27.5,5.3,2.7,,,,,1
MNG,Mongolia,MN,2006,1329.89179579053,3.41405566161598,,,,,37.1383808923841,28.9302882287476,16.3877749175905,6.66,,,,,23.3478937557306,,High,1
MNG,Mongolia,MN,2007,1627.68787743359,4.23499970390058,35.8,4.0,14.3,53.2,33.9463000808713,26.5660535816239,14.897594155597,6.51,,,,4.69013023376465,23.2066924853967,,,1
MNG,Mongolia,MN,2008,2127.42678594737,5.62321660804288,,,,,31.0653313550252,24.4200675741716,13.5087873084582,6.35,,,,,25.4611680065912,,,1
MNG,Mongolia,MN,2009,1703.32756790019,4.58385036788972,,,,,28.5096330882898,22.5139435917149,12.3327770810331,6.2,,,,5.14484977722168,26.4585125883965,,,1
MNG,Mongolia,MN,2010,2625.21881402433,7.18948199890094,33.1,3.5,12.1,51.5,26.2619236080128,20.8277317213337,11.4048190638835,6.04,15.5,4.7,1.8,4.64510011672974,22.9057961964451,,,1
MNG,Mongolia,MN,2011,3736.04201455077,10.4097973778571,33.9,2.2,8.5,46.5,24.3503378311878,19.3941194789645,10.725258138302,5.88,,,,4.60902976989746,24.4306901415433,,,1
MNG,Mongolia,MN,2012,4328.89001905655,12.292770631565,33.8,1.1,5.6,36.7,22.7877852242383,18.2290095353691,10.2790275694877,5.72,,,,5.19520998001099,27.0748266010603,,,1
MNG,Mongolia,MN,2013,4340.14310544449,12.5821226042577,,,,,21.5319150643312,17.2997447866711,10.026777510573,5.59,10.8,1.6,1.0,4.94077014923096,23.6688195949134,,,1
MNG,Mongolia,MN,2014,4126.23975800524,12.2265146680622,32.0,0.8,4.0,30.6,20.4452062347476,16.4946661784486,9.82520032460153,5.47,,,,4.71484994888306,23.7332236614954,,,1
MNG,Mongolia,MN,2015,3838.92126989984,11.6198925906941,,,,,19.4219995253845,15.7342164854969,9.56295750501452,5.37,,,,4.22361993789673,24.313084296183,,,0
MNG,Mongolia,MN,2016,3619.90026383792,11.1813506493573,32.3,1.9,8.1,44.7,18.4137022663058,14.9757169506389,9.24259123834805,5.27,7.3,0.8,1.2,5.18310022354126,27.3985619685378,,,0
MNG,Mongolia,MN,2017,3645.96708669551,11.480847740736,,,,,17.4072964286845,14.2106204930525,8.91617473599974,5.18,,,,4.06897020339966,23.7015119822005,,,0
MNG,Mongolia,MN,2018,4107.64288528468,13.1780947204986,32.7,1.7,6.7,41.1,16.429863964217,13.460595375306,8.62538884367445,5.08,9.4,1.8,0.9,,22.5006291310701,0.7889975905418396,,0
MNG,Mongolia,MN,2019,4347.54610314873,14.2063590175143,,,,,15.555161238703,12.7904498324492,8.36306147212677,4.99,,,,,25.6162465688217,,,0
MNG,Mongolia,MN,2020,4001.25193077703,13.3129814290891,,,,,14.8380424684519,12.2436637908792,8.1463830124563,4.9,,,,,33.1789935421218,,,0
MNG,Mongolia,MN,2021,4517.61578018785,15.2864417376686,,,,,14.2908170286191,11.8339519893216,7.94406860925482,,,,,,31.6966486780552,,,0
MNG,Mongolia,MN,2022,4993.51487463495,17.146471713748,31.4,0.4,2.3,24.4,13.8994275265758,11.5509875701076,7.71132071545476,,,,,,,,,0
MNG,Mongolia,MN,2023,5838.63108083902,20.3251213939074,,,,,13.6356145768927,11.3719258793313,7.44268750920678,,8.8,1.9,2.7,3.65764999389648,,,,0
MOZ,Mozambique,MZ,2000,327.12623979157,5.93068521461594,,,,,162.96140116845,106.073336663767,44.2307377217323,19.34,,,,,,,,1
MOZ,Mozambique,MZ,2001,304.792138621913,5.65015406710346,,,,,154.195858690346,100.082127837642,41.7081562551556,19.29,50.7,24.5,8.1,,,,,1
MOZ,Mozambique,MZ,2002,313.886661721198,5.95076942660213,46.9,87.6,93.3,97.9,145.963396238816,94.5190060568814,39.3785807607356,19.24,,,,,,,,1
MOZ,Mozambique,MZ,2003,339.488737800648,6.58352686058062,,,,,138.537184006803,89.4578328003421,37.2619060712596,19.17,46.9,21.2,5.4,,,,,1
MOZ,Mozambique,MZ,2004,400.056973161545,7.93725556535765,,,,,131.560933555952,84.6351604199973,35.3916779710343,19.09,,,,3.19839000701904,,,,1
MOZ,Mozambique,MZ,2005,436.773856167384,8.86850489994673,,,,,124.992727702636,80.1834541877689,33.7984630677426,19.0,,,,3.85834002494812,,,,1
MOZ,Mozambique,MZ,2006,457.487647833183,9.50983553693372,,,,,118.155988802301,75.718757556632,32.3837695684125,18.89,,,,3.7359299659729,,,,1
MOZ,Mozambique,MZ,2007,507.874923914304,10.8114560059405,,,,,110.046995506517,69.7408397752481,31.1922405367376,18.77,,,,,,,,1
MOZ,Mozambique,MZ,2008,592.159111184122,12.9203409646544,45.5,81.1,90.4,97.5,103.657478080903,67.0276920847382,30.1745383883981,18.64,43.5,18.2,4.2,,,,Medium,1
MOZ,Mozambique,MZ,2009,547.697144193651,12.2638947900125,,,,,97.516245679965,63.6589648986713,29.2293638077988,18.49,,,,,,,,1
MOZ,Mozambique,MZ,2010,496.185839392659,11.411894723864,,,,,94.9737707972197,63.483272910077,28.4136166019285,18.35,,,,5.24539789470058,19.6201763346953,,,1
MOZ,Mozambique,MZ,2011,618.17649286789,14.619279988716,,,,,90.4658717937825,59.7074492609545,27.741740541317,18.22,42.9,15.6,6.1,5.53052494030773,21.2948647268172,2.094931364059448,,1
MOZ,Mozambique,MZ,2012,685.685748199513,16.6881141440745,,,,,86.2985137895812,57.4649800971787,27.2067592802709,18.12,,,,5.5575098991394,22.2435713893799,,,1
MOZ,Mozambique,MZ,2013,686.505672517351,17.1980730571981,,,,,82.5994182986901,56.0844699236389,26.7793655770604,18.03,,,,6.03576993942261,,,,1
MOZ,Mozambique,MZ,2014,697.142680444123,17.9782465860662,54.0,74.4,84.3,94.6,79.2068952190868,54.7622948159438,26.5097448167846,17.97,,,,6.39920843528224,,,,1
MOZ,Mozambique,MZ,2015,610.563774706589,16.208985769615,,,,,75.1433903724391,53.8049053018496,26.4204745184093,17.92,42.3,15.6,4.4,5.91515660575298,,,,1
MOZ,Mozambique,MZ,2016,441.489734819071,12.0690512371711,,,,,72.3363081834367,52.917744235745,26.3957979614764,17.88,,,,5.80086994171143,18.5198742757507,,,1
MOZ,Mozambique,MZ,2017,470.93856305196,13.2646406457768,,,,,70.9267648291458,51.4741996391937,26.4523597372561,17.85,,,,5.48664999008179,17.6256749397463,,,1
MOZ,Mozambique,MZ,2018,517.507260258101,15.0173589528452,,,,,69.5107388682696,50.6099402581477,26.4740293073938,17.82,,,,5.38976001739502,19.649486675822,,,1
MOZ,Mozambique,MZ,2019,519.09255091362,15.512759046672,50.7,81.6,89.0,96.5,68.3475779444266,49.6990238342607,26.4249176256484,17.79,,,,5.99969523584354,20.0432502816617,,,1
MOZ,Mozambique,MZ,2020,462.433876479921,14.2354201741884,,,,,67.3413438990073,49.1257412365565,26.3177258324787,17.76,37.5,14.8,3.9,6.17059556957808,22.904910395848,,,1
MOZ,Mozambique,MZ,2021,509.907829475551,16.1680554754449,,,,,65.805460394953,47.7379025460816,26.06862601177,,,,,6.34063583505687,23.3044189350831,,,1
MOZ,Mozambique,MZ,2022,578.251663751351,18.8835285813734,49.6,81.4,89.1,96.3,64.3299752975423,46.5089699978585,25.7687916037381,,36.7,15.4,3.8,5.97607342054314,26.0040350878841,,,1
MOZ,Mozambique,MZ,2023,622.985619320596,20.9542209835472,,,,,61.6531059134332,45.4154098583946,25.4107428847085,,,,,,,,,1
MRT,Mauritania,MR,2000,680.911061879778,1.77952088647015,39.0,30.7,49.2,82.8,98.2186737349934,67.5773660319327,38.9565986042602,,38.6,29.7,15.3,,,,,1
MRT,Mauritania,MR,2001,651.817840199777,1.74606355761355,,,,,93.4715086276699,64.9457106561859,37.5831509040234,,,,,2.10683989524841,,,,1
MRT,Mauritania,MR,2002,648.879643934862,1.77705748126043,,,,,88.1241033103675,61.8131796087175,36.1662619902854,,,,,2.27714991569519,,,,1
MRT,Mauritania,MR,2003,732.017820812675,2.05114760673687,,,,,82.4723872669563,58.3876479739024,34.740692017208,,,,,2.36501002311706,,,,1
MRT,Mauritania,MR,2004,823.554457141893,2.36250102324248,40.2,28.5,49.4,84.4,76.9902692412351,55.0132056396781,33.4013175624551,,,,,1.9507999420166,,,,1
MRT,Mauritania,MR,2005,998.96583416747,2.93601952560241,,,,,71.8363956755256,51.8379244154118,32.104153007854,,,,,,,,,1
MRT,Mauritania,MR,2006,1300.60367988659,3.91957728592703,,,,,67.2986485579285,49.0229738525094,30.9349277778065,,,,,1.95851004123688,,,,1
MRT,Mauritania,MR,2007,1405.15016203368,4.34621235502975,,,,,63.4638526642548,46.6639910871122,29.9923258324871,,31.5,25.5,13.6,,,,,1
MRT,Mauritania,MR,2008,1635.5630623124,5.20643719380412,35.7,19.2,36.8,74.1,60.4032994069257,44.8191819975087,29.1949947053874,,23.6,16.5,8.1,,,,,1
MRT,Mauritania,MR,2009,1435.43010811893,4.71459554775102,,,,,57.9462779879565,43.3854057422666,28.5419171233729,,,,,,,,,1
MRT,Mauritania,MR,2010,1659.96369705455,5.62887879798257,,,,,56.0881273024541,42.3718423142539,27.9778181083498,,,,,,,,,1
MRT,Mauritania,MR,2011,1931.19975525465,6.7646277459033,,,,,54.491570553105,41.5414970397258,27.5087171945763,,29.7,24.4,13.9,2.33102011680603,,,,1
MRT,Mauritania,MR,2012,1859.11733247641,6.72820883622142,,,,,53.0603950347203,40.8011507718899,27.0714972656333,,23.2,20.4,11.7,2.15821003913879,,,,1
MRT,Mauritania,MR,2013,1934.24103064714,7.22307109708417,,,,,51.7245309999849,40.1059395188281,26.5885346646233,,,,,2.29354000091553,,,,1
MRT,Mauritania,MR,2014,1713.00865264234,6.59253778181518,32.6,11.7,26.3,70.0,50.365220897486,39.3464842364264,26.1399697546058,,,,,2.55796423507035,,,,1
MRT,Mauritania,MR,2015,1554.94897871782,6.16686389668677,,,,,48.9464071554556,38.5292984547666,25.6495880834812,,27.9,24.9,14.8,2.82956598871445,,1.814692735671997,,1
MRT,Mauritania,MR,2016,1565.76575722696,6.39874759213185,,,,,47.4447401141254,37.6238021221859,25.1432707049946,,,,,1.94405996799469,,,,1
MRT,Mauritania,MR,2017,1615.00401327323,6.80013589828827,,,,,45.9351255448636,36.6917317749081,24.5990523200017,,,,,,,,Very_High,1
MRT,Mauritania,MR,2018,1722.93528854073,7.47355055707378,,,,,44.4640038703403,35.7584035739088,24.075153984231,,22.8,19.2,11.5,,,,,1
MRT,Mauritania,MR,2019,1767.072710621,7.89476488582312,32.0,10.2,26.0,71.2,43.0479696328401,34.8083581298271,23.5372532825957,,19.4,17.3,11.1,1.82317996025085,,,,1
MRT,Mauritania,MR,2020,1795.76459566714,8.26075238523089,,,,,41.6692513084338,33.8423835866972,23.0032780916318,,25.8,16.8,6.4,1.802649974823,,,,1
MRT,Mauritania,MR,2021,1947.78918383313,9.22253636401272,,,,,40.320899723226,32.8748113270616,22.4974727470203,,17.4,14.8,10.1,1.891970038414,,,,1
MRT,Mauritania,MR,2022,1960.35240077424,9.55796669825369,,,,,39.1215118947649,32.001122356165,21.9889594281,,25.1,22.4,13.6,1.38966000080109,,,,1
MRT,Mauritania,MR,2023,2120.82318421747,10.6517093141644,,,,,37.8042752017412,31.0210623255586,21.4737691003222,,,,,4.71521997451782,,,,1
MUS,Mauritius,MU,2000,3981.98343249582,4.72610862247661,,,,,18.9019271971683,16.5849301090879,12.4521372890088,19.42,,,,3.71903991699219,19.8253623129901,,,0
MUS,Mauritius,MU,2001,3908.55694927435,4.67575586717657,,,,,17.5908883964758,15.4402420681884,11.3127807588118,19.47,,,,3.07347989082336,19.7655970961041,,,0
MUS,Mauritius,MU,2002,4073.06053055903,4.90649424938255,,,,,16.6202894502713,14.5901144523287,10.5432076822739,19.5,,,,3.02024006843567,19.7102368327767,,,0
MUS,Mauritius,MU,2003,4858.26575549747,5.89487391974797,,,,,16.0366820937635,14.078793801067,10.1775150097126,19.54,,,,4.35717010498047,19.3890674435909,,,0
MUS,Mauritius,MU,2004,5460.60800184198,6.66741875207306,,,,,15.7149796095208,13.7964178728657,10.0913814624332,19.56,,,,4.25577020645142,19.8721935724455,,,0
MUS,Mauritius,MU,2005,5354.02974260642,6.57610844747531,,,,,15.5404042419299,13.6436359250133,10.1069561561846,19.56,,,,4.02402019500732,19.8924138059458,,,0
MUS,Mauritius,MU,2006,5695.97525509869,7.02881068089076,35.7,1.1,3.8,30.8,15.4011376979299,13.5224876781424,10.1172083562891,19.54,,,,3.64839005470276,19.5644546147979,,,0
MUS,Mauritius,MU,2007,6574.6635764099,8.15015020922501,,,,,15.2267376985943,13.3728289707382,9.99893289365696,19.51,,,,3.18540000915527,18.3086152242654,,,0
MUS,Mauritius,MU,2008,8030.05228087539,9.99035667373497,,,,,14.9991667816483,13.1753940377531,9.73250063120188,19.45,,,,3.06307005882263,18.0348913295855,,,0
MUS,Mauritius,MU,2009,7318.12640972422,9.12884310915588,,,,,14.8298595298654,13.0318588942789,9.47325266720301,19.39,,,,3.04731011390686,20.9535022415991,,,0
MUS,Mauritius,MU,2010,8000.37643182154,10.0036706903497,,,,,14.8276405938966,13.0359656289217,9.36816915472903,19.31,,,,3.55147004127502,22.0184311446078,,,0
MUS,Mauritius,MU,2011,9197.04299089459,11.5184134299684,,,,,14.9165203538823,13.1211200329431,9.37495607523551,19.23,,,,3.33207011222839,20.4000036292481,,,0
MUS,Mauritius,MU,2012,9291.23627601053,11.6686963967887,38.5,1.1,3.4,26.2,14.9583578852599,13.1689607992552,9.38262333341159,19.13,,,,3.41820001602173,20.3563158074857,,,0
MUS,Mauritius,MU,2013,9764.64413060045,12.2929741414044,,,,,14.8708514761223,13.1022146653922,9.30513715857966,19.04,,,,3.56775999069214,21.5855001576531,,,0
MUS,Mauritius,MU,2014,10366.3550754936,13.0741299520532,,,,,14.7480339153974,13.0041605124081,9.20818335634879,18.96,,,,4.81514978408813,21.8258977747027,,,0
MUS,Mauritius,MU,2015,9507.87133656424,12.0072910456488,,,,,14.6751412901168,12.9538259897565,9.14968567032102,18.89,,,,4.75847005844116,11.3912689815079,,,0
MUS,Mauritius,MU,2016,9965.72531085228,12.5941554644136,,,,,14.7234915966543,13.0088011527884,9.17010306668025,18.83,,,,4.88207006454468,23.0671234529288,,,0
MUS,Mauritius,MU,2017,10841.6847754844,13.7135061306081,36.8,0.5,2.3,19.1,14.9630591206305,13.2359696121948,9.33585389514663,18.79,,,,4.87887001037598,22.2217761733363,,,0
MUS,Mauritius,MU,2018,11643.4605962124,14.7356959309727,,,,,15.3436089374634,13.5902649721137,9.62630619930983,18.74,,,,4.67447996139526,22.5761613136365,,,0
MUS,Mauritius,MU,2019,11403.2527870674,14.4363469796355,,,,,15.7051225131244,13.9261114211621,9.85933369082595,18.72,,,,4.54195022583008,22.8420041612902,,,0
MUS,Mauritius,MU,2020,9011.04288445023,11.4081064463144,,,,,15.8474418671538,14.069950560649,9.86783302611756,18.69,,,,4.35243988037109,31.6871860675824,,,0
MUS,Mauritius,MU,2021,9068.97300226707,11.4843488578529,,,,,15.7467701741857,13.9990631038535,9.65585659846978,,,,,4.67151021957397,32.93694745482,,,0
MUS,Mauritius,MU,2022,10223.7882316574,12.9077677895967,,,,,15.4944993009951,13.7917509171551,9.33408348783884,,,,,4.84085988998413,28.2555168393533,,,0
MUS,Mauritius,MU,2023,11182.186568616,14.1011957326741,,,,,15.1725355359031,13.5218170965115,9.00490813077476,,,,,4.56763982772827,29.0825041603987,,,0
MWI,Malawi,MW,2000,224.22415918428,2.53730758032808,,,,,173.314018784624,100.205617072704,38.6701685934245,16.49,62.1,27.6,8.5,3.60612988471985,,,,1
MWI,Malawi,MW,2001,215.474524898357,2.4980086646691,,,,,159.91844199802,93.1112472825109,36.6398757778853,16.45,,,,3.09834003448486,,,,1
MWI,Malawi,MW,2002,428.210439838398,5.0873284378737,,,,,145.478795719117,85.0689581445492,34.5565189551405,16.39,59.0,22.6,6.5,,,,,1
MWI,Malawi,MW,2003,383.348596852642,4.66978930035662,,,,,131.519480080234,77.172545323192,32.5421999645934,16.32,,,,2.20964002609253,,,,1
MWI,Malawi,MW,2004,404.674248445428,5.05872635048896,39.9,74.4,86.7,96.9,119.319770257957,70.2454911631302,30.807444924887,16.25,57.5,24.4,6.8,,,,,1
MWI,Malawi,MW,2005,414.361121984475,5.32040965147544,,,,,109.93861573931,65.0996038232031,29.6058526703877,16.17,,,,,,,,1
MWI,Malawi,MW,2006,440.822149023873,5.81827973914354,,,,,103.434866916794,61.8617958120853,28.930787225686,16.09,57.6,18.7,4.5,,,,,1
MWI,Malawi,MW,2007,475.180261659331,6.45121021911683,,,,,98.2804442567351,59.8647748272076,28.546307609179,16.01,,,,,,,,1
MWI,Malawi,MW,2008,554.048820396119,7.74361735221427,,,,,93.068677843884,57.2753864620192,28.257486681742,15.93,,,,,,,,1
MWI,Malawi,MW,2009,625.869729869625,9.00988794682039,,,,,88.0805590616537,55.5024692339814,27.8431931918116,15.87,50.2,13.2,1.9,,15.6875007051077,,,1
MWI,Malawi,MW,2010,683.124694716799,10.1283230106049,45.5,72.9,85.2,96.1,83.0274196927419,53.5645334008014,27.2073686789982,15.83,56.3,17.5,5.2,2.43236994743347,12.6994361476594,,,1
MWI,Malawi,MW,2011,763.061000394572,11.6481429583651,,,,,76.6865625733664,49.8888586495174,26.3922443386441,15.81,,,,2.85346007347107,12.526089145286,,,1
MWI,Malawi,MW,2012,558.46208832772,8.77320317816511,,,,,69.7927968687321,46.5658932973329,25.463336566405,15.82,,,,2.52861185625253,11.8715643730145,,,1
MWI,Malawi,MW,2013,496.947368267313,8.03157192762055,,,,,63.9983225091777,43.5716879163356,24.5504262841112,15.82,,,,3.72170996665955,12.992188528166,,High,1
MWI,Malawi,MW,2014,529.5133440206,8.80132616914547,,,,,60.2239684992917,41.3508412040479,23.748944837769,15.82,48.7,21.5,4.8,3.32569003105164,14.0654400013646,,,1
MWI,Malawi,MW,2015,539.605363240686,9.21947437931534,,,,,56.7084591816447,39.316531988801,23.0390085753207,15.82,45.8,14.7,2.7,3.85398006439209,12.9082034353954,1.033316254615784,,1
MWI,Malawi,MW,2016,450.506105510719,7.90986861846366,44.7,71.7,85.1,96.5,53.5029304551291,37.6409950333022,22.3916546421613,15.79,42.3,18.6,3.3,3.28257989883423,12.3291507757964,,,1
MWI,Malawi,MW,2017,495.769683367165,8.9435437935839,,,,,50.6467720579958,36.1311011724914,21.7858632113438,15.75,39.3,12.3,2.6,2.76899003982544,13.2444718284507,,,1
MWI,Malawi,MW,2018,533.203173686705,9.87923159152434,,,,,47.5237431559952,34.4958463113603,21.2526923530486,15.71,39.0,11.5,1.5,3.32295989990234,14.9216504111132,,,1
MWI,Malawi,MW,2019,580.889816066776,11.0518655798121,38.5,75.4,87.3,97.1,45.4559462807597,33.6049562970578,20.7690605787139,15.64,40.9,8.8,0.8,,14.7401066853775,,,1
MWI,Malawi,MW,2020,602.507478176106,11.7693135978545,,,,,43.0862285512254,32.2639317100239,20.2609005564456,15.58,41.8,17.1,3.5,,16.4935394603346,,,1
MWI,Malawi,MW,2021,617.447520802454,12.3781297509872,,,,,41.5268685611888,31.3992387272646,19.777762329606,,,,,,17.1870765601142,,,1
MWI,Malawi,MW,2022,604.269751184515,12.429060150742,,,,,39.9396817890851,30.5359669210332,19.3256211319805,,,,,2.74888371105811,20.1738542237372,,,1
MWI,Malawi,MW,2023,602.343619809252,12.7121500820792,,,,,38.3400818464631,29.3618791456624,18.825372760381,,,,,,,,,1
MYS,Malaysia,MY,2000,4083.52874483605,93.7897368421053,,,,,9.96405652048713,7.71733743334772,4.94716864070099,12.07,,,,5.9716100692749,16.5121871150754,,,0
MYS,Malaysia,MY,2001,3943.79943910239,92.7839473684211,,,,,9.29012252248291,7.21176817926785,4.64806952741799,12.16,,,,7.48446989059448,18.7453892602793,,,0
MYS,Malaysia,MY,2002,4184.03163773539,100.845526315789,,,,,8.81302655900902,6.85831284666989,4.44501497682859,12.22,,,,7.65792989730835,17.6745047793264,,,0
MYS,Malaysia,MY,2003,4465.32194567208,110.202368421053,46.4,3.2,8.4,30.4,8.54815328638141,6.66818882418196,4.3440477871488,12.28,,,,7.50288009643555,17.6261853193527,,,0
MYS,Malaysia,MY,2004,4939.24851854427,124.749473684211,,,,,8.41331064816489,6.581924170342,4.30163740830105,12.34,,,,5.92389011383057,18.8869059673282,,,0
MYS,Malaysia,MY,2005,5555.58179951206,143.534405818501,,,,,8.33444710393375,6.54142110477764,4.29219755953303,12.4,,,,,17.6866981371579,,,0
MYS,Malaysia,MY,2006,6158.40785533236,162.692258307056,44.8,1.7,5.0,24.7,8.28109700544379,6.52118165292692,4.28867524432981,12.47,17.5,12.7,13.2,4.48576021194458,17.7190817478083,,,0
MYS,Malaysia,MY,2007,7168.93031942508,193.549569477733,,,,,8.24972053903857,6.51961572598665,4.30122937423367,12.55,,,,4.37253999710083,18.1188211358944,,,0
MYS,Malaysia,MY,2008,8371.82156086005,230.811614370384,45.5,1.5,5.4,24.2,8.22927776721792,6.52771211694982,4.31414789196203,12.64,,,,3.95851993560791,19.567987381224,,,0
MYS,Malaysia,MY,2009,7191.43287234626,202.25745303664,,,,,8.19778195118044,6.527938497902,4.31150690451384,12.74,,,,5.97418022155762,21.6713098871415,,,0
MYS,Malaysia,MY,2010,8899.34505544675,255.01763845559,,,,,8.13989053020201,6.50701498748553,4.27586901952971,12.83,,,,4.96645021438599,18.2319253890148,,,0
MYS,Malaysia,MY,2011,10217.1068585031,297.951668674835,43.9,0.4,1.9,14.7,8.07433062167176,6.47991518626553,4.22197687198274,12.93,,,,5.76293992996216,19.7347795900774,,,0
MYS,Malaysia,MY,2012,10600.5744240026,314.443047642111,,,,,8.04011600193055,6.47753262860236,4.16765531689152,13.02,,,,5.73902988433838,20.9798770041143,,,0
MYS,Malaysia,MY,2013,10713.6407638899,323.276235524415,41.3,0.1,0.6,7.7,8.05572275658992,6.51521031928644,4.13526582244472,13.11,,,,5.48120021820068,20.6021204303102,,,0
MYS,Malaysia,MY,2014,11013.3107334403,338.066095097254,,,,,8.10123840948765,6.57748196108645,4.13342791992099,13.2,,,,5.21263980865479,19.6835443850248,,,0
MYS,Malaysia,MY,2015,9648.6797937523,301.355266964947,41.1,0.1,0.4,5.7,8.1492648561183,6.64059333230766,4.16350450419197,13.29,17.8,12.5,8.1,4.89486980438232,18.2910432040136,,,0
MYS,Malaysia,MY,2016,9476.53409809923,301.256033870334,,,,,8.1860551569654,6.69420306375893,4.21626331912788,13.38,20.8,13.7,11.6,4.75192022323608,16.7638213141114,,,0
MYS,Malaysia,MY,2017,9862.54806612235,319.109094160343,,,,,8.20245158808705,6.73132081709034,4.26002842179838,13.47,,,,4.6753101348877,15.8258190286835,,,0
MYS,Malaysia,MY,2018,10901.8019954421,358.78884571253,41.2,0.0,0.2,4.2,8.19311502243173,6.7448761968006,4.2800546722037,13.57,,,,4.47865009307861,15.9220579344968,,,0
MYS,Malaysia,MY,2019,10920.191763972,365.177721021516,,,,,8.1687383090114,6.7458403855093,4.27708723688788,13.68,25.5,14.8,9.7,4.15776014328003,17.3574598059896,,,0
MYS,Malaysia,MY,2020,9957.52626697613,337.456163961211,,,,,8.14118992382855,6.74352636810025,4.26009448643071,13.81,,,,3.91176009178162,18.4715851445262,,,0
MYS,Malaysia,MY,2021,10903.1116425938,373.784823672946,40.7,0.0,0.1,2.9,8.11573398519042,6.74239620683863,4.22659897282139,,,,,4.26109393398867,17.2542689687307,,,0
MYS,Malaysia,MY,2022,11748.0919307944,407.605841348235,,,,,8.09620705912598,6.74578989869939,4.16265698940932,,21.2,15.3,11.0,3.49933781956284,17.9061514875177,,,0
MYS,Malaysia,MY,2023,11379.0851923557,399.705137434074,,,,,8.08012982431047,6.7527725053321,4.0743023647104,,,,,3.51480007171631,17.0192684093425,,,0
NAM,Namibia,,2000,2156.67590512714,3.92223216483174,,,,,77.9212959026117,45.8907003769428,20.8587140676864,16.44,38.0,29.6,13.2,6.901780128479,28.1213974262959,,,1
NAM,Namibia,,2001,1915.58926594875,3.55734121515159,,,,,77.1190255024169,44.4997564468892,19.2508539070465,16.42,,,,6.88886976242065,28.8965425171143,,,1
NAM,Namibia,,2002,1772.07565537493,3.34916982638896,,,,,76.0725727609403,43.5254754182021,17.9465208829001,16.39,,,,6.7423300743103,27.339580526411,,,1
NAM,Namibia,,2003,2569.24739317883,4.92643938351425,63.3,47.6,61.7,80.4,75.1401714156459,42.6493345979111,17.0518647156058,16.35,,,,6.13713979721069,28.676090768305,,,1
NAM,Namibia,,2004,3403.15496192955,6.60920599477406,,,,,74.1157420505369,41.4931169342739,16.6314064281115,16.3,,,,,25.6028480364936,,,1
NAM,Namibia,,2005,3685.77299991587,7.24837483772056,,,,,70.5096038437091,38.4291321958633,16.7519030234505,16.26,,,,,25.407363019116,,,1
NAM,Namibia,,2006,4017.1834716928,8.00177955106323,,,,,64.9072420058174,36.8263838525414,17.2747007389829,16.23,,,,6.03171014785767,23.9829005097993,,,1
NAM,Namibia,,2007,4379.04313682732,8.83953647599963,,,,,60.6295471931789,38.3852344315448,18.1068993629415,16.2,37.2,22.0,8.2,,22.9477428505159,,,1
NAM,Namibia,,2008,4204.78555422749,8.60743149749471,,,,,56.4291443794593,40.6769812738475,19.1324581064371,16.18,,,,6.40342998504639,25.162421697798,,,1
NAM,Namibia,,2009,4302.91374148376,8.93884718907592,61.0,38.6,53.9,76.3,52.8589140378809,43.0895257166189,20.4153236185142,16.14,,,,,27.0436244637758,,,1
NAM,Namibia,,2010,5418.21633365814,11.4314124211316,,,,,50.7916812322294,42.707192148586,21.8156498375043,16.08,,,,8.24330043792725,28.1021144356645,,,1
NAM,Namibia,,2011,5834.7917675794,12.5233594405499,,,,,51.6417747872885,44.3900866018337,23.297931538565,16.0,,,,8.02137930818109,34.1976397187985,,,1
NAM,Namibia,,2012,5942.64680978673,13.0420535916857,,,,,55.0969047922952,48.0223418123682,24.6495169401971,15.9,,,,9.24281237985165,31.6880904419274,,,1
NAM,Namibia,,2013,5346.62131149967,12.0433072771235,,,,,53.9512291934405,47.5510362936623,25.8003927865673,15.81,30.2,18.2,8.7,8.59541659523254,35.4484303578021,1.248695492744446,Medium,1
NAM,Namibia,,2014,5378.32326241205,12.4354309696301,,,,,53.1035851532541,46.8814556265437,26.7659430793335,15.73,,,,3.66711166353218,37.1519272841928,,,1
NAM,Namibia,,2015,4774.10650865775,11.3351610835061,59.1,22.9,35.0,61.1,55.0218965060887,47.509499942734,27.4778343867757,15.67,,,,9.8507685020388,38.001067750554,,,1
NAM,Namibia,,2016,4395.68776162376,10.7220187320935,,,,,54.2252573644679,47.5898509556096,27.8304921373323,15.64,,,,10.5927948535144,35.4515783037479,,,1
NAM,Namibia,,2017,5143.96072323076,12.8951533709132,,,,,51.8679728532889,46.3140166106618,27.9379465980362,15.63,,,,1.39524534605831,38.5620994254896,,,1
NAM,Namibia,,2018,5308.60813408705,13.6820190764022,,,,,50.0827665874872,45.7148005359915,27.6903392805015,15.61,,,,8.88112249415185,35.0992328749854,,,1
NAM,Namibia,,2019,4731.9210318831,12.54192830348,,,,,47.8121207795564,44.6132257296209,27.27535543292,15.6,,,,9.32253195522987,34.5239746739119,,,1
NAM,Namibia,,2020,3878.58982993966,10.5837485415258,,,,,45.7233578089974,43.1407314788918,26.5854289632004,15.58,,,,9.27799879073429,40.3152887138993,,,1
NAM,Namibia,,2021,4412.8355693052,12.4024861836396,,,,,43.8263824751421,41.5964065549606,25.8023909850808,,,,,10.3914477380895,37.6029913421383,,,1
NAM,Namibia,,2022,4349.79908493314,12.5694491233661,,,,,41.9679522404272,39.7481100038615,25.0012352368753,,,,,9.3919470845238,35.7178502960771,,,1
NAM,Namibia,,2023,4187.60500350786,12.4082714478691,,,,,40.6526915273839,38.4122483995202,24.1011462963996,,,,,,36.4955503644784,,,1
NER,Niger,NE,2000,194.771959898935,2.24175319281158,,,,,227.796104038449,107.66312105398,44.1398896431638,,53.5,43.1,16.2,2.5650200843811,,,,1
NER,Niger,NE,2001,205.417936120931,2.44871470396616,,,,,217.483534235788,103.567025282614,42.7474657838408,,,,,2.27981996536255,,,,1
NER,Niger,NE,2002,225.294391147438,2.78219287867204,,,,,206.231951222945,99.0058106486166,41.3618997609295,,,,,2.40134000778198,,,,1
NER,Niger,NE,2003,265.225363452469,3.39408473249543,,,,,194.410016944764,94.1033807559846,40.0660728528932,,,,,1.93705999851227,,,,1
NER,Niger,NE,2004,283.468281798296,3.76044373753797,,,,,182.816493678809,89.2771510769589,38.901300482076,,,,,,,,,1
NER,Niger,NE,2005,318.643121918273,4.38331596458718,44.4,83.8,91.8,98.1,171.90534890955,84.7603270529925,37.8927106858861,,,,,,,,,1
NER,Niger,NE,2006,333.345078419447,4.75636125237923,,,,,162.026609135926,80.6544940532386,37.0023607236963,,54.8,39.9,12.5,2.55852007865906,,,,1
NER,Niger,NE,2007,387.168065883301,5.73148505179069,37.3,82.9,91.6,97.8,153.615074005476,77.2433943615486,36.2575428289367,,49.2,37.9,12.5,3.01462006568909,,,,1
NER,Niger,NE,2008,475.044955398162,7.29760022600535,,,,,146.585122672094,74.4560639579636,35.6168519943307,,43.8,34.6,13.8,2.72311997413635,,,,1
NER,Niger,NE,2009,461.131533961487,7.35213130973341,,,,,140.852422768935,72.3192059877906,35.1228518456669,,45.5,33.5,12.5,3.33588004112244,,,,1
NER,Niger,NE,2010,474.425692340831,7.85119250230916,,,,,136.523401542713,70.8803090319106,34.7981493268171,,47.8,40.3,16.2,2.7219500541687,,,,1
NER,Niger,NE,2011,510.75956176268,8.77295077779176,31.5,68.8,86.0,97.5,133.140054990345,69.9088751113365,34.6253741919561,,50.9,36.2,12.4,3.07762002944946,,,,1
NER,Niger,NE,2012,528.510104469655,9.42691264759111,,,,,130.665227810116,69.3831411180174,34.6252638404412,,43.5,38.0,18.2,3.1868200302124,,2.339057445526123,,1
NER,Niger,NE,2013,552.103334363117,10.2248974378648,,,,,128.879633046248,69.1963830143854,34.6282530245813,,42.5,33.1,12.4,3.68952989578247,,,,1
NER,Niger,NE,2014,565.30989731175,10.8629435435419,34.3,60.3,79.4,96.3,127.401091560082,69.1385939177757,34.7323958020235,,42.2,34.6,14.2,5.10368013381958,,,Very_Low,1
NER,Niger,NE,2015,485.662574175279,9.68386792644282,,,,,126.25753466402,69.2522610090247,34.8003327390837,,46.4,35.8,13.6,4.48669004440308,,,,1
NER,Niger,NE,2016,502.706475406446,10.3988619817583,,,,,125.105914854958,69.3145936410974,34.8725474024545,,41.3,32.0,10.4,2.95843005180359,,,,1
NER,Niger,NE,2017,521.804130023434,11.1851042516943,,,,,123.88344008638,69.3528464470284,34.916440000719,,,,,2.57818007469177,,,,1
NER,Niger,NE,2018,578.568035680892,12.8373074968821,37.3,59.0,78.1,94.7,122.778740919661,69.4430028500532,34.9221531767692,,48.5,37.5,14.1,3.44956994056702,,,,1
NER,Niger,NE,2019,561.691304349698,12.8895555612299,,,,,121.848257819974,69.5447961704068,34.8789650006722,,47.1,31.3,9.8,3.53358621816013,,,,1
NER,Niger,NE,2020,579.512495758236,13.744653103058,,,,,120.636604447892,69.4131615584743,34.746441883718,,45.3,33.4,12.0,3.81906792754322,,,,1
NER,Niger,NE,2021,608.722439593808,14.915002436069,32.9,60.5,79.7,96.1,119.096547840985,69.0152837365123,34.4886164833676,,44.4,33.2,11.5,3.82175828133515,,,,1
NER,Niger,NE,2022,609.745147661683,15.4338527144935,,,,,117.068798311866,68.294250569225,34.1483012930796,,47.7,34.6,10.9,3.71231832079626,,,,1
NER,Niger,NE,2023,638.336080723299,16.6987869730228,,,,,114.788683114894,67.3614739722176,33.774335082738,,,,,4.07412707618114,,,,1
NGA,Nigeria,NG,2000,547.318298903379,69.1714516272465,,,,,182.310259129257,97.0847206382505,46.3447645658601,,,,,,,,,1
NGA,Nigeria,NG,2001,566.428231812933,73.557840064489,,,,,176.753083662717,94.5567969085558,45.2568241019854,,,,,,,,,1
NGA,Nigeria,NG,2002,712.164852077686,95.0540593026995,,,,,171.079383828017,91.8822736926103,44.0761306584709,,,,,,,,,1
NGA,Nigeria,NG,2003,763.388745367223,104.738954264226,40.1,51.1,69.2,92.6,165.353959829306,89.0762840290268,42.9224107054315,,47.5,29.5,11.8,,,,,1
NGA,Nigeria,NG,2004,962.48104194733,135.764731645611,,,,,159.843814743334,86.3879750712655,41.8303920856583,,,,,,,,,1
NGA,Nigeria,NG,2005,1211.37703504386,175.670569969346,,,,,154.464918591167,83.6711454883067,40.8672424195463,,,,,,,,,1
NGA,Nigeria,NG,2006,1599.53891556365,238.45499716148,,,,,149.553151278272,81.2195023714715,40.0480441180347,,,,,,,,,1
NGA,Nigeria,NG,2007,1815.52697545827,278.260846800103,,,,,145.185371504396,79.0208331902049,39.3959290106601,,,,,,,,,1
NGA,Nigeria,NG,2008,2154.10543545364,339.476276257793,,,,,141.319619373939,77.0687921197729,38.8658420126204,,,,,,,,,1
NGA,Nigeria,NG,2009,1820.48633854782,295.008835380997,,,,,138.046177758051,75.4449015995469,38.4081657371726,,,,,,,,,1
NGA,Nigeria,NG,2010,2202.25672957344,366.99041712904,35.7,38.5,58.7,88.7,135.131004576161,74.0161707079667,38.0566155301757,,,,,,,,,1
NGA,Nigeria,NG,2011,2418.41316975875,414.46667683116,,,,,132.886248118535,72.9642312533537,37.7717404040823,,41.3,27.5,10.5,,,,,1
NGA,Nigeria,NG,2012,2633.19734671361,463.971018239281,35.5,37.4,57.7,88.4,130.871674013832,72.0419065972547,37.5922375184375,,,,,0.549233086121929,,,,1
NGA,Nigeria,NG,2013,2872.79083379398,520.117180313906,,,,,129.289902721434,71.3550738013483,37.4223870068893,,,,,0.534206768008091,,,,1
NGA,Nigeria,NG,2014,3088.72131316169,574.183763411508,,,,,127.858059728524,70.7776080472939,37.322274599721,,33.6,20.6,7.9,0.470742539133469,,,,1
NGA,Nigeria,NG,2015,2585.73360671797,493.02668280063,35.9,35.8,55.8,87.2,126.42238175049,70.1705939331813,37.1400464420321,,33.0,19.5,7.3,0.436954905120644,,,,1
NGA,Nigeria,NG,2016,2070.4127339595,404.64912525216,,,,,124.835066986144,69.5007676925738,36.9406168785995,,49.3,35.3,10.9,0.393045646249364,,,,1
NGA,Nigeria,NG,2017,1876.34027111773,375.745731053427,,,,,122.750516870468,68.5855710065466,36.7168209093489,,,,,0.396354013591345,,,,1
NGA,Nigeria,NG,2018,2057.87944554011,421.73925150908,35.1,34.2,55.1,88.7,120.195614558188,67.4052446807733,36.3224912647437,,33.1,19.7,6.8,0.419998493796127,,1.605270028114319,,1
NGA,Nigeria,NG,2019,2265.15520863056,474.517490844461,,,,,117.471002948717,66.1109755758211,35.8397669527957,,,,,0.358479005206684,,,,1
NGA,Nigeria,NG,2020,2019.65706326224,432.198898467795,,,,,114.369991025191,64.6670939174193,35.3703306199188,,31.5,18.4,6.5,0.35963763718498,,,,1
NGA,Nigeria,NG,2021,2017.27486481527,440.833635873827,,,,,111.270285273019,63.1912222814856,34.897638570195,,33.8,24.4,11.6,0.381919104397325,,,,1
NGA,Nigeria,NG,2022,2139.37478476974,477.403400101174,33.9,41.8,64.0,92.9,108.069070932718,61.6277580090206,34.3012987333377,,,,,0.348516707890877,,,,1
NGA,Nigeria,NG,2023,1596.63696129001,363.846332834618,,,,,104.90961558358,60.0975137183229,33.6993219769513,,,,,0.319069049792343,,,,1
NIC,Nicaragua,NI,2000,1017.3124434882,5.10958704997449,,,,,38.2139599954087,30.819309018952,16.583176434862,,,,,3.00160002708435,12.6932348217074,,,1
NIC,Nicaragua,NI,2001,1051.874235891,5.3517520342221,52.9,26.3,42.0,72.3,36.183719302547,29.1571008353628,15.9865202822737,,,,,,14.4152064453334,,,1
NIC,Nicaragua,NI,2002,1014.3339042591,5.22372730254906,,,,,34.3224939495073,27.6272692098113,15.2747606883582,,,,,2.39101004600525,12.2011228136227,,,1
NIC,Nicaragua,NI,2003,1021.35216668794,5.32222835058068,,,,,32.5962835216285,26.2126038979151,14.6909369967307,,,,,2.42200994491577,13.1526926178979,,,1
NIC,Nicaragua,NI,2004,1098.62118662335,5.7929328384005,,,,,30.9619121799226,24.8606061466193,14.2039363118914,,,,,,12.9236679174998,,,1
NIC,Nicaragua,NI,2005,1183.30214010175,6.32132427914826,48.8,16.5,31.3,65.4,29.4691686431542,23.6372912319956,13.833298805455,,,,,,13.7175631014426,,High,1
NIC,Nicaragua,NI,2006,1248.17371577788,6.76367238061154,,,,,28.0565931281399,22.4646620821791,13.5250966845702,,,,,,15.0780416164565,,,1
NIC,Nicaragua,NI,2007,1350.38145753377,7.42337501475729,,,,,26.7502669526989,21.3824472005715,13.2591352759909,,,,,,14.6943744947364,,,1
NIC,Nicaragua,NI,2008,1523.68437086409,8.49696759677008,,,,,25.5291772071857,20.3715691691602,13.0076839574322,,,,,,15.2074462017809,,,1
NIC,Nicaragua,NI,2009,1467.08288052845,8.2987024890801,43.9,13.9,26.4,62.1,24.3695622466621,19.400107702281,12.7520246194304,,,,,,15.4973914365244,,,1
NIC,Nicaragua,NI,2010,1526.56706951408,8.75860223298357,,,,,23.2681544174396,18.482046936558,12.5044279542457,,,,,4.48424005508423,14.9932542908436,,,1
NIC,Nicaragua,NI,2011,1679.71192084633,9.77432933271276,,,,,22.2355861875388,17.6183657329065,12.2512076386603,,,,,,14.9750872878552,,,1
NIC,Nicaragua,NI,2012,1784.69836017555,10.5320172318253,,,,,21.2641034582884,16.7970384135871,11.994922407557,,,,,,15.2288833117977,,,1
NIC,Nicaragua,NI,2013,1835.43996363715,10.9829882492103,,,,,20.3376907926693,16.0217777547454,11.6860251551904,,,,,,15.0906993541647,,,1
NIC,Nicaragua,NI,2014,1958.37047579547,11.8804388244494,46.2,6.6,15.7,46.5,19.446351046922,15.27299105711,11.2939867193954,,,,,4.08329010009766,15.427774613121,,,0
NIC,Nicaragua,NI,2015,2074.45620634731,12.7566962610676,,,,,18.6062866094508,14.5590601298857,10.8599656702488,,,,,4.07843017578125,15.9243152832014,,,0
NIC,Nicaragua,NI,2016,2131.68704828322,13.2860933884752,,,,,17.8058499526206,13.8876454431492,10.4198877207835,,,,,4.08114004135132,16.3937935774342,,,0
NIC,Nicaragua,NI,2017,2182.61380995674,13.7858930074769,,,,,17.0663240644592,13.2656452536441,10.035252570452,,,,,4.35767984390259,16.5222655263554,,,0
NIC,Nicaragua,NI,2018,2035.16549390507,13.025221974232,,,,,16.3640475053158,12.6701808811328,9.75716295963646,,,,,4.47380693256251,16.8472541808642,,,0
NIC,Nicaragua,NI,2019,1958.62051528095,12.699023614245,,,,,15.7123646594312,12.1202482454429,9.64006053816471,,,,,4.59991969121332,16.4517837773692,,,0
NIC,Nicaragua,NI,2020,1938.44704754382,12.7264224324868,,,,,15.0922681987679,11.6129510589928,9.55016350886158,,,,,4.58034059162685,16.416309030407,,,0
NIC,Nicaragua,NI,2021,2138.38588469449,14.2090203618508,,,,,14.4947643777381,11.1274615824353,9.31334633001184,,,,,4.08717467298944,17.1781547228679,,,0
NIC,Nicaragua,NI,2022,2322.89053964583,15.6345725022294,,,,,13.9277572825353,10.6756942583735,8.8861709644085,,,,,3.80001496174069,16.6889216424618,,,0
NIC,Nicaragua,NI,2023,2609.44492072931,17.8058422838725,,,,,13.4289003492292,10.2890789517024,8.40986254877809,,,,,2.86578989028931,16.2819508478816,,,0
NLD,Netherlands,NL,2000,26225.1697734149,417.649282153726,,,,,6.18449985645535,5.11664459934755,3.83274419443197,6.81,,,,4.58325004577637,37.3760203100017,,,0
NLD,Netherlands,NL,2001,26955.7128032278,432.536219668898,,,,,6.0501258278782,5.01603128060318,3.78294353201225,6.74,,,,4.68933010101318,38.0615851625768,,,0
NLD,Netherlands,NL,2002,29446.5330872868,475.529972122746,,,,,5.89347737421709,4.89704770220742,3.70843873924595,6.68,,,,4.78904008865356,38.2964042624692,,,0
NLD,Netherlands,NL,2003,35896.7504630706,582.43561708196,,,,,5.71416958189652,4.75849144369544,3.6316130831213,6.61,,,,5.0199499130249,39.2341440393396,,,0
NLD,Netherlands,NL,2004,40611.3414353091,661.224886143245,29.8,0.3,0.4,0.8,5.51875619303771,4.60610153699787,3.54216750538015,6.54,,,,5.0411901473999,38.4799453696858,,,0
NLD,Netherlands,NL,2005,42165.396168388,688.133699635797,29.0,0.1,0.2,0.5,5.3148304584283,4.44602277250703,3.43096971784152,6.48,,,,5.08871984481812,37.5239097341997,,,0
NLD,Netherlands,NL,2006,45123.5432406426,737.593995289411,30.0,0.0,0.1,0.3,5.1117638131214,4.28614496614413,3.29877052650484,6.41,,,,5.01913976669312,38.3287598477472,,,0
NLD,Netherlands,NL,2007,52100.7996285947,853.499460872552,29.6,0.0,0.1,0.4,4.91774701115663,4.1338520048731,3.15350095814195,6.34,,,,4.85854005813599,37.7418810967043,,,0
NLD,Netherlands,NL,2008,58246.7026905874,957.901566041406,29.3,0.2,0.2,0.6,4.73828182729986,3.99298794681674,3.00614639152476,6.29,,,,4.99737977981567,38.4090870706081,,,0
NLD,Netherlands,NL,2009,53172.0261581418,878.954223140234,27.9,0.2,0.2,0.4,4.57888446678047,3.86856436218881,2.87756153539105,6.23,1.5,1.0,1.0,5.38561010360718,42.183336956677,,,0
NLD,Netherlands,NL,2010,51305.7338533973,852.464982433335,27.8,0.0,0.1,0.2,4.44298527644753,3.76336085398655,2.78594210716041,6.17,,,,5.45634984970093,42.4982348970953,,,0
NLD,Netherlands,NL,2011,54701.7728030611,913.140741332687,27.8,0.1,0.2,0.4,4.33115330273646,3.67845216261058,2.7297022241161,6.11,,,,5.41595983505249,41.8898710848718,,,0
NLD,Netherlands,NL,2012,50473.9442002689,845.689017065625,27.6,0.1,0.1,0.3,4.23920742116652,3.61019362614881,2.69429460747513,6.06,,,,5.36694002151489,42.1384861264721,,,0
NLD,Netherlands,NL,2013,52602.2860520766,883.951539006668,28.1,0.1,0.1,0.3,4.16728613372953,3.55872582689971,2.66960182774133,6.01,,,,5.48417997360229,42.4441115620216,,,0
NLD,Netherlands,NL,2014,53457.2234864322,901.556501756467,28.6,0.1,0.2,0.4,4.11377368629767,3.52278854637345,2.65147177495807,5.96,,,,5.40205001831055,41.9474910370498,,,0
NLD,Netherlands,NL,2015,45793.8135434697,775.743675302734,28.2,0.1,0.1,0.4,4.07677274065978,3.5004532053104,2.6360679524009,5.91,,,,5.27802991867065,40.6125791110952,,,0
NLD,Netherlands,NL,2016,46808.5291492503,797.163949289885,28.2,0.1,0.2,0.4,4.05196648100475,3.48833557553742,2.62509834733966,5.86,,,,5.38952016830444,39.4433297462422,,,0
NLD,Netherlands,NL,2017,49513.6817346384,848.233537845884,28.5,0.2,0.3,0.4,4.0375077974903,3.48467245355511,2.62042777258702,5.8,,,,5.08747005462646,38.2852485346822,,,0
NLD,Netherlands,NL,2018,53955.0770024266,929.733599796862,28.1,0.1,0.2,0.4,4.03007672019593,3.4874532745551,2.62194684788924,5.75,,,,5.26723003387451,37.9872039305298,,,0
NLD,Netherlands,NL,2019,53554.9007491475,928.903005576469,29.2,0.1,0.1,0.4,4.02333196159545,3.49036719199017,2.62496896429349,5.7,,,,5.0559401512146,37.4976348782249,,,0
NLD,Netherlands,NL,2020,53467.9277413737,932.56086170117,26.0,0.0,0.1,0.3,4.01159169967011,3.48902930379944,2.62510557799073,5.65,,,,5.29139995574951,43.0242399226909,,,0
NLD,Netherlands,NL,2021,60141.9880911492,1054.4721234496,25.7,0.1,0.1,0.3,3.99581207760695,3.48357968111222,2.61953577513482,,,,,5.37661981582642,41.7954124838764,,,0
NLD,Netherlands,NL,2022,59123.318556487,1046.54079754864,,,,,3.97778770282022,3.47609204296185,2.61183655959682,,,,,5.17918014526367,39.3652774144211,,,0
NLD,Netherlands,NL,2023,64572.0059558854,1154.36130539806,,,,,3.95729864744157,3.46636540578828,2.60086643303396,,,,,,39.3157917907379,,,0
NOR,Norway,NO,2000,38178.2368777076,171.457201935968,27.4,0.2,0.2,0.5,4.85740011098321,3.93045193688874,2.68340274842468,5.08,,,,6.45934009552002,31.9618827246391,,,0
NOR,Norway,NO,2001,38601.897639231,174.239354070977,,,,,4.71429254919872,3.81586642190846,2.61194188952377,5.04,,,,6.82015991210938,32.6023738948164,,,0
NOR,Norway,NO,2002,43170.557174499,195.914852576467,,,,,4.55605923610654,3.6898520676438,2.52715071909228,5.01,,,,7.42246007919312,37.5461993613124,,,0
NOR,Norway,NO,2003,50250.3298214345,229.385469337024,27.6,0.2,0.2,0.4,4.38922589810737,3.55674515848505,2.43615910608751,4.98,,,,7.39933013916016,37.287473947029,,,0
NOR,Norway,NO,2004,57768.6980958462,265.268662473297,31.6,0.3,0.3,0.6,4.2199815100609,3.42203160574035,2.34582466543142,4.95,,,,7.27744007110596,35.2550691423353,,,0
NOR,Norway,NO,2005,67047.1704558264,309.978579743888,30.6,0.2,0.3,0.5,4.05567869397286,3.29118104367116,2.26637963331909,4.92,,,,6.84082984924316,33.1442532111323,,,0
NOR,Norway,NO,2006,74434.4996835671,346.915160681708,26.4,0.2,0.3,0.7,3.89522920735218,3.16364139251449,2.19341046837499,4.89,,,,6.35822010040283,32.0859501517167,,,0
NOR,Norway,NO,2007,85502.2677087731,402.643260487572,27.1,0.2,0.3,0.5,3.73465989264515,3.03568569454201,2.11619400035623,4.86,,,,6.50671005249023,32.002513374014,,,0
NOR,Norway,NO,2008,97503.5407803783,464.917553191489,27.0,0.2,0.3,0.5,3.57491654409816,2.90835037710439,2.0321502481276,4.84,,,,6.24915981292725,30.6744313317201,,,0
NOR,Norway,NO,2009,80347.5700665184,387.976400617019,26.2,0.1,0.1,0.3,3.41716603375865,2.78233071325588,1.94656334611652,4.82,,,,7.07067012786865,35.4125814850277,,,0
NOR,Norway,NO,2010,88163.2085931423,431.052143940438,25.7,0.2,0.2,0.4,3.2664173734615,2.66211861055858,1.8699645672055,4.79,,,,6.71042013168335,34.7251099755849,,,0
NOR,Norway,NO,2011,101221.813476644,501.360549669404,25.3,0.1,0.1,0.3,3.12656348395925,2.55008617375562,1.80170650779226,4.77,,,,6.41490983963013,34.1417879241789,,,0
NOR,Norway,NO,2012,102175.919298374,512.777309840997,25.7,0.1,0.2,0.4,2.99990420156219,2.4488942702707,1.74174806896057,4.73,,,,7.32766008377075,33.7289756030843,,,0
NOR,Norway,NO,2013,103553.840134417,526.014468085106,26.4,0.2,0.2,0.4,2.88788995551278,2.35937510399199,1.68628214361068,4.7,,,,7.43906021118164,34.1933156114143,,,0
NOR,Norway,NO,2014,97666.6951838749,501.736471832848,26.8,0.1,0.1,0.4,2.78784688431445,2.27928308790096,1.63421181958936,4.65,,,,7.64403009414673,35.6063174620846,,,0
NOR,Norway,NO,2015,74809.9658049898,388.15951224553,27.5,0.2,0.2,0.4,2.69543881958085,2.20531252252322,1.5805332637835,4.61,,,,7.52334976196289,38.1512199127016,,,0
NOR,Norway,NO,2016,70867.3609970749,370.956547619048,28.5,0.3,0.4,0.7,2.60837051241672,2.13532552241379,1.52782138362477,4.57,,,,7.98444986343384,39.7385780326601,,,0
NOR,Norway,NO,2017,76131.8384032764,401.745275035261,27.0,0.3,0.3,0.6,2.52781569086817,2.0705451636359,1.47651221657115,4.54,,,,7.84598016738892,38.6946477433892,,,0
NOR,Norway,NO,2018,82792.8427113304,439.7886258838,27.6,0.3,0.3,0.5,2.45842118007591,2.01494263460181,1.42951407378362,4.5,,,,7.59563016891479,37.129454079189,,,0
NOR,Norway,NO,2019,76430.5889473338,408.742840909091,27.7,0.2,0.3,0.5,2.40245293956825,1.97017539381273,1.3912754717735,4.47,,,,7.8645601272583,38.5620876873851,,,0
NOR,Norway,NO,2020,68340.0181033702,367.633418886627,28.4,0.3,0.4,0.5,2.36508156953188,1.94026215046161,1.36070613522439,4.44,,,,8.3728199005127,45.3909564287933,,,0
NOR,Norway,NO,2021,93072.8925119571,503.367986030268,29.1,0.2,0.2,0.4,2.34678220134879,1.92591190907477,1.33929834258363,,,,,6.9602198600769,36.5206567819884,,,0
NOR,Norway,NO,2022,109269.520580298,596.297651035798,26.9,0.3,0.4,0.7,2.34603968713035,1.92639230393962,1.32335971800829,,,,,5.45586013793945,29.2916941759893,,,0
NOR,Norway,NO,2023,87497.3289297342,482.949731776587,26.5,0.2,0.2,0.4,2.35530985902604,1.93489313407579,1.31139049752893,,,,,,35.8939296791432,,,0
NPL,Nepal,NP,2000,223.830289183078,5.49425220790502,,,,,79.207230867892,61.8442007730035,39.9515934331534,22.32,,,,2.9751501083374,,,,1
NPL,Nepal,NP,2001,240.795114544664,6.00705504217687,,,,,74.7577709511345,58.7877514210241,38.4705806118783,22.3,56.1,42.8,11.3,3.70837998390198,,,,1
NPL,Nepal,NP,2002,238.89140296106,6.05087580666403,,,,,70.6357801737133,55.9435311557195,37.0484714004397,22.26,,,,3.15283989906311,,,,1
NPL,Nepal,NP,2003,246.429706587633,6.33047309654071,43.8,55.7,73.9,91.7,66.8534941670242,53.3129765887569,35.7082264117787,22.21,,,,3.11435008049011,,,,1
NPL,Nepal,NP,2004,279.587750044428,7.27393831471988,,,,,63.4745318119002,50.949899045542,34.4516495691482,22.14,,,,3.1719400882721,14.5963383257351,,,1
NPL,Nepal,NP,2005,309.024168339372,8.13025837790964,,,,,60.4109649609854,48.8157113355057,33.2809693946673,22.05,,,,3.3646399974823,,,,1
NPL,Nepal,NP,2006,340.431796437968,9.0437153558881,,,,,57.6272256043002,46.8631653677651,32.1984562734692,21.93,49.1,38.6,12.7,3.60536003112793,,,,1
NPL,Nepal,NP,2007,385.449767660642,10.325618017379,,,,,55.0993235456173,45.0803658500071,31.1535293829697,21.78,,,,3.51721000671387,,,,1
NPL,Nepal,NP,2008,464.817391891529,12.5454386053959,,,,,52.7079608499419,43.3944415057169,30.1432884630814,21.61,,,,3.8051700592041,,,,1
NPL,Nepal,NP,2009,473.078751198621,12.8549854640764,,,,,50.4538160013467,41.7874348163321,29.1326715137264,21.44,,,,4.6637601852417,,,,1
NPL,Nepal,NP,2010,585.278491984574,16.0026564344746,32.8,21.5,44.1,84.4,48.2874745483166,40.2126707868274,28.1170900226641,21.26,41.5,31.1,13.7,3.63172006607056,15.6352008846605,,,1
NPL,Nepal,NP,2011,785.518656222132,21.5738724207008,,,,,46.1670651784764,38.6617977226222,27.1040391420507,21.08,40.1,28.9,11.2,3.84261989593506,13.9379082430485,,,1
NPL,Nepal,NP,2012,788.202937148377,21.7031008771309,,,,,44.0906671996926,37.1158001172249,26.110916707972,20.91,,,,3.29736995697021,13.8393358530682,,,1
NPL,Nepal,NP,2013,803.269595420477,22.1622049245726,,,,,42.0622356518798,35.5900476983171,25.1454359967666,20.75,,,,3.01811003684998,12.6904354155292,,,1
NPL,Nepal,NP,2014,821.455224911731,22.7316129221906,,,,,40.1037567759518,34.1052835828476,24.2380144763906,20.59,37.1,29.7,11.3,3.47213006019592,13.5829915227027,,,1
NPL,Nepal,NP,2015,875.543635474862,24.3608012867638,,,,,38.2088580332068,32.6452043953639,23.374852514178,20.44,,,,3.25902009010315,13.9897984541113,,,1
NPL,Nepal,NP,2016,877.256454696737,24.5241094835293,,,,,36.3724044383118,31.2248372122022,22.4483093105524,20.29,37.2,28.5,11.7,3.90320992469788,14.2271107367293,0.8264201283454895,,1
NPL,Nepal,NP,2017,1034.28374906846,28.971588940364,,,,,34.6243418374345,29.85796670561,21.4082493756084,20.13,,,,4.76722002029419,16.8538084482168,,,1
NPL,Nepal,NP,2018,1179.19843190389,33.111525237149,,,,,32.9628022288236,28.5474976950891,20.4221894483129,19.98,,,,4.43445014953613,20.1657916960524,,,1
NPL,Nepal,NP,2019,1203.14294706401,34.1861806990255,,,,,31.3668066872785,27.2862686418336,19.5117242010659,19.84,31.5,24.4,12.0,3.89212886881753,21.7018652753922,,,1
NPL,Nepal,NP,2020,1154.21517578318,33.4336593012466,,,,,29.9064152723848,26.1113828470849,18.6830880825941,19.73,,,,4.24355670934502,20.1647829301293,,,1
NPL,Nepal,NP,2021,1252.75076731986,36.9248413942605,,,,,28.6423757125122,25.0886607591542,17.9084041392525,,,,,4.42801034633091,19.4418821873399,,,1
NPL,Nepal,NP,2022,1385.91066274851,41.1829396006209,30.0,2.4,9.1,52.6,27.5065680653666,24.1556024176359,17.2208730051782,,24.8,18.3,7.0,4.13645081690396,,,,1
NPL,Nepal,NP,2023,1382.33055769304,41.0477723310994,,,,,26.4681095576632,23.2964695891207,16.578003695457,,,,,3.95641148036706,,,,1
NRU,Nauru,NR,2000,2648.60152860938,0.0269309803429002,,,,,41.3155531692821,37.5252964243172,24.269096557549,,,,,,,,,1
NRU,Nauru,NR,2001,2232.30874026726,0.0226132875389074,,,,,39.6479669940866,36.0759718222139,23.7489581191092,,,,,,,,,1
NRU,Nauru,NR,2002,2084.64824520971,0.0210174236082043,,,,,38.0812712444295,34.7045963647025,23.3350923823213,,,,,15.8634700775147,,,,1
NRU,Nauru,NR,2003,2463.28259078079,0.0247781595806639,,,,,36.6326438646526,33.444964794889,22.9007276887666,,,,,,,,,1
NRU,Nauru,NR,2004,3040.51349889,0.0305875657988334,,,,,35.338381037384,32.3017681330088,22.3037319662813,,,,,,,,,1
NRU,Nauru,NR,2005,3013.51778151855,0.0302828401864799,,,,,34.1059899876741,31.2294772492993,21.6185872455749,,,,,,,,,1
NRU,Nauru,NR,2006,2908.47386033322,0.0291836267145836,,,,,32.8598975058105,30.112718021865,20.8111880848006,,,,,,,,,1
NRU,Nauru,NR,2007,2302.25782991175,0.0230686234557157,,,,,31.5226209256583,28.8895621356983,19.8463067091773,,52.2,6.7,0.0,4.24615001678467,,,,1
NRU,Nauru,NR,2008,3715.14889936257,0.0371849253337199,,,,,30.0264905810031,27.5344550440258,18.7481067905079,,,,,,,,,1
NRU,Nauru,NR,2009,4395.46425210914,0.0440249699491252,,,,,28.3813527723356,26.0139522894334,17.5128895283516,,,,,,,,,1
NRU,Nauru,NR,2010,4723.91708258679,0.0474422992604192,,,,,26.6022164296333,24.3907111890813,16.1539439917887,,,,,,,,,1
NRU,Nauru,NR,2011,6480.90451339597,0.0654441737762725,,,,,24.7767577985697,22.731844283167,14.6842122871362,,,,,,,,,1
NRU,Nauru,NR,2012,9817.36872216004,0.100794924670417,32.4,9.7,21.7,68.5,22.9285816109192,21.0198828572448,13.2364352644251,,,,,,,,,1
NRU,Nauru,NR,2013,8974.51886874433,0.0943850149425842,,,,,21.0990186319122,19.3493619321191,11.8257900514674,,,,,,,,,1
NRU,Nauru,NR,2014,9193.09784447237,0.0987522570453222,,,,,19.3204671976547,17.7259558491664,10.5329997544238,,,,,4.47278425925926,87.1023411251009,,,0
NRU,Nauru,NR,2015,7703.43149943923,0.0843833886448573,,,,,17.6358539056806,16.2005139795142,9.42211099113583,,,,,6.25260294117647,95.7003237807209,,,0
NRU,Nauru,NR,2016,8724.30700255019,0.0972760230784346,,,,,16.0854973763612,14.7941643955557,8.4681154700692,,,,,4.82214626865672,89.0324735600842,,,0
NRU,Nauru,NR,2017,9613.41209082575,0.108862278516511,,,,,14.6678102777235,13.5054056293188,7.71201582696571,,,,,6.27397517241379,90.9838720408522,,,0
NRU,Nauru,NR,2018,11408.6947593898,0.130937589753517,,,,,13.3633254970632,12.3206540462129,7.07249214142241,,,,,5.05296627218935,78.4765871675259,,,0
NRU,Nauru,NR,2019,10776.8284610316,0.124871111377973,,,,,12.163153364988,11.2293408090101,6.50783607702456,,,,,5.71828171428571,89.7402308924527,,,0
NRU,Nauru,NR,2020,10695.6993301601,0.124530027301054,,,,,11.1290468877784,10.2868074186671,5.97096555212632,,,,,5.90502903225807,103.725786747492,,,0
NRU,Nauru,NR,2021,14989.6647450751,0.175513984500084,,,,,10.2498813768859,9.48321148393696,5.51607129031848,,,,,5.16034,,,,0
NRU,Nauru,NR,2022,12896.4341046481,0.152190818868952,,,,,9.52976806491365,8.82965535055506,5.13268386978171,,,,,5.91827971698113,,,,0
NRU,Nauru,NR,2023,12754.1867566585,0.151455967735319,,,,,8.94159598434076,8.29168058857866,4.80791761009775,,19.0,7.8,1.5,5.67543983459473,,,,0
NZL,New Zealand,NZ,2000,13641.1027183822,52.6232819567031,,,,,7.38815221143317,6.04875048464633,3.50437471069072,6.18,,,,5.60442018508911,,,,0
NZL,New Zealand,NZ,2001,13882.8568268586,53.8724259166248,,,,,7.20416254746852,5.90282418641787,3.48715473390784,6.16,,,,,31.5512928087513,,,0
NZL,New Zealand,NZ,2002,16874.1874918196,66.6277293114495,,,,,7.03620076537656,5.77052193156704,3.45144634604841,6.13,,,,,30.7257906066681,,,0
NZL,New Zealand,NZ,2003,21913.7081719961,88.2508855502626,,,,,6.88446851785458,5.6524857548565,3.38307898797355,6.11,,,,,31.2173416284896,,,0
NZL,New Zealand,NZ,2004,25420.234882944,103.905210084034,,,,,6.7484257791685,5.54819664456443,3.27302570114138,6.1,,,,,30.4364592162216,,,0
NZL,New Zealand,NZ,2005,27751.0654708859,114.720129550095,,,,,6.6327789469996,5.46072525458738,3.12276484566743,6.09,,,,,30.9856975395398,,,0
NZL,New Zealand,NZ,2006,26654.5932018985,111.538810712665,,,,,6.53696350151506,5.3903872521905,2.9805541126567,6.08,,,,,31.3853166205437,,,0
NZL,New Zealand,NZ,2007,32479.9817381467,137.188946865584,,,,,6.45710959493979,5.33347947427734,2.91442980641974,6.07,,,,,31.3103662554306,,,0
NZL,New Zealand,NZ,2008,31324.7397977102,133.437126590286,,,,,6.38249962913007,5.28175469725362,2.95692316066235,6.07,,,,,32.5619860830906,,,0
NZL,New Zealand,NZ,2009,28276.7255416225,121.663439315385,,,,,6.30669325326243,5.22876004060902,3.06421018130151,6.06,,,,,34.0537092277598,,,0
NZL,New Zealand,NZ,2010,33761.9009639947,146.887902524052,,,,,6.21965449286442,5.16635552909074,3.17851636857946,6.05,,,,,34.1464759438035,,,0
NZL,New Zealand,NZ,2011,38431.7766788499,168.484908960078,,,,,6.11814790670113,5.09182272048312,3.27554972255962,6.04,,,,,40.0409856051015,,,0
NZL,New Zealand,NZ,2012,40053.6991536369,176.560711239147,,,,,6.00147451884585,5.00471188180819,3.33188466117574,6.02,,,,,34.9609913456861,,,0
NZL,New Zealand,NZ,2013,43000.4646849189,191.012364176878,,,,,5.87474275321386,4.90791704343009,3.33945424900189,6.0,,,,5.88855981826782,33.073784356995,,,0
NZL,New Zealand,NZ,2014,44618.266973847,201.51840278738,,,,,5.73940744002143,4.80403458582817,3.30017556572021,5.98,,,,5.80853986740112,32.3273793106287,,,0
NZL,New Zealand,NZ,2015,38665.3723018158,178.22416708799,,,,,5.60276718825933,4.69913596046667,3.22504725588687,5.96,,,,5.70734977722168,31.5156493940971,,,0
NZL,New Zealand,NZ,2016,40113.7195382428,189.10008527523,,,,,5.46799707129945,4.59435922153703,3.13116659720249,5.93,,,,5.50559997558594,30.6954172142523,,,0
NZL,New Zealand,NZ,2017,42950.3841711138,206.745969246073,,,,,5.33739045570028,4.49296117634916,3.05006599401582,5.91,,,,5.28000020980835,29.8953968712196,,,0
NZL,New Zealand,NZ,2018,43257.0769238879,211.985631173204,,,,,5.2189985402542,4.40125867015182,2.99093301166645,5.89,,,,5.19308996200562,29.6846795093578,,,0
NZL,New Zealand,NZ,2019,42779.2298164101,213.006341101869,,,,,5.10850874340329,4.31594458429168,2.94138589583403,5.87,,,,5.17797994613647,30.0637021870177,,,0
NZL,New Zealand,NZ,2020,41850.92032802,213.029554653687,,,,,5.00442508192767,4.23597031744153,2.88879259362305,5.86,,,,5.65149021148682,36.3461114628741,,,0
NZL,New Zealand,NZ,2021,49689.498134519,253.977931814967,,,,,4.9034784222458,4.15722900778152,2.83386378016059,,,,,5.54822015762329,33.6065530712399,,,0
NZL,New Zealand,NZ,2022,48760.0381935936,249.509991440438,,,,,4.79559111783751,4.07285742499913,2.77138327099565,,,,,5.22557020187378,35.5258252195945,,,0
NZL,New Zealand,NZ,2023,48654.904227478,255.194972673122,,,,,4.68398357212464,3.98423387698251,2.70420774032433,,,,,5.27568006515503,,,,0
OMN,Oman,OM,2000,9753.84755185404,22.2595578673602,,,,,16.3874423372689,13.3136215850912,7.37314810859545,13.49,,,,2.8045699596405,,,,0
OMN,Oman,OM,2001,9611.96360191054,22.205721716515,,,,,15.3579104046193,12.4825775286321,6.91619254624963,13.48,,,,3.52175998687744,,,,0
OMN,Oman,OM,2002,9869.13050219438,23.0655396618986,,,,,14.4968861998557,11.7848046203599,6.53969539700578,13.48,,,,3.77700996398926,,,,0
OMN,Oman,OM,2003,10463.5425832141,24.7336801040312,,,,,13.7910946361353,11.21258578375,6.21524916828057,13.48,,,,3.40857005119324,,,,0
OMN,Oman,OM,2004,11800.8507411171,28.378933680104,,,,,13.2278640629488,10.7546658349865,5.97338641977386,13.47,,,,3.5151801109314,,,,0
OMN,Oman,OM,2005,14434.8577924647,35.5068920676203,,,,,12.7854244345917,10.3937364058098,5.78234969434626,13.45,,,,3.07889008522034,,,,0
OMN,Oman,OM,2006,16930.8565071853,42.577633289987,,,,,12.4464413104187,10.1175534852283,5.63802220670038,13.41,,,,3.37333011627197,,,,0
OMN,Oman,OM,2007,18792.653772482,48.3003901170351,,,,,12.193834581398,9.91086121547876,5.53477821418552,13.36,,,,,,,,0
OMN,Oman,OM,2008,26576.779241509,69.8046814044213,,,,,12.0023969558334,9.75204393287946,5.44858166798419,13.34,,,,,,,,0
OMN,Oman,OM,2009,20655.9180249218,55.4540962288687,,,,,11.8520286798098,9.62841212760971,5.38190686994904,13.33,9.8,8.6,7.1,3.6541600227356,,,,0
OMN,Oman,OM,2010,23570.1798147325,64.9934980494148,,,,,11.7228864336551,9.5197344766142,5.329078217764,13.33,,,,,,,,0
OMN,Oman,OM,2011,25188.0074151885,77.4975292587776,,,,,11.5927830342006,9.41078622892624,5.26972488084015,13.34,,,,,,,,0
OMN,Oman,OM,2012,24642.2978768596,87.4088426527958,,,,,11.4556979718526,9.29530982036292,5.20629707026136,13.34,,,,,,,,0
OMN,Oman,OM,2013,23458.0233840053,89.9360208062419,,,,,11.3326440747722,9.19063995455449,5.14570078323932,13.32,,,,4.35383987426758,,,,0
OMN,Oman,OM,2014,23160.6502252547,92.6990897269181,,,,,11.2396743583213,9.10980657438475,5.10644998081508,13.3,14.1,9.7,7.5,,,,,0
OMN,Oman,OM,2015,18808.3077921839,78.7107932379714,,,,,11.1772951140623,9.05263436168345,5.08372715146882,13.26,,,,,,,,0
OMN,Oman,OM,2016,17110.1897460545,75.1287386215865,,,,,11.1089414375808,8.98927371042705,5.05529899831145,13.24,,,,,,,,0
OMN,Oman,OM,2017,17820.0661809335,80.8566970091027,,,,,11.0275374821265,8.9154223154377,5.01767188403518,13.24,11.4,11.2,9.3,5.99594020843506,,,,0
OMN,Oman,OM,2018,19901.7615642016,91.5058517555267,,,,,10.9357859004086,8.83329595850173,4.96921652466288,13.24,,,,4.58565998077393,,,,0
OMN,Oman,OM,2019,19180.1864152801,88.0608582574772,,,,,10.8271168906404,8.73829310025829,4.91149823954975,13.24,,,,5.06363010406494,,,,0
OMN,Oman,OM,2020,16784.8630630058,75.9094928478544,,,,,10.7220398474243,8.6446637999655,4.8592246112178,13.24,,,,6.87768983840942,,,,0
OMN,Oman,OM,2021,19403.4600160211,87.3237971391416,,,,,10.620546117633,8.55444237984832,4.81871251751102,,,,,,,,,0
OMN,Oman,OM,2022,23223.5829405935,109.852795838752,,,,,10.5268208883459,8.4714045625103,4.77022454223606,,,,,4.30123996734619,,,,0
OMN,Oman,OM,2023,20972.4830886637,105.895708712614,,,,,10.4046696015572,8.365620401206,4.70478024392582,,,,,,,,,0
PAK,Pakistan,PK,2000,642.338346499898,99.4848023445277,,,,,108.129058924741,89.0562275128322,56.9984880303249,,,,,1.83782005310059,12.7761000126159,,,1
PAK,Pakistan,PK,2001,609.939506905073,97.1456184799038,28.7,56.2,80.0,96.9,105.343754540233,86.9547928002036,56.0187608498022,,41.4,31.2,14.1,,,,,1
PAK,Pakistan,PK,2002,599.937345723927,97.9233028093537,,,,,102.790198074961,85.0372785514929,55.1279591791785,,,,,,,,,1
PAK,Pakistan,PK,2003,672.44178669894,112.371913740823,,,,,100.527157834836,83.3509022741619,54.3221122833063,,,,,,,,,1
PAK,Pakistan,PK,2004,771.902247348954,132.216048339413,30.9,40.9,68.5,94.1,98.4688364049251,81.8342602652585,53.5549222883377,,,,,1.44337999820709,,,,1
PAK,Pakistan,PK,2005,827.619861189926,145.208562960767,31.3,40.8,69.0,94.1,96.5427371963463,80.4230299984003,52.8568637863602,,,,,1.67058002948761,,,,1
PAK,Pakistan,PK,2006,900.873564984808,161.87138550636,,,,,94.6520235932658,79.0193020927766,52.2330526986782,,,,,1.98055994510651,,,,1
PAK,Pakistan,PK,2007,998.090114197524,184.14086999746,29.7,34.9,64.7,93.6,92.86183038606,77.6908273565054,51.6724812117753,,,,,2.23465991020203,,,,1
PAK,Pakistan,PK,2008,1067.04324565284,202.203748583854,,,,,91.0187867720832,76.3059490036571,51.1174740019955,,,,,2.2726399898529,,,,1
PAK,Pakistan,PK,2009,963.788066395225,187.337783856466,,,,,89.0985582017842,74.8261547718921,50.5124789571071,,,,,2.17916011810303,,,,1
PAK,Pakistan,PK,2010,987.304571124485,196.709621849586,28.8,26.7,57.2,92.7,87.0725474822809,73.2490958249496,49.8466090007458,,,,,2.05268001556396,,,,1
PAK,Pakistan,PK,2011,1131.73513834324,230.586581059665,29.7,25.9,55.9,91.8,84.9255026829911,71.5717784377782,49.0583730077331,,43.6,31.4,14.9,2.00100994110107,,,,1
PAK,Pakistan,PK,2012,1204.36475491585,250.106966104704,,,,,82.6776447054316,69.7792945890045,48.1570929249905,,,,,1.97879004478455,,,,1
PAK,Pakistan,PK,2013,1225.4340119198,258.657231672412,29.5,21.2,49.3,90.0,80.3566395067689,67.9238468048158,47.2380821043036,,45.0,31.8,10.5,2.23698997497559,,,,1
PAK,Pakistan,PK,2014,1266.61340849959,271.390474857632,,,,,77.9999024804706,66.0199533307191,46.2744497138551,,,,,2.2043399810791,,,,1
PAK,Pakistan,PK,2015,1380.47020838317,299.963590534773,31.3,16.9,44.8,87.4,75.5998944944204,64.0832765381446,45.2697890200364,,,,,2.38609004020691,,,,1
PAK,Pakistan,PK,2016,1424.69161195897,313.630000130435,,,,,73.277910251684,62.2059415928895,44.2923649294908,,,,,2.66804003715515,,,,1
PAK,Pakistan,PK,2017,1519.23459514248,339.2055348611,,,,,70.9646007257813,60.3237644526782,43.3216733473059,,,,,2.57616996765137,,1.332576274871826,,1
PAK,Pakistan,PK,2018,1569.33814626355,356.128166704921,29.6,16.5,44.7,88.4,68.7735471024342,58.5291815705174,42.3766528861929,,37.6,23.1,7.1,2.33216949688293,,,,1
PAK,Pakistan,PK,2019,1390.41690981745,320.909472770669,,,,,66.6828667759701,56.8379223727623,41.4215677153761,,,,,2.21492004394531,,,,1
PAK,Pakistan,PK,2020,1278.39735206896,300.425609817981,,,,,64.5757762501573,55.1051606846046,40.4889454028138,,,,,2.05718240718423,,,,1
PAK,Pakistan,PK,2021,1455.31922370186,348.516647445148,,,,,62.5069680103014,53.4192823116251,39.505170259095,,,,,1.68746129213991,,,,1
PAK,Pakistan,PK,2022,1538.3228133171,374.890295666694,,,,,60.4630366680143,51.7624493215428,38.5260372590509,,,,,1.97300945756988,,,,1
PAK,Pakistan,PK,2023,1365.16927410976,337.885531778052,,,,,58.4638668795074,50.1219423209092,37.5958344753072,,,,,1.94658005237579,,,,1
PAN,Panama,PA,2000,3975.09308659503,11.966497,,16.3,23.5,,25.6360660737428,20.258885578306,12.1814150463966,11.52,,,,4.89397001266479,,,,1
PAN,Panama,PA,2001,3991.7767076924,12.2529063,,20.8,28.2,,24.9022018854146,19.6834596230992,11.7400052369286,11.5,,,,4.18935012817383,,,,1
PAN,Panama,PA,2002,4090.58617397129,12.8008513,,17.2,25.3,,24.0929037600731,19.0408924593674,11.2755259171652,11.49,,,,4.2549901008606,,,,1
PAN,Panama,PA,2003,4264.66428846636,13.603456,,16.8,23.9,,23.2726302153581,18.3939205190279,10.7980712634585,11.47,31.8,7.7,1.8,4.19644021987915,,,,1
PAN,Panama,PA,2004,4644.56582353041,15.1002034,,15.5,22.8,,22.4710402772119,17.7585339806529,10.3580102700783,11.42,,,,3.55807995796204,,,,1
PAN,Panama,PA,2005,5017.7410922824,16.6239067,,14.5,22.2,,21.7037530599021,17.1573138765652,9.9116974443326,11.36,,,,,,,,1
PAN,Panama,PA,2006,5528.76705469354,18.6597215,,15.7,22.1,,20.988819225144,16.5959084190931,9.48286593128191,11.27,,,,,,,,1
PAN,Panama,PA,2007,6317.81730274124,21.7174338,,13.0,19.3,,20.3017377132079,16.0519066876077,9.09357895493725,11.18,,,,,,,,1
PAN,Panama,PA,2008,7347.59050324397,25.721328,,9.0,14.2,,19.6694493193621,15.5558397222212,8.73404904801505,11.09,16.8,3.1,0.9,3.42529010772705,,,,0
PAN,Panama,PA,2009,7796.92617035048,27.7912155,,6.6,12.3,,19.0865793505308,15.0977908585225,8.41453478975385,11.01,,,,,,,,0
PAN,Panama,PA,2010,8331.46421351868,30.2310095,,7.7,13.3,,18.5589813767016,14.6856154928766,8.12041382052474,10.93,,,,,,,,0
PAN,Panama,PA,2011,9662.29592216607,35.6877383,,6.1,10.7,,18.1065577584776,14.3346984357319,7.85133953607339,10.83,,,,3.07034993171692,,,,0
PAN,Panama,PA,2012,11064.8063606203,41.5954397,,7.4,11.9,,17.743638745557,14.0586998563347,7.64161051297731,10.74,,,,,,,,0
PAN,Panama,PA,2013,12273.3225037637,46.9494965,,5.9,10.1,,17.4840350946,13.8648094750045,7.47138455991282,10.66,,,,,,,,0
PAN,Panama,PA,2014,13213.1989637473,51.4271049,,6.4,10.4,,17.2968766114351,13.7296445182652,7.38584764186167,10.58,,,,3.08107995986939,12.9112874571712,,,0
PAN,Panama,PA,2015,14082.6548502728,55.7678061,,4.8,8.9,,17.16545889294,13.6396617737248,7.37190536799965,10.51,,,,3.26552009582519,13.9994263537471,,,0
PAN,Panama,PA,2016,14832.3611608191,59.7608587,,4.8,8.6,,17.0279647131943,13.5436948784869,7.43242495496004,10.45,,,,3.32278990745544,13.6950577799679,,,0
PAN,Panama,PA,2017,15694.6297454295,64.3276888,,4.3,7.8,,16.8294879896039,13.4025101859564,7.52077795384049,10.39,,,,3.37834000587463,13.9417844546437,,,0
PAN,Panama,PA,2018,16151.3273478476,67.3164712,,3.7,6.7,,16.4775889654267,13.1340096331422,7.56566832812314,10.35,,,,3.4524199962616,13.5920943066457,,,0
PAN,Panama,PA,2019,16477.9066285687,69.7789912,,2.9,6.4,,15.9237420457801,12.7009087494615,7.50990476910346,10.31,12.4,2.4,1.2,3.28122011579173,15.0372968929585,,,0
PAN,Panama,PA,2020,13290.5608347594,57.0598465,,,,,15.2295367469095,12.151576345256,7.35395772020623,10.28,,,,4.30487012863159,19.26891438532,,,0
PAN,Panama,PA,2021,15509.8069109784,67.3963925,,3.3,6.7,,14.5204203536424,11.5906712343595,7.13589369723608,,,,,3.71198010444641,17.1412565556766,,,0
PAN,Panama,PA,2022,17332.4360742988,76.2761167,,,,,13.8758412787615,11.0794916294851,6.87969435671547,,,,,3.37781000137329,,,,0
PAN,Panama,PA,2023,18686.4050961265,83.3181769,,3.7,7.2,,13.2830678129028,10.6104276613364,6.60641227557962,,,,,2.47225999832153,,,,0
PER,Peru,PE,2000,1945.41338451698,51.744749133213,49.1,25.5,37.2,67.6,37.9345966353894,29.9145991867616,15.8426750217404,10.21,54.7,11.1,2.1,3.22802996635437,18.4212887077482,,,1
PER,Peru,PE,2001,1929.57273038846,52.0301587754055,51.3,27.4,39.7,68.4,34.9495809000003,27.706950583711,14.8066968991597,10.08,26.8,3.5,1.4,3.03712010383606,18.2439858212758,,,1
PER,Peru,PE,2002,2007.37019626753,54.7775535150809,53.6,24.4,36.3,64.5,32.3700087471404,25.7983480247256,13.9159329725691,9.94,,,,2.82056999206543,17.6134329055327,,,1
PER,Peru,PE,2003,2129.44114197634,58.7310301218671,53.1,22.5,34.6,64.0,30.1313936518712,24.1259632794366,13.2429691030125,9.79,,,,2.93779993057251,17.7708378805601,,,1
PER,Peru,PE,2004,2397.25147277714,66.7687034975687,49.9,23.5,34.8,64.3,28.1907546406366,22.6730405764295,12.6705200916525,9.62,,,,2.95787000656128,17.3833715752298,,,1
PER,Peru,PE,2005,2706.66947297608,76.060606060606,50.4,25.4,37.1,66.2,26.5041861032618,21.4108005455624,12.1358765377831,9.45,54.8,12.0,1.9,2.83903002738953,18.0201336794962,,,1
PER,Peru,PE,2006,3129.55996496982,88.643193061748,50.3,21.8,32.3,60.6,25.0053022648746,20.2844920697267,11.5922832499824,9.28,,,,2.65281009674072,17.0776767262438,,,1
PER,Peru,PE,2007,3581.0893081917,102.170981144136,50.0,18.9,28.0,55.2,23.6591078332489,19.2658278108854,11.0452660087265,9.11,55.4,8.8,0.9,2.62940001487732,18.1434002111455,,,1
PER,Peru,PE,2008,4197.58444634142,120.550599815441,47.5,15.8,24.3,50.9,22.4509059560504,18.3465949673507,10.5158271549121,8.94,,,,2.8677499294281,17.8236305892688,,,1
PER,Peru,PE,2009,4181.18755462253,120.822986521479,47.0,13.7,22.1,49.1,21.3747088325458,17.5321034486676,10.0349166567684,8.79,46.1,9.3,0.7,3.13994002342224,18.4835822470063,,,1
PER,Peru,PE,2010,5072.11494019615,147.527631520729,45.5,11.2,19.4,45.7,20.4279104229378,16.8139766712311,9.60698747141916,8.63,44.6,9.5,0.9,2.86730003356934,17.8223398948007,,,1
PER,Peru,PE,2011,5861.35793645245,171.761737046584,44.7,10.3,17.7,42.4,19.6115216193183,16.1963919496529,9.23788685211515,8.48,44.6,10.0,0.8,2.6635000705719,17.6278849212839,,High,0
PER,Peru,PE,2012,6519.37852981527,192.650021648583,44.4,9.5,16.1,39.8,18.9252434327876,15.6818304878319,8.90754611534136,8.33,38.2,12.7,1.3,2.92276000976562,17.9177884982323,0.7715210318565369,,0
PER,Peru,PE,2013,6746.80025696601,201.175543571392,43.9,8.6,15.4,39.3,18.3683549458884,15.2699021974626,8.63583596084835,8.19,37.9,7.7,0.3,3.29729008674622,18.9583513319003,,,0
PER,Peru,PE,2014,6667.13410360861,200.786250582942,43.1,8.0,14.4,38.0,17.9257209384669,14.9510233973484,8.42324557986466,8.08,35.3,7.8,0.7,3.69599008560181,20.5114219115948,,,0
PER,Peru,PE,2015,6231.71150338894,189.802976285619,43.4,8.0,14.0,37.5,17.5841901011375,14.7138484999401,8.28401726465929,7.96,33.4,7.5,0.8,3.96933007240295,20.5675823700928,,,0
PER,Peru,PE,2016,6217.03599995447,191.898104390379,43.6,7.5,13.7,36.4,17.3203487677743,14.5413338239388,8.2078966876548,7.86,25.2,7.0,0.9,3.81316995620727,19.1880269352898,,,0
PER,Peru,PE,2017,6736.16693725487,211.007984080911,43.3,7.3,13.7,37.3,17.107985002252,14.4081334446144,8.18654246551634,7.76,30.2,7.8,0.9,3.93130993843079,20.1502784685185,,,0
PER,Peru,PE,2018,6978.49121548627,222.597009739234,42.4,6.1,11.8,35.2,16.9336632199896,14.3064349304158,8.19230393091831,7.67,29.6,6.1,0.4,3.71392011642456,19.8892517491084,,,0
PER,Peru,PE,2019,7037.00803692604,228.346006003648,41.5,5.4,10.7,33.6,16.7943705250247,14.2320130998625,8.18012613520755,7.57,28.8,5.9,0.7,3.822429895401,20.6619118591877,,,0
PER,Peru,PE,2020,6133.32552410183,201.409694755934,43.7,10.3,18.9,48.1,16.627978198764,14.1389143147879,8.13293803926498,7.47,30.5,4.8,0.4,4.25937986373901,26.9065402747666,,,0
PER,Peru,PE,2021,6826.20255614477,226.328766459634,40.1,5.2,11.2,39.5,16.3863489512017,13.9709734904934,8.04741055009048,,28.6,4.7,0.6,3.92721009254456,22.846765924466,,,0
PER,Peru,PE,2022,7350.63034300417,246.065570308155,40.3,4.8,10.7,37.8,16.1336852710895,13.7903261728393,7.92421407522849,,27.7,5.1,0.4,3.83315992355347,,,,0
PER,Peru,PE,2023,7887.54185920108,266.958720837988,40.7,5.9,11.7,38.3,15.8050805234684,13.542430079394,7.76029826106122,,23.2,5.2,0.6,4.23516988754272,,,,0
PHL,Philippines,PH,2000,1050.79273107952,83.6697883769212,47.7,25.9,42.8,73.4,36.8994144524518,27.2671223903378,16.7369219923814,20.55,,,,3.16440010070801,15.7043454580072,,,1
PHL,Philippines,PH,2001,969.530611744453,78.9212344575487,,,,,36.0682069954419,26.8195831214485,16.5594004838027,20.66,,,,2.92463994026184,16.3761597643013,,,1
PHL,Philippines,PH,2002,1014.90879320106,84.307345887543,,,,,35.2475385088452,26.3795937936002,16.2949646664806,20.77,,,,2.89222002029419,16.2398182535247,,,1
PHL,Philippines,PH,2003,1027.2301192843,87.0390929742272,46.6,24.3,41.0,73.0,34.4362087028973,25.92066065487,15.9880582280414,20.84,33.4,20.8,5.8,2.93517994880676,16.3039879253457,,,1
PHL,Philippines,PH,2004,1099.63013023758,95.0019996853314,,,,,33.6260957037915,25.4547008730992,15.6531193454628,20.9,,,,2.46983003616333,15.2483585913628,,,1
PHL,Philippines,PH,2005,1220.46018559867,107.419977318166,,,,,32.8266664186857,24.9822164135255,15.3364735854279,20.95,,,,2.32806992530823,16.5075781461687,,,1
PHL,Philippines,PH,2006,1426.14649179546,127.652926368069,47.2,26.1,42.8,72.5,32.0730108432731,24.5372987878707,15.0107363887573,20.99,,,,2.42579007148743,14.5746291197224,,Low,1
PHL,Philippines,PH,2007,1712.65543282793,155.980408673403,,,,,31.3722155381713,24.1216368162279,14.6871928024537,21.02,,,,2.48517990112305,13.8880937726132,,,1
PHL,Philippines,PH,2008,1959.29233534978,181.624626327361,,,,,30.7294576188697,23.7515690156488,14.3776253498955,21.05,32.0,20.6,6.6,2.58282995223999,13.581599410109,,,1
PHL,Philippines,PH,2009,1864.45043406471,175.974755881372,46.3,22.0,38.9,71.0,30.135108610005,23.4076436116092,14.0764100772658,21.09,,,,2.53777003288269,14.509485683653,,,1
PHL,Philippines,PH,2010,2162.91375885614,208.368893151144,,,,,29.5964322459862,23.1026908067271,13.8310894239213,21.13,,,,,13.7936889438216,,,1
PHL,Philippines,PH,2011,2383.91892522087,234.21673029132,,,,,29.1000550290413,22.8220377902617,13.630163416771,21.17,33.4,20.2,7.0,,13.5211906618935,,,1
PHL,Philippines,PH,2012,2614.61644401308,261.92054096263,46.5,21.3,38.1,69.9,28.6542227052667,22.5708305954798,13.4890240538977,21.18,,,,,13.5454813748711,,,1
PHL,Philippines,PH,2013,2781.27957677397,283.902828588718,,,,,28.2831344077857,22.3796394629994,13.4105018723111,21.18,30.0,19.9,7.6,,13.20715199779,,,1
PHL,Philippines,PH,2014,2866.83803761407,297.483555338044,,,,,28.0138156523278,22.267843997487,13.403252998401,21.16,,,,2.66454238129968,12.8216477698348,,,1
PHL,Philippines,PH,2015,2909.85818010301,306.445871242322,44.6,14.6,30.7,65.8,27.8363915147404,22.2226264426166,13.4608103603987,21.14,33.1,21.4,6.8,2.83052303785203,13.4767411156598,,,1
PHL,Philippines,PH,2016,2985.19564024046,318.627003016731,,,,,27.8012011834071,22.3044841428067,13.6147547806257,21.11,,,,3.30128109042443,13.4351490147382,,,1
PHL,Philippines,PH,2017,3038.12124959289,328.48073680276,,,,,27.8222186154245,22.4211458345607,13.8349181758462,21.09,,,,3.96384087403915,13.6131575683624,,,1
PHL,Philippines,PH,2018,3168.51036609727,346.841896587313,42.3,8.3,21.8,60.2,27.9145762710644,22.5907923956301,14.0810925458473,21.08,29.9,19.0,5.5,3.85502760745456,14.2125593180425,,,1
PHL,Philippines,PH,2019,3400.78949767074,376.823402239136,,,,,27.9680958757483,22.7278490690452,14.2868240113317,21.1,28.7,18.9,5.7,3.40748649142134,14.8073074115535,,,1
PHL,Philippines,PH,2020,3227.57910235199,361.751145451597,,,,,27.9388111304591,22.7874649721302,14.402173999507,21.14,,,,3.85829051308063,19.5603029244639,,,1
PHL,Philippines,PH,2021,3484.38593882819,394.08735984811,40.7,8.1,21.3,62.3,27.6913756511003,22.6563219287949,14.3801468268295,,26.7,16.7,5.4,3.87249754784633,19.1392292224505,,,1
PHL,Philippines,PH,2022,3548.06930572116,404.353369604631,,,,,27.3486338011652,22.4449969392695,14.2234140904257,,,,,3.57960089528426,18.6068893324404,,,1
PHL,Philippines,PH,2023,3804.08274131097,437.055627244424,39.3,5.3,16.9,58.7,26.8817712339393,22.1222037592045,13.9678919090102,,,,,3.6236863467978,16.8805903401184,,,1
PLW,Palau,PW,2000,7797.25727395975,0.1495358,,,,,26.4696760633202,22.3297330249894,14.2425268750151,13.32,,,,7.84434986114502,,,,1
PLW,Palau,PW,2001,8239.63931376602,0.1594535,,,,,25.5120287469286,21.5287667909563,13.7547455706276,13.4,,,,7.58415985107422,,,,1
PLW,Palau,PW,2002,8340.53735322771,0.1626655,,,,,24.6294150813007,20.7803360933387,13.28861474474,13.47,,,,7.54601001739502,,,,1
PLW,Palau,PW,2003,7862.04283025586,0.1545599,,,,,23.7732887403567,20.0564869192844,12.809802418122,13.53,,,,,,,,1
PLW,Palau,PW,2004,8395.13622603431,0.1663916,,,,,22.9258503568875,19.3353933437913,12.3483859348452,13.57,,,,,,,,1
PLW,Palau,PW,2005,9639.65891316414,0.1910484,,,,,22.118128472244,18.648063523381,11.8824127875383,13.6,,,,,,,,1
PLW,Palau,PW,2006,9885.14775685194,0.1936797,,,,,21.3794821905046,18.0272255374364,11.4707297852791,13.62,,,,,,,,1
PLW,Palau,PW,2007,10408.4343591338,0.2009036,,,,,20.7482276174083,17.4993574498375,11.1215721806781,13.66,,,,,,,,1
PLW,Palau,PW,2008,10582.739754853,0.2011673,,,,,20.2357825223336,17.0720660430523,10.8207001830279,13.67,,,,,50.2409869794942,,,1
PLW,Palau,PW,2009,10155.4332139612,0.189998,,,,,19.8498553695692,16.753787973217,10.6335550907672,13.69,,,,,50.6110669585996,,,1
PLW,Palau,PW,2010,10229.0878451837,0.1881743,,,,,19.6850361842597,16.612329470386,10.5313579818556,13.7,,,,,49.9836704587183,,,0
PLW,Palau,PW,2011,11000.879522071,0.1988739,,,,,19.6909728882774,16.6375708362786,10.5263450050382,13.69,,,,,52.5934901462686,,,0
PLW,Palau,PW,2012,12145.3644807205,0.2157624,,,,,19.8880953613735,16.8247421542524,10.6022992910334,13.68,,,,,53.629126280973,,,1
PLW,Palau,PW,2013,12768.9086582049,0.2253457,,,,,20.2544098231253,17.1488285413584,10.7802542323391,13.66,,,,,48.7441389069226,,,1
PLW,Palau,PW,2014,13726.0231442281,0.2431565,,,,,20.7695094874724,17.5987545540853,11.0709370263736,13.63,,,,,46.4558714243707,,,1
PLW,Palau,PW,2015,15690.759707372,0.2788248,,,,,21.4336251213682,18.1706937687493,11.4053996804956,13.59,,,,,40.2555877506093,,,1
PLW,Palau,PW,2016,16762.5723436534,0.2983235,,,,,22.1229789059949,18.7874302935501,11.7625556425108,13.56,,,,,41.3941473116949,,,1
PLW,Palau,PW,2017,16034.1342914889,0.2856,,,,,22.7850466062253,19.3623730773973,12.0721256559929,13.55,,,,,42.279293767507,,,1
PLW,Palau,PW,2018,16197.7265072415,0.2885463,,,,,23.2296317052161,19.7644151899192,12.2850245164721,13.52,,,,,40.6438491846889,,,1
PLW,Palau,PW,2019,15841.1956399595,0.2819416,,,,,23.3762251758041,19.9258371588416,12.362267972638,13.53,,,,,42.4270334707613,,,1
PLW,Palau,PW,2020,14556.5872302158,0.2589908,,,,,23.2893216486304,19.8801022243193,12.318846291279,13.53,,,,3.47118076238812,58.9536047805559,,,1
PLW,Palau,PW,2021,13257.2063206433,0.2357529,,,,,23.0492044724559,19.7046555695414,12.1766514800119,,,,,3.94417105804533,,,,1
PLW,Palau,PW,2022,14392.2011374514,0.2555911,,,,,22.7329238451114,19.4618968583807,11.9541290557127,,,,,3.57620133415525,,,,1
PLW,Palau,PW,2023,15899.4246065324,0.2818491,,,,,22.2983711191982,19.1149677797645,11.7211377354159,,,,,3.52595777106229,,,,1
PNG,Papua New Guinea,PG,2000,635.957919047725,3.52133969907407,,,,,71.9171915952838,56.0196631731908,30.4936246533626,18.01,,,,,30.0470326013271,,,1
PNG,Papua New Guinea,PG,2001,537.847459634131,3.08102421242924,,,,,70.7796743641434,55.183694532046,30.0195758213264,18.09,,,,,26.9230976405067,,,1
PNG,Papua New Guinea,PG,2002,506.331789534482,2.99951104019764,,,,,69.5730779465133,54.294412363981,29.5207726900085,18.17,,,,,22.093912745056,,,1
PNG,Papua New Guinea,PG,2003,577.467922387259,3.5364118242958,,,,,68.3534075099543,53.3816002842091,29.0479061562377,18.25,,,,,,,,1
PNG,Papua New Guinea,PG,2004,620.596147680561,3.92715786696465,,,,,67.1273066916418,52.4348798094677,28.6605926600367,18.34,,,,,,,,1
PNG,Papua New Guinea,PG,2005,744.486489977433,4.86589297227595,,,,,65.8091359640622,51.4292903976586,28.319090555783,18.42,43.9,17.3,4.3,,,,,1
PNG,Papua New Guinea,PG,2006,1238.18282926706,8.35491104070193,,,,,64.4415864178574,50.3675521646449,28.0489658906453,18.5,,,,,,,,1
PNG,Papua New Guinea,PG,2007,1370.753415829,9.54502894434579,,,,,63.0570752193565,49.3064574211069,27.7585708025766,18.58,,,,,,,,1
PNG,Papua New Guinea,PG,2008,1624.79319935188,11.6708928005309,,,,,61.6490136571495,48.2002923467081,27.4165658093448,18.67,,,,,,,,1
PNG,Papua New Guinea,PG,2009,1568.83193368607,11.619456449266,41.9,52.2,69.4,92.1,60.2298582363096,47.1196217307033,26.9935864150992,18.76,,,,,,,,1
PNG,Papua New Guinea,PG,2010,1866.86889851208,14.2507866747766,,,,,58.7593386167078,45.9445913698191,26.5348383524612,18.84,49.5,27.8,14.1,,,,,1
PNG,Papua New Guinea,PG,2011,2288.37591141234,17.9851380658549,,,,,57.2884938154761,44.79448623911,26.0554849246187,18.93,,,,,,,,1
PNG,Papua New Guinea,PG,2012,2635.0873631547,21.2951686657247,,,,,55.8505940770069,43.6738238849809,25.5751810855185,19.0,,,,,,,,1
PNG,Papua New Guinea,PG,2013,2560.77458976327,21.2613380648783,,,,,54.4456666276074,42.5699380285987,25.1002031321418,19.08,,,,,,,,1
PNG,Papua New Guinea,PG,2014,2723.17529825196,23.210823987308,,,,,53.0460238136641,41.4671664864102,24.6330265995327,19.14,,,,,21.7511493892941,,,1
PNG,Papua New Guinea,PG,2015,2484.5963398603,21.7234370100982,,,,,51.6669681713367,40.4003812568244,24.1845261005515,19.2,,,,1.62515691017505,20.2295670659165,,,1
PNG,Papua New Guinea,PG,2016,2316.39479758492,20.7588769526232,,,,,50.1692393365671,39.2998676587868,23.7372251288023,19.25,,,,0.853806396301458,18.3875117589636,2.144037485122681,,1
PNG,Papua New Guinea,PG,2017,2477.76530986323,22.742699138356,,,,,48.7477738607402,38.2447620494481,23.2955222379485,19.3,,,,1.96493005752563,16.582991808656,,,1
PNG,Papua New Guinea,PG,2018,2566.36833735041,24.1097807080268,,,,,47.2427275903644,37.1279191967086,22.8543198457623,19.33,,,,1.8748300075531,18.3099112905525,,,1
PNG,Papua New Guinea,PG,2019,2575.77274140393,24.7506260298777,,,,,45.8507299695822,36.090923118822,22.341253321314,19.36,,,,0.761761143914634,19.1432069429868,,,1
PNG,Papua New Guinea,PG,2020,2429.61134585269,23.8484478496081,,,,,44.462718170719,35.0769541739116,21.8452140840114,19.38,,,,0.898018542083257,20.8959129575791,,,1
PNG,Papua New Guinea,PG,2021,2607.57861874444,26.1094135213116,,,,,43.0902428385873,34.0639273059392,21.3891840927368,,,,,0.713984905932403,19.8343776635656,,,1
PNG,Papua New Guinea,PG,2022,3102.28968594061,31.653185952609,,,,,41.6744833239691,33.018100189897,20.9762675072021,,,,,0.643376920751815,19.4489382425075,,,1
PNG,Papua New Guinea,PG,2023,2966.06830432055,30.8163670669594,,,,,40.3056989214673,31.9898125026408,20.5081065511263,,,,,0.782122804685732,20.3235696640344,,,1
POL,Poland,PL,2000,4520.64100449111,172.953527033013,33.0,0.3,1.7,19.7,9.33731422715587,8.08732663539963,5.78155353239506,6.02,,,,4.96281003952026,38.1558904251738,,,0
POL,Poland,PL,2001,5015.23790036613,191.823200371284,32.8,0.4,1.9,20.2,8.82267035563364,7.63391751062232,5.43907920453992,6.0,,,,5.29358005523682,39.6556751835274,,,0
POL,Poland,PL,2002,5223.45178967082,199.694463255566,34.1,0.3,2.1,21.4,8.42484251268672,7.28343376462187,5.19478829253001,5.97,,,,5.37052011489868,39.585153910354,,,0
POL,Poland,PL,2003,5720.81366178104,218.56122599847,34.9,0.2,1.5,18.4,8.09563279640479,6.99321023049709,4.99901764843947,5.95,,,,5.30664014816284,40.4937170662152,,,0
POL,Poland,PL,2004,6711.72715262967,256.268656145134,38.0,2.8,5.2,18.6,7.81555381969303,6.74666941242026,4.81063717814456,5.92,,,,5.33129978179932,37.8244157129918,,,0
POL,Poland,PL,2005,8043.92332253757,306.999913150525,35.8,1.4,3.0,14.8,7.556360624347,6.51874249744965,4.59574778954876,5.9,,,,5.41065979003906,36.9606953839401,,,0
POL,Poland,PL,2006,9068.85528307627,345.897630736172,34.7,0.9,2.0,11.1,7.29164257305827,6.28608519662523,4.36758097639945,5.87,,,,5.18850994110107,36.6626761383487,,,0
POL,Poland,PL,2007,11272.5293683383,429.715132137502,34.0,0.6,1.4,7.0,6.99585999843126,6.02772351425483,4.16319207180416,5.85,,,,4.86086988449097,35.0894966496557,,,0
POL,Poland,PL,2008,14048.5604672654,535.612030671888,33.5,0.3,0.8,5.9,6.66174575176475,5.73719579019114,3.99174352819997,5.83,,,,5.02344989776611,35.8115464821891,,,0
POL,Poland,PL,2009,11556.3026866026,440.891472247096,33.4,0.6,1.1,5.3,6.31488480586603,5.43620130309015,3.81636463203457,5.81,2.9,,,4.97664022445679,36.7259261843907,,,0
POL,Poland,PL,2010,12567.7317676382,478.111630683514,33.2,0.6,1.2,5.0,5.98380838112168,5.1495256068899,3.61431062017587,5.8,,,,5.08126020431519,36.7345749661846,,,0
POL,Poland,PL,2011,13867.6669408192,527.848543023469,33.2,0.6,1.0,4.9,5.68213546291758,4.88820857798473,3.40326238682969,5.79,0.8,0.9,1.0,4.82903003692627,34.8359106996135,,,0
POL,Poland,PL,2012,13087.420943321,498.14864970266,33.0,0.4,0.8,5.1,5.42285034787004,4.66421830191048,3.21976357326513,5.79,,,,4.83311986923218,35.0580862781262,,,0
POL,Poland,PL,2013,13621.9023794031,518.17983640536,33.1,0.6,1.0,4.9,5.2108284580108,4.4808740864394,3.08395863225678,5.78,,,,4.99780988693237,35.9129620312523,,,0
POL,Poland,PL,2014,14262.2841914116,542.134167178627,32.8,0.6,1.2,4.7,5.03707245609708,4.33076557145796,2.97899512150375,5.77,2.6,,,4.93859004974365,35.0749023643641,,,0
POL,Poland,PL,2015,12637.5220324406,480.054118583367,31.8,0.5,0.9,3.9,4.89151329789132,4.20488379979286,2.89186816876961,5.75,,,,4.78747987747192,34.1387372869929,,,0
POL,Poland,PL,2016,12464.0121044827,473.259623976262,31.2,0.4,0.6,2.7,4.76363917495322,4.09417807445643,2.82345105700661,5.73,,,,4.62726020812988,34.8011532937469,,,0
POL,Poland,PL,2017,13913.3415190124,528.356723263073,29.7,0.4,0.6,2.1,4.6447480550938,3.99087259074155,2.78140275347087,5.69,,,,4.54247999191284,34.2617520918092,,,0
POL,Poland,PL,2018,15658.210586693,594.616632477019,30.2,0.3,0.4,1.8,4.5327281995272,3.89335837836207,2.76393235100804,5.66,,,,4.55985021591187,33.0589633854181,,,0
POL,Poland,PL,2019,15874.5220531254,602.68377014488,28.8,0.1,0.2,1.0,4.44318782445383,3.81523519507077,2.74979427391692,5.63,1.0,0.7,0.8,4.62736988067627,33.827053466204,,,0
POL,Poland,PL,2020,16150.9291009726,605.914186117953,28.5,0.2,0.3,1.2,4.39175833528636,3.76940794657687,2.72272981477728,5.61,,,,4.80081987380981,40.522296880667,,,0
POL,Poland,PL,2021,18635.5088812509,689.170171187004,28.5,0.1,0.2,1.1,4.37112707421755,3.75054285603059,2.66199915093102,,,,,4.61998987197876,36.9985474454804,,,0
POL,Poland,PL,2022,18891.213529396,695.607522884822,28.9,0.3,0.5,1.5,4.36326399291714,3.74237564046637,2.54066382966635,,,,,4.31372976303101,36.0632407243175,,,0
POL,Poland,PL,2023,22145.2643088909,812.45112897858,28.5,0.2,0.4,1.1,4.35218164490786,3.73158146655306,2.3579218630866,,,,,,39.0982392627941,,,0
PRT,Portugal,PT,2000,11526.3720667968,118.605192877388,,,,,7.15194757001429,5.50612779114736,3.3726118693084,7.2,,,,5.16384983062744,37.191454590642,,,0
PRT,Portugal,PT,2001,11734.7649743954,121.604107164997,,,,,6.60826548392042,5.10088280278849,3.19414396637231,7.28,,,,5.33713006973267,38.056193389757,,,0
PRT,Portugal,PT,2002,12936.6928204482,134.795565549419,,,,,6.051262342365,4.68505618729244,2.99730577255919,7.37,,,,5.25871992111206,38.4231231303128,,,0
PRT,Portugal,PT,2003,15797.7821340276,165.226175536793,38.8,1.1,1.6,4.9,5.51451713608175,4.28345479979925,2.77962873042157,7.47,,,,5.28152990341187,39.746800422034,,,0
PRT,Portugal,PT,2004,18064.1580932987,189.382122532169,38.9,0.7,1.1,4.2,5.0412885466256,3.93008482839327,2.56289791118102,7.56,,,,5.04638004302979,40.3509034197459,,,0
PRT,Portugal,PT,2005,18780.12751241,197.253876704921,38.5,0.7,1.1,3.9,4.66673808925449,3.65268013998988,2.37164447545536,7.66,,,,5.07394981384277,41.3042466938943,,,0
PRT,Portugal,PT,2006,19839.4540499032,208.756449275848,38.1,0.2,0.6,3.7,4.38368476372055,3.4453392921314,2.22265980596123,7.75,,,,4.90767002105713,39.9655434630104,,,0
PRT,Portugal,PT,2007,22811.0564844365,240.496147317381,36.8,0.6,0.9,3.1,4.17241928149878,3.29299680364054,2.13178721991423,7.85,,,,4.92147016525269,39.1639890772347,,,0
PRT,Portugal,PT,2008,24949.0413566739,263.416394624084,36.6,0.3,0.9,3.7,4.01475177316298,3.18181566975985,2.09610083283485,7.95,,,,4.69609022140503,40.201497485402,,,0
PRT,Portugal,PT,2009,23151.2154130712,244.667762835543,34.9,0.2,0.5,3.0,3.89610312971353,3.10013890025882,2.09467778537705,8.05,,,,5.56314992904663,43.2776433601829,,,0
PRT,Portugal,PT,2010,22551.935098809,238.443864993217,35.8,0.2,0.6,3.1,3.80415792412503,3.03824808639107,2.10249552374731,8.15,,,,5.40498018264771,44.1455271039697,,,0
PRT,Portugal,PT,2011,23246.5425416481,245.426767676002,36.3,0.6,0.9,4.8,3.73085343206806,2.98946818271353,2.108707346191,8.25,,,,5.11688995361328,44.4757197536512,,,0
PRT,Portugal,PT,2012,20593.4274224109,216.536676771973,36.0,0.9,1.6,6.5,3.68056891493308,2.95841867031488,2.11159280846115,8.36,,,,4.94226980209351,44.362913573288,,,0
PRT,Portugal,PT,2013,21676.4859642714,226.677408291745,36.2,1.0,2.0,6.9,3.64985870980642,2.94115938203195,2.10904810631576,8.45,,,,5.2652997970581,45.5809604098825,,,0
PRT,Portugal,PT,2014,22120.6850127107,230.078616299675,35.6,0.8,1.6,5.9,3.63497785707655,2.93548277659812,2.10119771021015,8.54,,,,5.12006998062134,47.560533270166,,,0
PRT,Portugal,PT,2015,19215.7813014347,199.038523119639,35.5,0.7,1.3,4.4,3.62772949804903,2.93429593199743,2.08718100367675,8.61,,,,4.8942699432373,44.0036278174494,,,0
PRT,Portugal,PT,2016,19980.2808866516,206.305431241638,35.2,0.4,0.8,4.4,3.6177951914587,2.92935442924335,2.06053923788752,8.67,3.2,0.9,1.1,,41.3199326718019,,,0
PRT,Portugal,PT,2017,21442.3842768879,220.862990767229,33.8,0.4,0.7,3.0,3.58760341572283,2.90662374123551,2.01848427836481,8.73,,,,5.02685022354126,41.668947889985,,,0
PRT,Portugal,PT,2018,23541.1401075289,242.092894542888,33.5,0.4,0.7,2.7,3.53043482362558,2.86141732244068,1.95833872626228,8.79,,,,4.67940998077393,39.2823047343675,,,0
PRT,Portugal,PT,2019,23343.3628970034,240.115970063019,32.8,0.2,0.3,1.9,3.45540076546249,2.80035308431911,1.88543754760108,8.85,,,,4.62753009796143,38.6689545444553,,,0
PRT,Portugal,PT,2020,22299.4044062173,229.618773422577,34.7,0.6,1.0,2.9,3.37165174644518,2.73092655897198,1.80607667758543,8.92,,,,4.86408996582031,44.5273320079934,,,0
PRT,Portugal,PT,2021,24711.4510062111,256.055879091139,34.6,0.3,0.4,1.9,3.28997390683385,2.66304463529339,1.72721581769253,,,,,4.77342987060547,42.4539286342892,,,0
PRT,Portugal,PT,2022,24620.519556875,256.898675068927,36.3,0.2,0.4,2.8,3.22070458693661,2.60595264979458,1.6573823206384,,,,,4.55159997940063,39.3111765510363,,,0
PRT,Portugal,PT,2023,27386.2920595024,289.696962620235,33.9,0.4,0.7,2.2,3.16403166892804,2.55879814075051,1.59692437208991,,,,,,37.4964526682983,,,0
PRY,Paraguay,PY,2000,1736.11729210765,8.85570513955857,,,,,33.6354249078544,28.6676497352129,17.9550012876437,9.81,,,,4.2302098274231,,,,1
PRY,Paraguay,PY,2001,1637.68615122932,8.49580643218467,54.6,13.5,21.6,45.3,32.8910034755023,28.107522794492,17.5510282689743,9.89,,,,3.83357000350952,,,,1
PRY,Paraguay,PY,2002,1367.76506935997,7.19626065684556,57.3,19.6,30.4,57.5,32.1872256369903,27.5845842081256,17.1642036839666,9.96,,,,3.40773010253906,,,,1
PRY,Paraguay,PY,2003,1443.99885236205,7.69136747117992,54.9,13.8,22.9,51.4,31.4168274813901,27.0158884178025,16.7541251528241,10.02,,,,3.3827600479126,,,,1
PRY,Paraguay,PY,2004,1786.21533938543,9.62444083629309,52.3,10.7,20.1,50.3,30.6666129694526,26.4439735870299,16.3620592539232,10.05,,,,2.86989998817444,,,,1
PRY,Paraguay,PY,2005,1970.87169852378,10.7375001881123,51.4,10.1,17.7,46.5,29.8872609055802,25.8406332813738,15.9529585966531,10.07,28.0,7.6,1.7,,12.2787341251754,,,1
PRY,Paraguay,PY,2006,2439.43124694576,13.429430050261,53.0,14.1,22.4,50.4,29.1124247972187,25.2381618058376,15.5485144175152,10.07,,,,,12.3649511285838,,,1
PRY,Paraguay,PY,2007,3211.93621659546,17.8563932354338,53.0,12.6,18.9,47.0,28.3226094910852,24.6056182143861,15.1458343147951,10.06,,,,2.73951005935669,11.4827516924891,,,1
PRY,Paraguay,PY,2008,4384.9546943793,24.6152676635456,50.7,7.9,16.5,43.9,27.5039542622761,23.9451729832807,14.6955550665909,10.05,,,,,10.8129075001749,,,1
PRY,Paraguay,PY,2009,3941.84815479271,22.355151161994,49.1,9.1,17.5,42.1,26.6687866416302,23.2682884069209,14.283020614269,10.04,,,,,12.5773872015926,,,1
PRY,Paraguay,PY,2010,4750.96273669322,27.2608864052262,51.0,9.4,16.0,39.8,25.9290650112342,22.6623993815243,13.8374995711694,10.04,,,,2.7707200050354,11.8391195380757,,,1
PRY,Paraguay,PY,2011,5805.40154543044,33.7562387665,52.3,8.9,14.8,38.0,25.0926179108283,21.9706201764119,13.4205239228804,10.03,,,,3.69282007217407,13.0832818921182,,Medium,1
PRY,Paraguay,PY,2012,5642.1699167298,33.271921136315,47.6,6.4,11.9,33.3,24.4086816303336,21.4078096590945,13.0124033533182,10.02,9.9,3.7,2.5,3.668790102005,15.7041029014301,,,1
PRY,Paraguay,PY,2013,6435.68342733182,38.5011221414241,47.9,4.1,8.5,28.8,23.6868156228304,20.8067501940241,12.6129594700544,10.01,,,,2.67871193892232,14.3618811109228,,,1
PRY,Paraguay,PY,2014,6652.25478942291,40.3779292956419,50.7,4.3,9.3,28.3,22.9596965573607,20.1919774512168,12.1805744816233,10.0,,,,2.59655894629063,14.001361051633,,,1
PRY,Paraguay,PY,2015,5879.33792308671,36.2114478400971,47.6,4.2,8.8,27.5,22.1865878891029,19.5454285819746,11.8167782726865,9.98,,,,3.33377822870463,14.8283479769772,,,1
PRY,Paraguay,PY,2016,5775.1596339946,36.0897002229461,47.9,4.2,8.6,29.7,21.4724434005227,18.9393210504432,11.4485820669823,9.96,12.6,2.1,0.7,3.4349799156189,15.4216143903646,0.6944416761398315,,1
PRY,Paraguay,PY,2017,6152.26711537703,38.9971294735558,48.5,2.4,6.6,26.9,20.7683062998476,18.3406940889463,11.0737069670392,9.95,,,,3.09062070242279,14.4661468516944,,,1
PRY,Paraguay,PY,2018,6258.44991640954,40.2254483406322,46.0,3.1,6.9,25.3,20.0715849369252,17.7459182011648,10.6843985240786,9.95,,,,3.2961960606943,16.1304844057012,,,1
PRY,Paraguay,PY,2019,5821.18199548637,37.9253383291494,45.7,2.4,6.5,25.0,19.3999265477977,17.17572072643,10.336625150177,9.95,,,,3.48983027194334,20.3502301282138,,,0
PRY,Paraguay,PY,2020,5365.47220721191,35.4321780681813,43.5,2.6,6.5,27.9,18.826340595705,16.6919970263724,10.0117797524581,9.96,,,,3.93615007400513,18.4727986970316,,,0
PRY,Paraguay,PY,2021,5976.9317978996,39.9508999387482,42.9,1.9,5.6,27.0,18.1928642973611,16.1512743742566,9.71922307864317,,,,,3.41070008277893,16.7400694932577,,,0
PRY,Paraguay,PY,2022,6205.6259537937,41.952910858088,44.6,3.2,7.2,25.8,17.5726602975066,15.6195838448328,9.4091331645661,,,,,3.39619994163513,16.5354158578926,,,0
PRY,Paraguay,PY,2023,6299.99026533643,43.1180531745412,44.2,2.4,5.8,22.8,17.0177118019876,15.1436108350776,9.08234472732346,,,,,3.40649008750915,18.9555342614799,,,0
PSE,West Bank and Gaza,PS,2000,1476.17185000238,4.3136,,,,,30.3260169653048,26.3571577415847,17.0274424340047,9.02,10.7,2.2,2.0,,,,,1
PSE,West Bank and Gaza,PS,2001,1335.55319529359,4.0037,,,,,29.3982375376964,25.5461729351256,16.698138313481,9.09,,,,,,,,1
PSE,West Bank and Gaza,PS,2002,1156.21747345769,3.5558,,,,,28.5154044041323,24.7769743365608,16.383683925703,9.18,11.4,2.4,2.4,,,,,1
PSE,West Bank and Gaza,PS,2003,1257.69857009689,3.968,,,,,27.6710122806973,24.0462677100674,16.0642119051745,9.26,,,,,,,,1
PSE,West Bank and Gaza,PS,2004,1422.19088643544,4.6031,34.0,1.8,4.6,31.5,26.8418423885421,23.3097272954976,15.7058902613853,9.33,10.5,3.3,3.2,,,,,1
PSE,West Bank and Gaza,PS,2005,1543.70141392774,5.1257,34.7,1.3,4.7,30.0,26.0138097794389,22.5717415398757,15.2962911027674,9.39,,,,,36.571982675537,,,1
PSE,West Bank and Gaza,PS,2006,1570.10439962728,5.3483,34.0,0.5,3.5,29.0,25.1704763776285,21.8300165514266,14.8456613980567,9.46,13.6,2.6,1.8,,42.9659891928276,,,1
PSE,West Bank and Gaza,PS,2007,1664.24571669276,5.8157,35.6,2.9,7.2,35.6,24.3431906724414,21.1147347515448,14.3807874971135,9.53,,,,,38.4820399951854,,,1
PSE,West Bank and Gaza,PS,2008,2035.20234121766,7.3104,,,,,23.5450321951411,20.4198055478234,13.9327962040389,9.59,,,,,41.5330179790436,,,1
PSE,West Bank and Gaza,PS,2009,2191.78178736868,8.0857,34.5,0.6,2.3,25.9,22.7546058270462,19.7277949971278,13.5100982101379,9.66,,,,,37.232095523826,,,1
PSE,West Bank and Gaza,PS,2010,2557.07562356699,9.6815,35.3,0.6,3.0,27.0,21.9757541199639,19.0403814676175,13.1015635739974,9.72,10.9,3.7,3.3,6.19167995452881,31.7461919284202,,,1
PSE,West Bank and Gaza,PS,2011,2880.79843707909,11.1861,34.4,0.4,2.9,25.7,21.1930266731369,18.3647956288587,12.6985652114571,9.78,,,,5.33527994155884,28.191350444212,,,1
PSE,West Bank and Gaza,PS,2012,3067.43872735614,12.2084,,,,,20.4451231787401,17.7108840187828,12.313285125892,9.84,,,,4.74210977554321,25.6999265911176,,,1
PSE,West Bank and Gaza,PS,2013,3315.29753909282,13.5155,,,,,19.7021517762682,17.0660145899109,11.9606851271064,9.9,,,,4.89467000961304,25.1983472013614,,,0
PSE,West Bank and Gaza,PS,2014,3352.11259506043,13.9897,,,,,22.0359706618241,17.6341805968911,11.6477519819479,9.97,7.4,1.4,1.2,,26.6277111254709,,,1
PSE,West Bank and Gaza,PS,2015,3272.15432360708,13.9724,,,,,18.2608237707127,15.8106027769997,11.2137109292597,10.03,,,,4.66321992874146,26.9877492913172,,,0
PSE,West Bank and Gaza,PS,2016,3527.61382413178,15.4054,33.7,1.4,4.4,27.7,17.5708023167351,15.2099729454512,10.8227545167905,10.09,,,,4.98296022415161,25.6715596577174,,,0
PSE,West Bank and Gaza,PS,2017,3620.36048715937,16.128,,,,,16.9378168320096,14.6602892544285,10.4597357887479,10.16,,,,4.72153997421265,26.8736803995996,,Low,0
PSE,West Bank and Gaza,PS,2018,3562.33094270256,16.2766,,,,,16.3148887026015,14.1310426407344,10.1007625877698,10.23,,,,,24.6173065578854,,,0
PSE,West Bank and Gaza,PS,2019,3656.85827137011,17.1335,,,,,15.7397003140172,13.6432811812453,9.74719521396961,10.3,,,,,24.4661085271964,,,0
PSE,West Bank and Gaza,PS,2020,3233.56863835858,15.5317,,,,,15.2055984894186,13.1946522893965,9.41855097667477,10.37,8.7,2.1,1.3,,29.2345671715076,,,0
PSE,West Bank and Gaza,PS,2021,3678.63565662194,18.109,,,,,14.6770411454035,12.7526627110691,9.10028203440951,,,,,5.43442010879517,26.1664917273852,,,0
PSE,West Bank and Gaza,PS,2022,3799.95527015163,19.1655,,,,,14.1781350367858,12.3295552908838,8.78516146397202,,,,,,,,,0
PSE,West Bank and Gaza,PS,2023,3455.02852911712,17.8479,36.4,2.1,6.1,28.6,26.2808159054503,14.2713375259337,8.70206104818501,,,,,,,,,1
QAT,Qatar,QA,2000,27535.182940934,17.75989010989,,,,,12.479268064801,10.4180398020033,6.6086665167559,9.86,,,,3.72598004341125,,,,0
QAT,Qatar,QA,2001,25870.7991864314,17.5384615384614,,,,,12.0191628094355,10.0252693633916,6.31241208635497,9.86,,,,3.20019006729126,,,,0
QAT,Qatar,QA,2002,27226.6593510117,19.3637362637363,,,,,11.5784133569873,9.6460846360299,6.0784560515957,9.87,,,,3.84656000137329,,,,0
QAT,Qatar,QA,2003,31602.470865136,23.5337912087912,,,,,11.166571005309,9.29235318267959,5.90603067123321,9.88,,,,3.37393999099731,,,,0
QAT,Qatar,QA,2004,41035.5008380177,31.7340659340659,,,,,10.7795045060036,8.95869342746897,5.74229655925137,9.88,,,,3.46258997917175,,,,0
QAT,Qatar,QA,2005,53949.6764091147,44.5304945054945,,,,,10.4280091350965,8.65491154296133,5.54848099296904,9.87,,,,3.97187995910644,,,,0
QAT,Qatar,QA,2006,62582.4453138755,60.8821428571428,,,,,10.1096110764722,8.37857303336058,5.32398001742841,9.87,,,,,,,,0
QAT,Qatar,QA,2007,65954.3419525051,79.7120879120879,,,,,9.81927042508656,8.12804994908058,5.11480666219765,9.86,,,,,,,,0
QAT,Qatar,QA,2008,80781.4039187792,115.270054945055,,,,,9.56195115780845,7.90487852972768,4.92848526946127,9.86,,,,4.22755002975464,,,,0
QAT,Qatar,QA,2009,60785.7351551657,97.7983516483516,,,,,9.32429722563412,7.69864189154213,4.76360870458346,9.86,,,,3.41315007209778,,,,0
QAT,Qatar,QA,2010,77387.3267885308,125.122306346154,,,,,9.1035872374438,7.50766551828128,4.59320652750863,9.87,,,,4.53965997695923,,,,0
QAT,Qatar,QA,2011,103261.506539346,167.775268626374,,,,,8.89294967723739,7.32579036110121,4.41336901120783,9.88,,,,4.01223993301392,,,,0
QAT,Qatar,QA,2012,108470.378825036,186.833502362637,,,,,8.67115032843048,7.13426499599088,4.23868555681018,9.9,,,,3.50744009017944,,,,0
QAT,Qatar,QA,2013,103697.008372373,198.727642967032,,,,,8.43240169776019,6.92907390507529,4.06695065783583,9.91,,,,4.07384014129639,,,,0
QAT,Qatar,QA,2014,95840.6310094498,206.224598571429,,,,,8.16304470546203,6.69930914259448,3.92009472481221,9.93,,,,3.60535001754761,,,,0
QAT,Qatar,QA,2015,68985.2946961507,161.739955576923,,,,,7.86060817466046,6.44209874474928,3.82411849032773,9.94,,,,,,,,0
QAT,Qatar,QA,2016,61253.6375482797,151.732181868132,,,,,7.53694977303716,6.16821084868144,3.77100554428662,9.94,,,,,,,,0
QAT,Qatar,QA,2017,63279.8556949332,161.099122225274,35.1,0.0,0.0,0.0,7.21444038630399,5.89597063142301,3.74406265121648,9.95,,,,2.96745991706848,,,,0
QAT,Qatar,QA,2018,71039.8490579352,183.334953818681,,,,,6.91239858352164,5.64124044579188,3.73704872804165,9.95,,,,,,,,0
QAT,Qatar,QA,2019,66841.3013484919,176.371267692308,,,,,6.651090118965,5.42035698189135,3.73514654727381,9.95,,,,2.80378007888794,,,,0
QAT,Qatar,QA,2020,51683.5054376677,144.411363351648,,,,,6.43717439304629,5.23668724723298,3.74438318746397,9.96,,,,3.2336699962616,,,,0
QAT,Qatar,QA,2021,71751.8831257169,179.73200956044,,,,,6.26707118366948,5.08985145721801,3.7516495545852,,5.4,2.0,1.2,,,,,0
QAT,Qatar,QA,2022,88701.463352273,235.709325714286,,,,,6.12905747198661,4.97083125661062,3.748429818081,,6.3,2.1,1.3,,,,,0
QAT,Qatar,QA,2023,80195.8746508549,213.002809340658,,,,,6.01552901049649,4.87276097784184,3.72484666502296,,6.2,2.3,1.6,,,,,0
ROU,Romania,RO,2000,1659.92904910528,37.2537395111273,29.3,11.9,29.4,79.5,21.5776626820944,18.0986126857974,10.407007559305,10.58,12.8,3.7,4.3,2.86862993240356,34.3930181976454,,,1
ROU,Romania,RO,2001,1825.19299373184,40.3951165814832,29.4,9.5,23.3,73.2,20.6369447584004,17.3881797940941,9.88405978169899,10.5,14.0,3.8,3.9,3.26628994941711,33.1627359414744,,,1
ROU,Romania,RO,2002,2119.85509684554,46.0655027025817,30.2,9.1,22.7,70.9,20.1105581797529,17.0112815596629,9.56945234838578,10.4,12.8,3.5,3.5,3.5041298866272,31.8091698052492,,,1
ROU,Romania,RO,2003,2679.40626016154,57.806384143166,29.9,7.0,19.1,66.9,19.8725041075516,16.864425863589,9.39121061294178,10.3,,,,3.54397010803223,31.5166508960095,,,1
ROU,Romania,RO,2004,3494.99056448955,74.9736568518076,30.0,5.3,15.0,58.5,19.3870983753712,16.4954055310357,9.10417860252105,10.19,,,,3.31273007392883,31.1769708645652,,,0
ROU,Romania,RO,2005,4618.00350802913,98.4543801200761,29.8,4.2,12.1,54.3,18.2097375933174,15.5209867510967,8.49298933674057,10.07,,,,3.50039005279541,31.0306457567213,,,0
ROU,Romania,RO,2006,5757.53127301178,122.023735992706,39.6,11.1,18.3,46.1,16.6127083177921,14.1746336200278,7.68067669151046,9.94,,,,4.30650997161865,31.4669395085695,,,0
ROU,Romania,RO,2007,8360.33775916596,174.588782938583,37.5,8.1,14.3,39.9,15.1113640285363,12.8973650102299,6.89150837918258,9.83,,,,4.14953994750977,32.7939202863297,,,0
ROU,Romania,RO,2008,10435.1561230787,214.315932061275,36.4,6.0,10.7,32.7,13.9531507098895,11.9047291019965,6.25057167979516,9.73,,,,4.09721994400024,32.0482283913088,,,0
ROU,Romania,RO,2009,8548.4543409242,174.110532658867,35.6,5.3,10.1,31.3,13.0721824335888,11.1419125814211,5.77111234490997,9.65,,,,4.00193977355957,34.9955812518506,,,0
ROU,Romania,RO,2010,8399.5374234284,170.064350671827,35.5,6.3,11.5,33.6,12.3877644546759,10.54118574431,5.45414276472517,9.6,,,,3.41647005081177,34.8305247040647,,,0
ROU,Romania,RO,2011,9560.6755277458,192.623977894173,35.9,7.1,13.0,36.8,11.8050151354338,10.0232726967955,5.25824128793577,9.55,,,,2.91359996795654,33.654601650106,,,0
ROU,Romania,RO,2012,8929.95366231474,179.117323107087,36.5,8.4,13.6,36.9,11.2030994165008,9.48488774687791,5.10297254080949,9.5,,,,2.8234601020813,32.3000888420702,,,0
ROU,Romania,RO,2013,9497.67411615237,189.798603751235,36.9,8.7,15.5,36.4,10.5392313991386,8.89210111475016,4.92567035453131,9.44,,,,3.06785011291504,32.0257142585738,,,0
ROU,Romania,RO,2014,10031.7710755404,199.722319675741,36.0,8.9,14.1,32.7,9.85641062863782,8.28312620793606,4.67996891844109,9.36,,,,3.12494993209839,32.4416023202099,,,0
ROU,Romania,RO,2015,8977.01748158196,177.885131240315,35.9,7.6,12.9,30.9,9.19330173067448,7.69275458546311,4.33407858623483,9.28,,,,3.10693001747131,33.0135797053001,,,0
ROU,Romania,RO,2016,9404.54005870715,185.290759248844,34.4,5.2,9.1,24.0,8.54331068555596,7.11706763461012,3.94729592193702,9.19,,,,3.0255401134491,32.2247603503175,,,0
ROU,Romania,RO,2017,10727.9822007426,210.147385855419,36.0,4.9,6.8,17.9,7.88417915464578,6.53927250160599,3.59459473338437,9.09,,,,3.11819005012512,31.596734508301,,,0
ROU,Romania,RO,2018,12502.2624061935,243.46868303034,35.8,3.7,5.9,14.3,7.25426657710869,5.99114956362677,3.32751712896136,8.99,,,,3.31710004806519,32.5197676719564,,,0
ROU,Romania,RO,2019,12992.0326104674,251.677082534494,34.8,3.1,4.8,11.9,6.78657124353362,5.58291166233855,3.16327049201102,8.9,,,,3.55761003494263,33.6028999372392,,,0
ROU,Romania,RO,2020,13082.3006559554,252.033792712145,34.6,2.4,4.1,10.8,6.56951099028207,5.3853043897069,3.1123066787195,8.82,,,,3.57969999313354,38.0029756100571,,,0
ROU,Romania,RO,2021,14986.7854904274,286.578196368297,33.9,2.0,3.0,7.7,6.5443070464092,5.34741182862334,3.14754687523818,,,,,3.31561994552612,37.0004968611526,,,0
ROU,Romania,RO,2022,15557.8826247584,296.354358293475,32.3,1.5,2.8,8.6,6.5919597755177,5.37053975922454,3.23581770602603,,,,,3.2788200378418,37.1727949908237,,,0
ROU,Romania,RO,2023,18404.2730871704,350.775856415189,29.8,0.7,1.3,5.1,6.63430813330581,5.39040379610334,3.33747125595809,,,,,,,,,0
RUS,Russian Federation,RU,2000,1771.59411621094,259.710142196942,37.1,5.1,12.6,45.0,19.3834909923237,15.561255456022,9.00609230381617,7.61,,,4.1,2.93979001045227,21.1628915021522,,,0
RUS,Russian Federation,RU,2001,2100.3525390625,306.6020706205,36.9,3.2,8.6,38.4,18.409548703108,14.7542873873561,8.59063389242264,7.55,,,6.8,3.10601997375488,22.7585313017298,,,0
RUS,Russian Federation,RU,2002,2377.52954101563,345.470494417863,37.3,2.0,6.3,33.1,17.3000359430432,13.8415029771904,8.00569642618299,7.49,,,6.9,3.83502006530762,22.5352476801625,,,0
RUS,Russian Federation,RU,2003,2975.123046875,430.347420184885,40.0,2.1,6.3,31.1,16.1236883284119,12.8815719486006,7.37156933496087,7.43,,,0.9,3.67853999137878,23.0463063924745,,,0
RUS,Russian Federation,RU,2004,4102.36474609375,591.016690732385,40.3,1.8,5.4,27.8,14.9586913839207,11.9338725994569,6.82543587386622,7.37,,,2.2,3.54786992073059,21.5738426688429,,,0
RUS,Russian Federation,RU,2005,5323.455078125,764.01597348111,41.3,1.4,4.3,23.9,13.8576393782594,11.0446700019161,6.40253368636222,7.31,,,4.7,3.77192997932434,19.9480998634358,,,0
RUS,Russian Federation,RU,2006,6920.19970703125,989.932071352543,41.0,0.9,3.1,20.1,12.8557857673547,10.2401550589613,5.94914113862058,7.27,,,,3.86626005172729,19.5005414079754,,,0
RUS,Russian Federation,RU,2007,9101.2392578125,1299.70347848165,42.3,0.4,1.9,15.2,11.9756035558705,9.53882624265435,5.38863431218282,7.24,,,,,23.0065326910769,,,0
RUS,Russian Federation,RU,2008,11635.2841796875,1660.84805830311,41.6,0.2,0.9,10.6,11.2598994254056,8.97161367553493,4.86280510109111,7.23,,,,4.10174989700317,21.5321667594705,,,0
RUS,Russian Federation,RU,2009,8562.82421875,1222.6459000557,39.8,0.2,0.8,10.3,10.7450534078092,8.5693474756857,4.56553368606905,7.23,,,,,32.1089747154083,,,0
RUS,Russian Federation,RU,2010,10674.990234375,1524.91671522395,39.5,0.2,0.7,8.1,10.4106903429997,8.31494423965992,4.54881249080773,7.23,,,,4.08974230526824,27.37723900216,,,0
RUS,Russian Federation,RU,2011,14305.33203125,2045.92275339804,39.7,0.1,0.5,7.1,10.1526816280034,8.1226625994791,4.65395022010191,7.24,,,,3.71261270253186,23.3499683933859,,,0
RUS,Russian Federation,RU,2012,15401.8515625,2208.29355387842,40.7,0.1,0.5,6.4,9.86399703190537,7.9062159324847,4.70781221872265,7.25,,,,3.79310011863708,24.1958551261758,,,0
RUS,Russian Federation,RU,2013,15941.4482421875,2292.47007834622,40.9,0.1,0.4,5.7,9.46872377339476,7.60261311458731,4.62483983827003,7.26,,,,3.76382994651794,24.606189979681,,,0
RUS,Russian Federation,RU,2014,14055.47265625,2059.24158989501,36.9,0.4,0.8,3.2,8.92426778021123,7.17690610849825,4.35306911214728,7.28,,,,4.01387977600098,26.4617539784902,,,0
RUS,Russian Federation,RU,2015,9277.7138671875,1363.48218219771,36.5,0.4,0.8,3.9,8.24594696015225,6.64065683072544,3.93873379200613,7.29,,,,3.83402991294861,30.6476505158828,,,0
RUS,Russian Federation,RU,2016,8663.158203125,1276.78635088114,36.7,0.4,0.8,4.0,7.54355966450007,6.08236793838711,3.52071624135946,7.3,,,,3.76044011116028,31.0284467524216,,,0
RUS,Russian Federation,RU,2017,10658.9130859375,1574.199360089,35.5,0.4,0.8,3.7,6.89821037199647,5.56803943073229,3.199876549367,7.29,,,,4.68990993499756,30.7103051722937,,,0
RUS,Russian Federation,RU,2018,11211.8876953125,1657.32877346131,35.3,0.2,0.4,2.8,6.331894432206,5.11658337606464,2.93492018076367,7.28,,,,4.67819976806641,28.9441478427563,,,0
RUS,Russian Federation,RU,2019,11447.701171875,1693.11500270832,35.7,0.3,0.5,3.0,5.83802378799733,4.72393829499984,2.64748067002172,7.27,,,,3.69561429198336,29.6140297769421,,,0
RUS,Russian Federation,RU,2020,10108.3271484375,1493.07589436214,33.7,0.1,0.3,2.0,5.41375376005337,4.38545856108168,2.32489022075667,7.27,,,,4.01641864383637,35.2998185923772,,,0
RUS,Russian Federation,RU,2021,12425.029296875,1829.1867195751,35.1,0.2,0.4,2.2,5.0508754811124,4.09669293792092,2.03726366183626,,,,,3.99480697864774,30.78279492703,,,0
RUS,Russian Federation,RU,2022,15619.6142578125,2291.61212133464,33.9,0.1,0.3,1.4,4.74767219167666,3.85701275041081,1.84015998225673,,,,,4.05402755323777,31.3980432829166,,,0
RUS,Russian Federation,RU,2023,14159.3876953125,2071.50572503058,33.0,0.1,0.2,0.9,4.49785802104388,3.65955892564584,1.71772840107096,,,,,4.16454853394225,29.6042548935718,,,0
RWA,Rwanda,RW,2000,251.86926386091,2.06883675437431,48.5,82.3,89.7,96.3,184.864468745572,107.882410796576,43.1501479576654,9.08,50.6,21.7,8.6,3.43418002128601,,,,1
RWA,Rwanda,RW,2001,237.308846200901,1.96660071549841,,,,,166.758988220893,97.9596657580447,40.2968753786876,9.04,,,,4.82501983642578,,,,1
RWA,Rwanda,RW,2002,234.043016755733,1.96600346849117,,,,,149.370345788313,88.3318273720155,37.5476653072942,8.99,,,,,,,,1
RWA,Rwanda,RW,2003,249.012274982252,2.13823727873822,,,,,133.265563463181,79.5057849290689,34.9315088570328,8.96,,,,,,,,1
RWA,Rwanda,RW,2004,269.540446333402,2.37649606701198,,,,,118.105934363868,71.062484615419,32.5717750288317,8.94,,,,,,,,1
RWA,Rwanda,RW,2005,324.016863847189,2.93381976617656,52.0,74.2,84.2,94.4,104.894994601828,63.9457659827003,30.4340264030299,8.94,61.0,24.4,5.4,,,,,1
RWA,Rwanda,RW,2006,356.995022901154,3.31978453873346,,,,,93.7163599173873,57.922527133601,28.5904370196811,8.95,,,,,,,,1
RWA,Rwanda,RW,2007,426.234183487629,4.07050789461656,,,,,84.4735169961018,53.0398001535059,26.968112880511,8.99,,,,3.98502993583679,,,,1
RWA,Rwanda,RW,2008,528.326391755502,5.17985406457032,,,,,76.2402459984196,48.7774900518265,25.615535501084,9.05,,,,3.50216007232666,,,,1
RWA,Rwanda,RW,2009,564.039095842449,5.67447696906444,,,,,69.2471045218358,45.3652115621447,24.3763750602685,9.12,46.6,14.3,5.1,,,,,1
RWA,Rwanda,RW,2010,593.624927744346,6.12475665412346,47.2,70.2,82.7,94.1,63.2746611892189,42.206550151769,23.3044359458688,9.19,54.7,16.6,3.8,4.63126993179321,,,,1
RWA,Rwanda,RW,2011,651.133677964662,6.88491365810632,,,,,58.0861890538816,39.0096226148431,22.385700052128,9.25,,,,4.38346004486084,,,,1
RWA,Rwanda,RW,2012,706.8172686891,7.65476104499335,,,,,54.4700737854236,37.1852433910036,21.6311271277023,9.3,55.1,18.4,3.4,4.42103004455566,,,,1
RWA,Rwanda,RW,2013,704.92421796616,7.81996402413272,45.1,65.2,80.1,93.6,51.7256037428334,35.7138460894709,20.9981736535289,9.33,,,,4.7421498298645,,,,1
RWA,Rwanda,RW,2014,724.957526109262,8.23896611955292,,,,,49.6132954246345,34.6295424479841,20.4968103755275,9.35,,,,4.19644021987915,17.4176076115731,1.218938589096069,Low,1
RWA,Rwanda,RW,2015,733.998630392314,8.54376020573641,,,,,47.7696564283709,33.7459512922407,20.1027371581448,9.36,48.9,13.3,2.3,3.64711999893189,16.9330145798429,,,1
RWA,Rwanda,RW,2016,729.519134044611,8.69527206067925,43.7,63.8,78.6,93.2,46.3197174424823,33.084457430176,19.7569078541023,9.36,,,,3.43483996391296,18.4596733146591,,,1
RWA,Rwanda,RW,2017,758.300966737624,9.2528338941905,,,,,45.2025375215198,32.6266263988539,19.4935226636104,9.37,,,,3.1247398853302,18.6727527881822,,,1
RWA,Rwanda,RW,2018,771.773511057901,9.63790451899702,,,,,44.333049067843,32.2431467347388,19.2196379554982,9.37,51.9,22.1,3.1,3.07375001907349,18.6862551605661,,,1
RWA,Rwanda,RW,2019,810.051412137354,10.3493002767623,,,,,43.4427628094965,31.8282635237033,18.9711441891757,9.39,,,,3.23821222605582,19.3459477614836,,,1
RWA,Rwanda,RW,2020,778.701498787411,10.174386854812,,,,,42.4623949453917,31.4639619804146,18.7249173953537,9.4,48.6,12.5,1.4,3.33309745728459,21.5299234136986,,,1
RWA,Rwanda,RW,2021,829.544845639777,11.0787870951791,,,,,41.5807978184555,31.147144945911,18.5397932839596,,,,,5.58984994888306,20.2881852559219,,,1
RWA,Rwanda,RW,2022,975.469323979541,13.3161610057244,,,,,40.8223984074209,30.8436535916584,18.3248041496111,,,,,4.74623012542725,19.5599259456344,,,1
RWA,Rwanda,RW,2023,1027.03446804432,14.3317227003249,39.4,38.6,62.2,89.8,40.0146414164451,30.4792239051798,18.1269016629829,,,,,4.92004013061523,18.5668423445955,,,1
SAU,Saudi Arabia,SA,2000,11714.5623675159,189.514933333333,,,,,22.0961626362377,19.8982797993677,11.6135146264003,,,,,5.90982007980347,,,,1
SAU,Saudi Arabia,SA,2001,10805.311325122,184.1376,,,,,20.8166412878632,18.6901490878694,10.9334391017189,,,,,7.71887016296387,,,,1
SAU,Saudi Arabia,SA,2002,10586.0543471363,189.605866666667,,,,,19.6352850026223,17.5703300832294,10.2986046001833,,,,,7.63688993453979,,,,0
SAU,Saudi Arabia,SA,2003,11487.220410693,215.807733333333,,,,,18.5315849764818,16.5150430315682,9.70559000717613,,,,,7.10509014129639,,,,0
SAU,Saudi Arabia,SA,2004,13154.4978989446,258.742133333333,,,,,17.4810450172729,15.506118889903,9.15870550836375,,9.3,5.3,11.8,6.27747011184692,,,,0
SAU,Saudi Arabia,SA,2005,15975.7473782258,328.459608764111,,,,,16.5023768308788,14.5798621740419,8.61527470039677,,,,,5.43092012405396,,,,0
SAU,Saudi Arabia,SA,2006,17563.6145370639,376.900133511348,,,,,15.5677786098718,13.6826464870723,8.11517428043828,,,,,5.89117002487183,,,,0
SAU,Saudi Arabia,SA,2007,18596.1502627898,415.964509673115,,,,,14.6676462217343,12.8160461609928,7.64790225107558,,,,,,,,,0
SAU,Saudi Arabia,SA,2008,22320.4888964331,519.7968,,,,,13.8044029010066,11.9762899737989,7.18520602740311,,,,,5.13781023025513,,,,0
SAU,Saudi Arabia,SA,2009,17718.3911648365,429.097866666667,,,,,12.9899369803184,11.1831375674659,6.74905600839811,,,,,,,,,0
SAU,Saudi Arabia,SA,2010,22028.3901426586,528.207466666667,,,,,12.2259959771904,10.4350446120109,6.34489315472167,,,,,,24.4346201900162,,,0
SAU,Saudi Arabia,SA,2011,27126.7498747702,680.6608,,,,,11.4985422484869,9.73537347099829,5.95952830668134,,,,,,22.8756134235045,,,0
SAU,Saudi Arabia,SA,2012,28733.4375513452,751.921333333333,,,,,10.8165909237042,9.07226043228925,5.59380685486165,,,,,,25.2980404620107,,,0
SAU,Saudi Arabia,SA,2013,27865.465604962,769.755733333333,,,,,10.1826183291787,8.46509447718469,5.23512733472627,,,,,,25.3542942107349,,,0
SAU,Saudi Arabia,SA,2014,27805.4850319422,787.153066666667,,,,,9.58704395622476,7.90316719513094,4.8842509949988,,,,,,27.8187317401037,,,0
SAU,Saudi Arabia,SA,2015,23256.1549553531,693.4144,,,,,9.03388627479461,7.38301894075545,4.5394446973288,,13.7,5.7,4.3,,30.4187125812982,,,0
SAU,Saudi Arabia,SA,2016,22267.7217050387,689.279466666667,,,,,8.51310907739745,6.89925186201472,4.22626284059606,,17.1,4.6,3.4,,26.940531690074,,,0
SAU,Saudi Arabia,SA,2017,23929.2907135982,741.266133333333,,,,,8.03492801620911,6.45730589999711,3.94045622366415,,17.2,6.2,4.6,,25.9809738148926,,,0
SAU,Saudi Arabia,SA,2018,29360.0658968566,886.5648,,,,,7.61334527087437,6.07838232269336,3.70110074143546,,11.6,3.3,3.9,,26.7955295916704,,,0
SAU,Saudi Arabia,SA,2019,29566.7933827436,888.890133333333,,,,,7.24987665941087,5.76774132148099,3.50714126526725,,13.2,4.0,4.5,,26.7097064575879,,,0
SAU,Saudi Arabia,SA,2020,24338.8307301067,767.9512,,,,,6.93274116022603,5.50210506123818,3.34674939851048,,10.8,3.5,3.9,,31.9689061537757,,,0
SAU,Saudi Arabia,SA,2021,31920.7653655643,982.661066666667,,,,,6.64867279244716,5.27106277063824,3.21163190913087,,,,,,25.0127399358585,,,0
SAU,Saudi Arabia,SA,2022,38510.2276211037,1239.0752,,,,,6.39952838052349,5.07055590003122,3.08956447086472,,,,,,21.9700445283442,,,0
SAU,Saudi Arabia,SA,2023,36156.848337701,1218.58453333333,,,,,6.1579510008593,4.88245956157618,2.96519173907022,,,,,5.11466979980469,24.2191318731543,,,0
SDN,Sudan,SD,2000,362.116882324219,12.2572991472936,,,,,103.409348369777,70.7893851350081,36.8506534051322,,,,,1.01217997074127,,,,1
SDN,Sudan,SD,2001,451.293304443359,15.7163617921926,,,,,99.9228397511718,68.8755294483978,36.1829587475283,,,,,,,,,1
SDN,Sudan,SD,2002,506.262634277344,18.1371283883606,,,,,96.4587533568592,66.9306993501972,35.4892361683376,,,,,1.16425001621246,,,,1
SDN,Sudan,SD,2003,580.320251464844,21.3552984595955,,,,,93.1126583148326,65.0391227350578,34.8346365341935,,,,,,,,,1
SDN,Sudan,SD,2004,705.113342285156,26.6460072507319,,,,,102.580759459671,68.2351308001362,34.3847662255766,,,,,1.31254994869232,,,,1
SDN,Sudan,SD,2005,905.543640136719,35.182711987974,,,,,100.137959004056,66.7587850967639,33.8064608773189,,,,,1.17842996120453,,,,1
SDN,Sudan,SD,2006,1132.474609375,45.2638316341496,,,,,84.0087454013882,59.9314128377789,33.0497103580829,,42.1,30.8,15.6,1.55353999137878,,,,1
SDN,Sudan,SD,2007,1444.37219238281,59.4401397748128,,,,,81.3437648250409,58.4297456991255,32.5633225859656,,,,,,,,,1
SDN,Sudan,SD,2008,1527.58239746094,64.8330832571431,,,,,78.7826289386059,57.0294582000221,32.1592589125521,,,,,1.85150003433227,,,,1
SDN,Sudan,SD,2009,1178.22180175781,51.6210440769231,35.4,13.1,27.6,68.4,76.4264782776719,55.7182951853041,31.7693744947481,,,,,2.02213001251221,15.6658679807676,,,1
SDN,Sudan,SD,2010,1305.63598632813,58.9629780344828,,,,,74.2255784480191,54.516552583009,31.3963974224944,,37.8,33.0,16.2,,14.1304915362604,,,1
SDN,Sudan,SD,2011,1332.6572265625,55.0185672105263,,,,,72.1840085118297,53.3944972185584,31.0027251094968,,,,,,,,,1
SDN,Sudan,SD,2012,1019.22210693359,37.6329199666667,,,,,70.2269821420904,52.3498259687458,30.592120896771,,,,,,11.6352473770618,,,1
SDN,Sudan,SD,2013,1138.62780761719,43.0240180821918,,,,,68.3072766883936,51.2823109591045,30.1736593531675,,,,,,11.5190199018877,,,1
SDN,Sudan,SD,2014,1275.43835449219,49.5167486179775,34.2,10.1,26.0,73.2,66.3657020454196,50.1380016666151,29.6715802814818,,42.9,37.1,17.4,,11.4318600296855,,,1
SDN,Sudan,SD,2015,1292.37963867188,51.7267586767677,,,,,64.4678755015298,48.9573650859511,29.0806609243236,,,,,,10.7117252744407,,,1
SDN,Sudan,SD,2016,1033.21594238281,42.630376,,,,,62.5865907599761,47.7536991483933,28.5344004466635,,,,,,9.72624152630822,,,1
SDN,Sudan,SD,2017,966.505676269531,41.2836179761905,,,,,60.6683410568422,46.4748619846714,28.0001288321339,,,,,,,,Very_High,1
SDN,Sudan,SD,2018,731.027465820313,32.3337803832924,,,,,58.9002954493321,45.2917005976421,27.4716195271566,,,,,,,,,1
SDN,Sudan,SD,2019,709.975280761719,32.3380791652893,,,,,57.0711269300122,44.0396910784099,26.9941500416766,,,,,,,,,1
SDN,Sudan,SD,2020,577.795227050781,27.03459375,,,,,55.308767031187,42.8151821875856,26.4179218979232,,,,,,,,,1
SDN,Sudan,SD,2021,712.122009277344,34.2295137749936,,,,,53.5553565026175,41.5795442686877,25.9117759067783,,,,,,,,,1
SDN,Sudan,SD,2022,1046.24084472656,51.6668753630962,,,,,51.7728485169046,40.3108639022391,25.3578941056103,,,,,,,,,1
SDN,Sudan,SD,2023,797.283447265625,39.8982898207951,,,,,50.1492409805041,39.152476257501,24.8034603631376,,,,,,,,,1
SEN,Senegal,SN,2000,603.233162455158,6.01318500397525,,,,,129.289221154307,73.7757576579315,37.6365393317349,22.12,29.4,20.9,11.1,2.46335005760193,,,,1
SEN,Senegal,SN,2001,637.213530563724,6.50782482926254,41.2,63.9,79.8,95.2,122.132231010383,70.4200206424499,36.5109673467855,21.86,,,,2.47150993347168,,,,1
SEN,Senegal,SN,2002,669.430447319209,7.00640231975856,,,,,113.54419929712,66.2467499036983,35.325541519057,21.59,,,,2.59441995620727,,,,1
SEN,Senegal,SN,2003,817.888034221442,8.76872156318211,,,,,104.508784087496,61.7913253390513,34.1021318117017,21.3,,,,2.75125002861023,,,,1
SEN,Senegal,SN,2004,918.102079522155,10.0768166666196,,,,,95.8885703507483,57.4830490606244,32.7803587846006,21.02,,,,3.07778000831604,,,,1
SEN,Senegal,SN,2005,979.846101520171,11.009033437939,39.2,53.6,71.3,93.4,87.9927358095534,53.5313813564585,31.5654136259353,20.72,24.4,18.2,9.9,4.06443023681641,,,,1
SEN,Senegal,SN,2006,1017.20196747987,11.6979182430035,,,,,81.0556245381714,50.0740860649059,30.4903476545148,20.45,,,,3.82137989997864,,,,1
SEN,Senegal,SN,2007,1188.93877808175,13.9942184129619,,,,,75.2187551696315,47.2068247376676,29.4942427573629,20.18,,,,,,,,1
SEN,Senegal,SN,2008,1398.79218010021,16.853989627548,,,,,70.3417651457474,44.8809458640635,28.5589122838971,19.93,,,,4.02568006515503,,,,1
SEN,Senegal,SN,2009,1308.69404336205,16.1458674949405,,,,,66.3202310480486,43.016267954423,27.7236132007318,19.7,,,,4.92073011398315,,,Low,1
SEN,Senegal,SN,2010,1275.88357492357,16.1213159090758,,,,,62.9792434905088,41.5137027767055,27.011606560727,19.49,,,,0.544770002365112,,,,1
SEN,Senegal,SN,2011,1374.67591873844,17.8142836393119,40.3,53.3,71.7,92.0,60.1352822379928,40.2807102159653,26.4143339568862,19.29,31.6,22.3,10.1,4.90302991867065,,,,1
SEN,Senegal,SN,2012,1326.83798848379,17.6608704115234,,,,,57.7108334637423,39.2824328082596,26.0494676147418,19.1,15.5,14.4,8.7,4.77698993682861,,,,1
SEN,Senegal,SN,2013,1379.83196553924,18.9186677248816,,,,,55.6769197938752,38.5041169099826,25.9300119313515,18.9,21.6,19.0,9.9,5.68656015396118,,,,1
SEN,Senegal,SN,2014,1398.89137601382,19.7972534402678,,,,,53.9428257848323,37.8751949232428,26.1051121079449,18.69,23.2,15.8,6.8,5.72907018661499,,,,1
SEN,Senegal,SN,2015,1218.00613555438,17.7747666961759,,,,,52.4391251111492,37.3460284421173,26.4337731420968,18.47,24.1,18.9,8.5,5.4563798904419,18.2988992923632,,,1
SEN,Senegal,SN,2016,1266.43957151587,19.0403123331864,,,,,51.060252907224,36.875830315512,26.7869317875585,18.24,20.2,16.3,8.3,5.11309003829956,18.3100718301521,,,1
SEN,Senegal,SN,2017,1356.80518449031,20.9965629435979,,,,,49.6671495074535,36.3685350749464,26.9427637628608,17.99,20.2,17.4,10.0,4.74007987976074,19.7879059351511,1.368843078613281,,1
SEN,Senegal,SN,2018,1452.55612562445,23.1167015561381,38.3,19.1,38.5,78.2,48.1574800820078,35.7391582645947,26.7435598899172,17.74,22.5,17.4,8.6,5.11019992828369,19.8471337116101,,,1
SEN,Senegal,SN,2019,1431.18128932159,23.4039959921354,,,,,46.4585770425538,34.9289690604077,26.1587256867059,17.49,18.8,13.3,8.1,5.03527021408081,21.2330008972598,,,1
SEN,Senegal,SN,2020,1461.08720350553,24.5305130377518,,,,,44.551523648059,33.8974589557558,25.2617797450764,17.25,,,,5.6869797706604,20.9459226870621,,,1
SEN,Senegal,SN,2021,1598.10676952274,27.5207841297508,36.2,17.9,37.3,78.6,42.4916876383831,32.7105916719477,24.2486533685608,,,,,5.61201000213623,19.5888527919007,,,1
SEN,Senegal,SN,2022,1574.0281059306,27.7833322226759,,,,,40.4197626191746,31.4302566300031,23.224274624674,,,,,5.98753976821899,23.1232614462059,,,1
SEN,Senegal,SN,2023,1698.03387300843,30.6963312957826,,,,,38.5192633385635,30.2077795816459,22.3229552985082,,20.9,19.9,12.2,6.16277045366329,23.5632436487827,,,1
SGP,Singapore,SG,2000,23852.8389514753,96.0765399257409,,,,,3.84900890397812,3.01548802665212,1.60030162323408,10.45,4.5,3.3,3.6,3.32130002975464,15.7167317505512,,,0
SGP,Singapore,SG,2001,21699.7414868907,89.7937906696515,,,,,3.60507067427961,2.82491831167227,1.48711468382086,10.5,,,,3.54249000549316,18.1694321928128,,,0
SGP,Singapore,SG,2002,22159.8373710639,92.5383728696942,,,,,3.3887026561539,2.65617315394849,1.40324788491118,10.53,,,,3.87853002548218,16.1456287066659,,,0
SGP,Singapore,SG,2003,23730.3840054566,97.6464010956369,,,,,3.20750866848384,2.51584028976995,1.34032486686083,10.54,,,,3.98194003105164,15.9371823893899,,,0
SGP,Singapore,SG,2004,27608.080013423,115.033593101049,,,,,3.06637953720896,2.40756191120337,1.29426724894519,10.54,,,,3.65276002883911,14.3921042209913,,,0
SGP,Singapore,SG,2005,29961.3172812732,127.807848728398,,,,,2.96710124945575,2.33307528592448,1.25983805049714,10.54,,,,3.19596004486084,12.5938426968405,,,0
SGP,Singapore,SG,2006,33768.4528234651,148.627286361351,,,,,2.89974287395338,2.28457910850327,1.23335053289426,10.55,,,,2.85911989212036,13.0568922267559,,,0
SGP,Singapore,SG,2007,39432.8860198877,180.94170135797,,,,,2.86295352349843,2.26072706839726,1.21198122500512,10.56,,,,2.9467499256134,12.1489884766129,,,0
SGP,Singapore,SG,2008,40008.5720489092,193.617323539203,,,,,2.84263015805335,2.25030510797139,1.18690517732216,10.59,,,,2.76460003852844,14.5049163763371,,,0
SGP,Singapore,SG,2009,38926.8054365453,194.150283771566,,,,,2.83215134218101,2.2479804088917,1.15785446501153,10.61,,,,3.01012992858887,14.303988923297,,,0
SGP,Singapore,SG,2010,47236.683084953,239.80798059124,,,,,2.82208527687901,2.2466947478755,1.12917665996042,10.62,,,,3.08044004440308,12.4128043266242,,,0
SGP,Singapore,SG,2011,53891.4570264372,279.356499090458,,,,,2.80627836263126,2.24077439111914,1.1052495587157,10.63,,,,3.03077006340027,12.7726522542327,,,0
SGP,Singapore,SG,2012,55547.5553077786,295.092888076588,,,,,2.78358178702051,2.23026122186904,1.09206641684923,10.64,,,,3.07085990905762,12.3839623831082,,,0
SGP,Singapore,SG,2013,56967.4257940383,307.576360584992,,,,,2.76258073730276,2.22055779501454,1.08906506482487,10.66,,,,2.85435009002686,12.3753378735642,,,0
SGP,Singapore,SG,2014,57564.8023114977,314.863580758455,,,,,2.74175862716414,2.21152947297031,1.09374780300473,10.68,,,,3.01358665503678,13.1510655902688,,,0
SGP,Singapore,SG,2015,55645.6068614606,307.998545269398,,,,,2.71679992004103,2.19925210711887,1.09431161902573,10.72,,,,2.99161870509909,15.9255259430938,,,0
SGP,Singapore,SG,2016,57005.5887176547,319.646468521497,,,,,2.6755221009436,2.17426013108643,1.07968757050821,10.75,,,,2.94466258946576,14.4158695300905,,,0
SGP,Singapore,SG,2017,61236.251270627,343.67333490233,,,,,2.61654256204006,2.13438601058447,1.05150427827677,10.8,,,,2.87916382421742,14.2879989784805,,,0
SGP,Singapore,SG,2018,66881.6067035265,377.123710560614,,,,,2.53673652215635,2.07670671490698,1.01906119095489,10.85,,,,2.85660004615784,14.6822557796545,,,0
SGP,Singapore,SG,2019,65952.0378959293,376.161998830048,,,,,2.43940722379961,2.00426370892768,0.986847341787881,10.9,,,,2.72951006889343,14.1706593749508,,,0
SGP,Singapore,SG,2020,61410.0792630788,349.165858544568,,,,,2.33694854692334,1.92672303391923,0.958650988853939,10.95,,,,2.6869900226593,25.7456316212339,,,0
SGP,Singapore,SG,2021,80056.1288247844,436.591382250464,,,,,2.23969311989564,1.85281397973211,0.936717161370806,,,,,2.82470989227295,16.2824973554065,,,0
SGP,Singapore,SG,2022,90299.0694637269,509.017841146557,,,,,2.15245710730396,1.78661010251867,0.920163839499557,,,,,2.48891997337341,14.8222699043527,,,0
SGP,Singapore,SG,2023,85412.230345235,505.439514078019,,,,,2.06903842706337,1.72207041170676,0.898346938481822,,,,,2.14826011657715,17.3034829398763,,,0
SLB,Solomon Islands,SB,2000,953.17190137706,0.419842674227652,,,,,30.6522441139484,23.2305408127393,12.7793312936599,12.86,,,,,,,,1
SLB,Solomon Islands,SB,2001,911.791935385411,0.409508552979972,,,,,30.2681459980321,22.9838847401838,12.6596990914482,12.92,,,,,,,,1
SLB,Solomon Islands,SB,2002,756.890296490792,0.346406738885237,,,,,29.948720353248,22.7935928645536,12.5351054997111,12.97,,,,,,,,1
SLB,Solomon Islands,SB,2003,895.989272661716,0.417668983408348,,,,,29.6824726063962,22.6463172802708,12.4113366837912,13.0,,,,,,,,1
SLB,Solomon Islands,SB,2004,986.081904026618,0.468005318551976,,,,,29.4043442561912,22.4896021948763,12.2579938727347,13.05,,,,,,,,1
SLB,Solomon Islands,SB,2005,1144.45758513252,0.552864570225819,46.1,62.2,75.9,92.6,29.1273994255723,22.3336743673928,12.0647846541892,13.08,,,,,,,,1
SLB,Solomon Islands,SB,2006,1255.62589099975,0.617258154260133,,,,,28.8261697723724,22.1553489356738,11.8828574498091,13.12,,,,,,,,1
SLB,Solomon Islands,SB,2007,1390.1569662696,0.695295347621537,,,,,28.4742842240651,21.9352699472777,11.7098143671756,13.15,32.8,11.8,4.3,7.33327007293701,,,,1
SLB,Solomon Islands,SB,2008,1525.85092434029,0.776337691795097,,,,,28.0800020489105,21.6897382615939,11.5005848652381,13.17,,,,6.89515018463135,,,,1
SLB,Solomon Islands,SB,2009,1554.70723718073,0.805557562580059,,,,,27.6472557843708,21.4204368084444,11.2675303081945,13.2,,,,6.6585898399353,,,,1
SLB,Solomon Islands,SB,2010,1685.15499035363,0.898133684898793,,,,,27.2025409846402,21.1147349427527,11.0439731192152,13.21,,,,7.47837018966675,,,,1
SLB,Solomon Islands,SB,2011,1924.05277323978,1.06389536069907,,,,,26.7060103477811,20.7973127647882,10.8309142386615,13.23,,,,,24.9990552803986,,,1
SLB,Solomon Islands,SB,2012,2066.25352289833,1.18521541825562,37.1,40.3,62.9,90.7,26.227911204175,20.4777828329178,10.6237472854429,13.23,,,,,25.2929239702425,,,1
SLB,Solomon Islands,SB,2013,2161.39573596215,1.285911586132,,,,,25.7768457198024,20.1803833261904,10.4501978219685,13.24,,,,,30.5006730113438,,,1
SLB,Solomon Islands,SB,2014,2164.9442392168,1.33557142072676,,,,,25.3244362524273,19.882501957627,10.2824568319992,13.24,,,,,30.1602671454676,,,1
SLB,Solomon Islands,SB,2015,2045.47889485251,1.30790988755212,,,,,24.9358389371462,19.6306160054069,10.1237746716763,13.24,31.7,16.2,8.5,,30.6740676726744,,,1
SLB,Solomon Islands,SB,2016,2082.62989047871,1.3794903042254,,,,,24.5171349846194,19.3553306992833,9.94972931519755,13.23,,,,,29.7449482993141,,,1
SLB,Solomon Islands,SB,2017,2143.57465243959,1.46978911908756,,,,,24.0834010345338,19.0708244321265,9.75582124133463,13.23,,,,,30.2343767509483,,,1
SLB,Solomon Islands,SB,2018,2278.20633913383,1.61547839328614,,,,,23.5971918147875,18.741578209818,9.54999153266795,13.23,,,,,27.5769567192301,,,1
SLB,Solomon Islands,SB,2019,2223.66502559565,1.6191550173924,,,,,23.0304589685185,18.3436659830241,9.31633477587919,13.23,,,,,28.9846377624575,,,1
SLB,Solomon Islands,SB,2020,2063.33101522108,1.53614581417007,,,,,22.4080863951291,17.8919785043323,9.08711966442307,13.23,,,,9.64354620369343,31.9131435950908,,,1
SLB,Solomon Islands,SB,2021,1996.86976779348,1.52279491309139,,,,,21.8312586487348,17.4672220046805,8.83597865204181,,,,,8.33232704380039,31.0882898989222,,,1
SLB,Solomon Islands,SB,2022,2005.4139933198,1.56636068610632,,,,,21.2262667262778,17.0242122525179,8.56702861163183,,,,,8.48737829731105,27.05163158652,,,1
SLB,Solomon Islands,SB,2023,2076.10768772563,1.66089653071894,,,,,20.5501185025699,16.5180917457999,8.31285323089685,,,,,8.29349080062944,,,,1
SLE,Sierra Leone,SL,2000,143.743743239644,0.635866403776065,,,,,223.743144976172,123.365582871281,48.1049584493566,13.94,35.5,23.4,11.6,4.94936990737915,,,,1
SLE,Sierra Leone,SL,2001,358.315716051546,1.68147389376655,,,,,218.245983927724,120.810662232649,47.4028020550561,13.7,,,,2.22618007659912,,,,1
SLE,Sierra Leone,SL,2002,388.995111216836,1.93386391073227,,,,,212.596090641132,118.185616753607,46.7209423297427,13.44,,,,2.29766988754273,,,,1
SLE,Sierra Leone,SL,2003,413.817607346927,2.14261804593129,40.2,72.4,83.9,95.7,206.702946675534,115.397528433614,46.0886224684534,13.19,,,,2.10887002944946,,,,1
SLE,Sierra Leone,SL,2004,417.749983329227,2.23735068746606,,,,,200.625221941359,112.419718585801,45.4029134322362,12.95,,,,2.01167011260986,,,,1
SLE,Sierra Leone,SL,2005,462.633324427945,2.54527531260512,,,,,194.324804299978,109.315224383245,44.5811360779495,12.72,45.0,27.2,10.2,1.81370997428894,,,,1
SLE,Sierra Leone,SL,2006,580.26796974773,3.26369746673514,,,,,187.65424322657,105.964834256323,43.6570743019073,12.5,,,,,,,,1
SLE,Sierra Leone,SL,2007,631.889926264998,3.63295761135152,,,,,180.615076227585,102.371746784017,42.6382989530311,12.28,,,,1.65998005867004,,,,1
SLE,Sierra Leone,SL,2008,705.359014080005,4.15789529819572,,,,,173.344878740225,98.5370874002828,41.5034597072094,12.09,,,,1.57631003856659,,,,1
SLE,Sierra Leone,SL,2009,652.845806767943,3.95340309837106,,,,,166.02560973666,94.6979066473916,40.2995073022781,11.9,,,,1.80153000354767,,,,1
SLE,Sierra Leone,SL,2010,685.039673490948,4.26280596678755,,,,,158.710109255817,90.7821032906613,39.1419527051978,11.73,32.7,18.5,7.5,1.65470004081726,,,High,1
SLE,Sierra Leone,SL,2011,761.146365577281,4.86163288467984,34.0,53.7,73.3,94.3,151.676051682467,86.9839806466462,38.0383432910147,11.54,,,,1.71206998825073,,,,1
SLE,Sierra Leone,SL,2012,937.504428180231,6.14166650936295,,,,,145.023115575372,83.3867851196455,37.0285730928947,11.36,,,,1.84204995632172,,,,1
SLE,Sierra Leone,SL,2013,1117.47183075115,7.50276286272657,,,,,138.837894554669,80.032214222629,36.0605944131999,11.21,,,,1.52128994464874,,,,1
SLE,Sierra Leone,SL,2014,1117.7586465721,7.68613879090872,,,,,136.799343544248,77.7142033449858,35.2603500366755,11.09,29.1,13.0,4.6,1.7022500038147,,,,1
SLE,Sierra Leone,SL,2015,964.575980888989,6.78835297478329,,,,,137.619378551187,76.9398596930849,34.5300645210974,11.01,,,,3.21786273563993,,,,1
SLE,Sierra Leone,SL,2016,844.416411175476,6.08429721110217,,,,,122.663061158627,71.3395394788649,33.6139220795139,10.91,,,,1.86107003688812,,,,1
SLE,Sierra Leone,SL,2017,779.186007841728,5.74984652848046,,,,,117.909445701751,68.7898843154108,32.888471614977,10.79,31.0,15.6,6.8,2.97943997383118,,1.530996918678284,,1
SLE,Sierra Leone,SL,2018,845.914540460932,6.39051468852816,35.7,41.5,65.0,91.5,113.364731494051,66.3406054925248,32.2143442478453,10.65,,,,4.46809005737305,,,,1
SLE,Sierra Leone,SL,2019,844.049555179116,6.52618356419893,,,,,109.146470760004,64.0769555308019,31.5628165367339,10.5,29.5,13.5,5.4,4.65362977981567,,,,1
SLE,Sierra Leone,SL,2020,845.982914284565,6.69388887628565,,,,,105.056725363924,61.8960679179268,30.9239144071913,10.34,,,,5.35125017166138,,,,1
SLE,Sierra Leone,SL,2021,886.192939104469,7.17337913726091,,,,,101.434234969322,59.9770572030417,30.3237899828227,,26.3,12.0,6.3,5.59958982467651,,,,1
SLE,Sierra Leone,SL,2022,860.774590932595,7.12446515965304,,,,,97.7456938828819,58.0440342384995,29.8083671181479,,,,,4.91130018234253,,,,1
SLE,Sierra Leone,SL,2023,757.848680560444,6.41178785606581,,,,,94.2762529650811,56.1680810290074,29.2511027599925,,,,,2.62455277942046,,,,1
SLV,El Salvador,SV,2000,1982.87093542615,11.7849277,51.5,18.4,27.7,56.0,32.264307625354,26.4888305905387,14.5356128460088,10.42,,,,2.8386800289154,15.020032749119,,,1
SLV,El Salvador,SV,2001,2058.04459070452,12.2825336,51.3,19.4,29.6,57.2,30.3835079568824,25.026148601559,13.6520117004969,10.44,,,,,22.9700165444693,,,1
SLV,El Salvador,SV,2002,2115.41187355626,12.6641903,51.9,19.5,29.6,56.8,28.641916572411,23.6692826503974,12.8409550783451,10.47,,,,3.242840051651,20.2223745800788,,,1
SLV,El Salvador,SV,2003,2207.83089518069,13.2438922,50.4,20.9,29.9,58.4,27.0021004056603,22.397750733194,12.0894764669111,10.49,16.5,3.9,1.4,3.13467001914978,17.3445990446826,,,1
SLV,El Salvador,SV,2004,2285.68907438892,13.7248109,47.8,16.3,25.9,56.9,25.4589294482023,21.1784340091387,11.3994195923667,10.49,,,,,19.6177566278891,,,1
SLV,El Salvador,SV,2005,2447.39140845394,14.698,48.5,16.4,26.1,57.1,24.0379810932166,20.0573459039552,10.7673292874948,10.49,,,,3.17785000801086,20.4755749081508,,,1
SLV,El Salvador,SV,2006,2665.61807194853,15.99989,45.7,12.6,23.0,56.2,22.7182934544453,19.0192176801954,10.1824577816159,10.48,,,,3.49298000335693,22.529529890518,,,1
SLV,El Salvador,SV,2007,2830.65693770733,17.01175,45.2,9.2,18.9,53.1,21.5127237833501,18.0675577676844,9.64182492707778,10.46,,,,3.60984992980957,20.5422722530016,,,1
SLV,El Salvador,SV,2008,2983.24829577976,17.98689,46.9,12.6,23.5,56.0,20.3876616453453,17.1748343380712,9.15047525033559,10.45,15.1,4.4,1.5,4.45810985565185,22.7515707273464,,,1
SLV,El Salvador,SV,2009,2910.18651752011,17.60162,45.8,12.4,22.9,56.6,19.3639725735151,16.3623346689534,8.68100651991981,10.44,,,,4.65950012207031,25.8533021392349,,,0
SLV,El Salvador,SV,2010,3040.07300952878,18.44792,43.5,11.4,22.1,54.8,18.4186668752916,15.6121621075366,8.23950090568486,10.43,,,,4.04807996749878,24.1458115603277,,High,0
SLV,El Salvador,SV,2011,3330.60049486653,20.28378,42.3,10.1,20.7,56.0,17.5259681807867,14.9028751283,7.81673208235273,10.41,,,,3.89854001998901,24.8898726231008,,,0
SLV,El Salvador,SV,2012,3497.91256915509,21.38615,41.8,8.5,18.0,53.5,16.7234710245067,14.264271232122,7.41151202312457,10.39,,,,3.7124400138855,22.9022053992888,,,0
SLV,El Salvador,SV,2013,3582.26694005169,21.99096,43.4,7.1,16.2,49.1,15.9412444045796,13.6413741014604,7.0161681040652,10.37,,,,3.80149006843567,22.9958128249062,,,0
SLV,El Salvador,SV,2014,3666.01248913873,22.59347,41.6,7.0,15.6,49.3,15.2158536863853,13.0625660553572,6.65214971152927,10.35,11.4,4.9,2.2,3.82416009902954,22.7697175169483,0.6900317072868347,,0
SLV,El Salvador,SV,2015,3790.34089108162,23.43824,40.6,5.3,13.0,46.6,14.5415950624932,12.526683848583,6.30226366382661,10.32,,,,3.90987992286682,22.7632940909989,,,0
SLV,El Salvador,SV,2016,3901.34014965811,24.19143,40.0,5.8,13.5,44.9,13.9019307453284,12.0202826701815,5.99861358716084,10.3,,,,3.82523989677429,23.2079037686245,,,0
SLV,El Salvador,SV,2017,4020.12671373919,24.97919,38.0,4.5,11.1,42.4,13.2931378687174,11.5280680647452,5.69715328478042,10.27,,,,3.7252299785614,24.8439899000093,,,0
SLV,El Salvador,SV,2018,4183.54620971358,26.02085,38.6,4.1,10.2,39.1,12.7101445540283,11.0508779642602,5.42299113064221,10.25,,,,3.60575008392334,24.7270938497397,,,0
SLV,El Salvador,SV,2019,4320.11671534627,26.88114,38.8,3.0,7.7,34.7,12.1700544626667,10.6100609799474,5.1790667256983,10.23,,,,3.38710999488831,24.7593666042437,,,0
SLV,El Salvador,SV,2020,3997.19279583709,24.92119,,,,,11.6893316751217,10.2167971128309,4.95759053713525,10.22,,,,3.66088008880615,33.9446069790407,,,0
SLV,El Salvador,SV,2021,4642.60743101342,29.04314,39.0,5.1,9.8,33.5,11.238339333072,9.84484112073083,4.758567528368,,10.0,5.0,2.9,3.57766008377075,29.5074843835756,,,0
SLV,El Salvador,SV,2022,5074.60210221806,31.87012,38.8,5.2,9.6,32.7,10.8176937366879,9.49319280804857,4.57219975417852,,,,,3.25634002685547,27.39431166246,,,0
SLV,El Salvador,SV,2023,5365.44491399171,33.85394,39.8,4.6,8.6,29.9,10.4303333101628,9.17055345281725,4.41909500746026,,,,,3.17218995094299,27.6800868672893,,,0
SMR,San Marino,SM,2000,37600.7077379601,1.00766136666959,,,,,5.36070630201958,4.99242037946334,2.59671188300567,3.93,,,,,,,,0
SMR,San Marino,SM,2001,39035.1034290445,1.05952981237456,,,,,4.95297249988227,4.62516571180549,2.3647856875923,3.92,,,,,,,,0
SMR,San Marino,SM,2002,41790.8432718184,1.14887207238556,,,,,4.5900033821622,4.29493297711455,2.14471186959763,3.92,,,,,35.9572969547325,,,0
SMR,San Marino,SM,2003,52529.9093701059,1.46259026659186,,,,,4.24597142490333,3.98115346098712,1.95986624257035,3.92,,,,,31.4963179659706,,,0
SMR,San Marino,SM,2004,58232.0176184948,1.715340542988,,,,,3.94696214936752,3.70716361795615,1.79768935364668,3.92,,,,,33.2718181885424,,,0
SMR,San Marino,SM,2005,59877.8005839737,1.78651405822344,,,,,3.68215225757358,3.46192966120574,1.65329163813876,3.92,,,,,30.1599863210306,,,0
SMR,San Marino,SM,2006,63270.7780755157,1.90976516543137,,,,,3.44257048691964,3.23766138850554,1.52942995248106,3.92,,,,,29.303366330046,,,0
SMR,San Marino,SM,2007,70124.4634385624,2.18865462838097,,,,,3.22549215163176,3.03629354461212,1.42255808110103,3.94,,,,,30.4456554120225,,,0
SMR,San Marino,SM,2008,75902.1320521765,2.40321330503601,,,,,3.02498530079202,2.84884125236456,1.33612211394877,3.95,,,,,30.7148607417381,,,0
SMR,San Marino,SM,2009,62428.9943269418,2.06427712641466,,,,,2.84929039063431,2.68380644763561,1.25656439049083,3.97,,,,,36.0723472554054,,,0
SMR,San Marino,SM,2010,56543.1898204098,1.88119192532503,,,,,2.68004563706692,2.52614430434812,1.1849596482249,4.0,,,,2.62883996963501,37.2906898520085,,,0
SMR,San Marino,SM,2011,55601.3929703047,1.81371743869134,,,,,2.53697882709194,2.39282618008679,1.12420318128331,4.04,,,,2.70296001434326,41.7917820276286,,,0
SMR,San Marino,SM,2012,47945.8991734281,1.60470129943546,,,,,2.39182165761416,2.25957555119383,1.06157759378173,4.07,,,,,44.6508169671737,,,0
SMR,San Marino,SM,2013,50807.8289138024,1.67874147514095,,,,,2.26168413196473,2.13954660294443,1.00190372722987,4.11,,,,3.26723534651899,46.0320867563291,,,0
SMR,San Marino,SM,2014,51260.4938347125,1.67391142617254,,,,,2.14200754776985,2.03023288325899,0.946612845019848,4.14,,,,3.19357628015873,45.6235726666667,,,0
SMR,San Marino,SM,2015,43146.8240435428,1.41940107056043,,,,,2.0291547874501,1.92674339329973,0.891616819166673,4.17,,,,3.11914279579368,45.2377645386161,,,0
SMR,San Marino,SM,2016,44359.4797662688,1.46834313974325,,,,,1.93012847184043,1.83516558694934,0.841017674701527,4.19,,,,3.02697977142855,44.987717252271,,,0
SMR,San Marino,SM,2017,45192.0279766943,1.52862034631168,,,,,1.83319668850075,1.74508573957709,0.795599489951301,4.21,,,,3.36997008323669,43.295388835887,,,0
SMR,San Marino,SM,2018,47950.6880557136,1.65535365305934,,,,,1.74919680513394,1.6665148632717,0.757310271437783,4.22,,,,3.55516004562378,44.3657869864291,,,0
SMR,San Marino,SM,2019,46627.0122356944,1.61623212512587,,,,,1.67082036527774,1.59359173903787,0.726022972865814,4.24,,,,3.37969994544983,44.1548282272791,,,0
SMR,San Marino,SM,2020,44426.6463400658,1.54471449324409,,,,,1.60469256456949,1.53180985244767,0.698450130351917,4.24,,,,3.4246199131012,47.440336858793,,,0
SMR,San Marino,SM,2021,54168.9828262684,1.85539599976534,,,,,1.54005840355056,1.4709653309344,0.670312786648109,,,,,3.10892009735107,44.0740495328967,,,0
SMR,San Marino,SM,2022,54264.570495898,1.83170057708904,,,,,1.47926187584696,1.41364390020693,0.643162219005421,,,,,2.89753007888794,44.64064259247,,,0
SOM,"Somalia, Fed. Rep.",SO,2000,386.119274401275,3.41279745020112,,,,,172.345191235142,104.262951429997,44.9158136711986,,,,,,,,,1
SOM,"Somalia, Fed. Rep.",SO,2001,244.914842538455,2.25284746468608,,,,,172.345191235142,104.262951429997,45.2023139070681,,,,,,,,,1
SOM,"Somalia, Fed. Rep.",SO,2002,229.598918310039,2.19268413459273,,,,,172.345191235141,104.262951429996,45.4311254845733,,,,,,,,,1
SOM,"Somalia, Fed. Rep.",SO,2003,286.273025198975,2.8367243515616,,,,,172.345191235142,104.262951429997,45.5709832913895,,,,,,,,,1
SOM,"Somalia, Fed. Rep.",SO,2004,375.410326225387,3.85959281310255,,,,,172.345191235142,104.262951429997,45.8443215292187,,,,,,,,,1
SOM,"Somalia, Fed. Rep.",SO,2005,439.979907805478,4.68324645410048,,,,,172.301735124226,104.236589140372,45.8388883065159,,,,,,,,,1
SOM,"Somalia, Fed. Rep.",SO,2006,457.996662206659,5.02674328204251,,,,,171.537967621359,103.811454815303,45.8953154859159,,42.0,32.8,13.3,,,,,1
SOM,"Somalia, Fed. Rep.",SO,2007,479.635628065289,5.43071372889074,,,,,169.721131945259,102.845132833776,45.6517200757122,,,,,,,,,1
SOM,"Somalia, Fed. Rep.",SO,2008,507.03744334738,5.91362029290573,,,,,166.121693272191,101.006137778566,45.2606425079348,,,,,,,,,1
SOM,"Somalia, Fed. Rep.",SO,2009,246.513251675105,2.94859455244952,,,,,161.812297259696,98.9195314697793,44.5297538960036,,25.3,22.5,14.3,,,,,1
SOM,"Somalia, Fed. Rep.",SO,2010,219.202453852397,2.68780700373935,,,,,185.912017264533,112.922770322521,44.3848147468371,,,,,,,,,1
SOM,"Somalia, Fed. Rep.",SO,2011,235.325945610434,2.90600009693248,,,,,358.545225024689,215.725652141438,46.6941049901521,,,,,,,,,1
SOM,"Somalia, Fed. Rep.",SO,2012,350.261946720512,4.36467015999578,,,,,184.054397051057,112.406801209264,43.0160726930808,,,,,,,,,1
SOM,"Somalia, Fed. Rep.",SO,2013,393.398703952979,5.06288160000104,,,,,142.627481981886,88.9762608999349,41.5706750071499,,,,,,,,,1
SOM,"Somalia, Fed. Rep.",SO,2014,429.431656725102,5.72839971999958,,,,,137.771799136151,86.3100616796636,40.973079252353,,,,,,,,,1
SOM,"Somalia, Fed. Rep.",SO,2015,445.583080073396,6.15214909999942,,,,,133.559192715425,84.0665152613643,40.2542913735105,,,,,,,,,1
SOM,"Somalia, Fed. Rep.",SO,2016,460.928490585175,6.61374306999912,,,,,129.638288902915,82.0133143854308,39.4995473989645,,,,,,,,Medium,1
SOM,"Somalia, Fed. Rep.",SO,2017,510.939952317726,7.62150171000119,,,,,155.375164207214,96.7150877917985,39.4451155627777,,,,,,0.000135889463894207,,,1
SOM,"Somalia, Fed. Rep.",SO,2018,509.525801898508,7.87344083000128,,,,,136.007758663294,85.8112745287176,38.2310892546582,,,,,4.00990834307e-06,0.000137141655344782,,,1
SOM,"Somalia, Fed. Rep.",SO,2019,539.893931565407,8.65502396000102,,,,,118.090023195641,75.7335160552805,37.2649211100044,,,,,5.73281247182e-06,0.000138504827624931,,,1
SOM,"Somalia, Fed. Rep.",SO,2020,518.184778494334,8.62839372000185,,,,,114.444757256143,73.7363084026571,36.7802381955857,,,,,6.12054361034e-06,0.000212712714426032,,,1
SOM,"Somalia, Fed. Rep.",SO,2021,549.114742721701,9.48399739000062,,,,,110.854644770287,71.7593344505269,36.1401657738657,,,,,6.75308344309e-06,,,,1
SOM,"Somalia, Fed. Rep.",SO,2022,573.128092472349,10.2027672699992,,,,,142.867482723774,89.921675884863,36.1450271413835,,,,,7.21674775437e-06,,,,1
SOM,"Somalia, Fed. Rep.",SO,2023,597.458854603043,10.9685170899982,,,,,104.01917484829,67.8395350281732,34.9048157601726,,,,,8.14262404011e-06,0.00023274560988046,,,1
SRB,Serbia,RS,2000,974.725469278615,7.32637388211044,,,,,12.5892048765066,10.9246698587452,7.72187559804463,5.94,,,,,,,,0
SRB,Serbia,RS,2001,1812.42088281393,13.5993786619952,,,,,12.0399746281234,10.4470992949813,7.38180208844441,5.94,,,,,,,,0
SRB,Serbia,RS,2002,2390.73459447107,17.9305835713055,32.7,0.4,1.2,13.7,11.3736049529974,9.86627774103434,6.98409469911978,5.94,,,,,,,,0
SRB,Serbia,RS,2003,3153.9011312754,23.5930444175086,32.8,0.9,2.2,19.7,10.5286701513396,9.13107714827818,6.49506044141712,5.93,,,,,,,,0
SRB,Serbia,RS,2004,3597.08798057009,26.8456323418074,35.5,1.2,3.6,26.8,9.69488556251601,8.40522674318136,6.01021901245291,5.91,,,,,,,,0
SRB,Serbia,RS,2005,3807.97417321786,28.3342561808801,36.5,1.6,4.2,24.7,9.01033984263529,7.80927547121297,5.60395580918271,5.91,12.1,4.4,3.8,,,,,0
SRB,Serbia,RS,2006,4492.7136699046,33.2980573617412,29.7,0.9,2.1,19.4,8.50733112016457,7.37135398757157,5.29396105253901,5.91,,,,,,,,0
SRB,Serbia,RS,2007,6081.08765700202,44.8880289460854,28.7,0.6,1.6,16.7,8.16604287682733,7.07307927330613,5.07778615611734,5.92,,,,4.04879999160767,33.0653352858747,,,0
SRB,Serbia,RS,2008,7376.73517910716,54.2206412016474,27.6,0.3,1.1,14.6,7.94609330634917,6.87957272326917,4.94223315889861,5.93,,,,,34.5414592727477,,,0
SRB,Serbia,RS,2009,6414.0448463847,46.955984409727,28.0,0.6,1.6,16.1,7.76890617439615,6.72322368144924,4.84356068985938,5.96,,,,4.3127498626709,34.5091263592732,,,0
SRB,Serbia,RS,2010,5970.92660940072,43.5366292331424,29.0,0.3,2.2,19.8,7.57487956479546,6.55147482711043,4.74795684341942,5.99,10.9,3.5,5.9,,35.1190464053724,,,0
SRB,Serbia,RS,2011,7082.2861666075,51.2510984080924,,,,,7.34829444533091,6.35045516622097,4.63889826627292,6.02,,,,4.0735502243042,34.0831778366048,,,0
SRB,Serbia,RS,2012,6263.04086072815,45.1032699694112,39.9,7.1,10.8,29.2,7.09509401568437,6.12624063487048,4.49914777761649,6.05,,,,,35.4259392948407,,,0
SRB,Serbia,RS,2013,7040.41812068781,50.4555296040696,39.4,7.8,12.8,33.0,6.83023162110083,5.89247363961093,4.33942644110541,6.08,,,,,39.1277174777981,,,0
SRB,Serbia,RS,2014,6886.67809068704,49.1143212803466,40.4,8.9,13.2,32.9,6.56457981859589,5.65736362950388,4.15974772990926,6.1,8.0,3.3,0.7,,40.9109680719636,,,0
SRB,Serbia,RS,2015,5820.3215576888,41.2974106349586,40.5,8.4,12.3,31.8,6.31543312526031,5.43693072927623,3.97690062394629,6.13,,,,,39.0527737026285,,,0
SRB,Serbia,RS,2016,5982.37030126471,42.2254959095633,38.8,8.1,11.8,29.0,6.09128747897215,5.23756966693331,3.81294564998251,6.14,,,,3.50274991989136,37.7905966728824,,,0
SRB,Serbia,RS,2017,6548.03653824187,45.9728347138077,36.1,6.6,10.0,26.2,5.91102634868892,5.07617960734361,3.68660091668304,6.15,,,,3.56539011001587,36.1410383011071,,,0
SRB,Serbia,RS,2018,7559.86165747394,52.7875202489242,35.0,4.2,6.4,20.7,5.77159178680635,4.95041701731124,3.60200897538753,6.17,,,,3.43663001060486,35.1923667823381,,,0
SRB,Serbia,RS,2019,7755.632986437,53.8646936645568,34.5,2.7,4.2,15.1,5.65246619155432,4.84137453698891,3.52911297917717,6.18,7.5,0.8,0.4,3.45865988731384,35.742587631728,,,0
SRB,Serbia,RS,2020,8098.70955668849,55.874017668998,35.0,2.0,3.2,12.6,5.52827480595232,4.72852961809685,3.44304305966129,6.2,,,,,42.5376524683873,,,0
SRB,Serbia,RS,2021,9680.52798074468,66.1598840725308,33.1,1.7,2.7,9.4,5.4092688799625,4.6203819168873,3.34507050490873,,,,,3.14615988731384,37.6982895078739,,,0
SRB,Serbia,RS,2022,10022.9688543402,66.7975647583389,32.8,2.0,3.2,10.3,5.30974823885236,4.5290336721264,3.25274529073834,,,,,3.08255004882812,35.4693044866048,,,0
SRB,Serbia,RS,2023,12281.5058488303,81.3426607523732,,,,,5.23261987728936,4.45780825499223,3.17211351862655,,,,,3.40377998352051,,,,0
SSD,South Sudan,SS,2008,1654.21153546555,14.5862533830632,,,,,120.63649220059,85.4513532287898,46.147798695901,,,,,,,,,1
SSD,South Sudan,SS,2009,1323.22068747862,12.2312645250671,46.3,44.9,59.2,84.9,114.706056441036,82.0554884385572,44.6523340856949,,,,,,,,,1
SSD,South Sudan,SS,2010,1498.27034985194,14.6020724109506,,,,,109.361649939253,78.9818676611785,43.2493731479445,,32.0,29.4,24.2,1.04533007934585,,,,1
SSD,South Sudan,SS,2011,1448.98435006408,14.9073089327534,,,,,104.523500787861,76.1006708498136,42.1121675444186,,,,,0.962890028953552,,,,1
SSD,South Sudan,SS,2012,1109.26050083408,11.9314721694915,,,,,100.917271499684,73.9619147839029,41.2063448717378,,,,,1.57674938085481,,,,1
SSD,South Sudan,SS,2013,1650.18943353528,18.4264690169492,,,,,99.2246941541032,72.9260426897457,40.6696672053408,,,,,1.02450001239777,,,,1
SSD,South Sudan,SS,2014,1242.73450181032,13.9622128474576,,,,,182.331312427609,117.662453735422,41.8589524199556,,,,,1.23246002197266,,,,1
SSD,South Sudan,SS,2015,1080.14718624765,11.9978007602242,,,,,236.565430822113,148.495856380125,42.7108046446598,,,,,1.46555995941162,,,,1
STP,Sao Tome and Principe,ST,2000,529.089383412262,0.076198394820267,32.1,17.3,36.3,78.2,82.115122278948,50.7446875026884,22.1932205831853,10.09,,,,,,,,1
STP,Sao Tome and Principe,ST,2001,518.88050130005,0.0759511333777948,,,,,76.5691169690335,47.4702094742782,21.7335077830021,10.14,,,,,,,,1
STP,Sao Tome and Principe,ST,2002,568.10257252271,0.0851710738777498,,,,,71.0195860906294,44.1602004625864,21.203159424131,10.19,,,,2.72058010101318,,,,1
STP,Sao Tome and Principe,ST,2003,663.696211810494,0.102085769123419,,,,,65.6647293755653,40.9620771993308,20.5429190740923,10.23,,,,3.24692988395691,,,,1
STP,Sao Tome and Principe,ST,2004,726.560882130444,0.114582283916382,,,,,60.4627596165699,37.8417113213772,19.8223517638841,10.28,,,,3.23470997810364,,,,1
STP,Sao Tome and Principe,ST,2005,844.169181884274,0.136450662390592,,,,,55.6142103317988,34.9303616143118,19.1262656801955,10.32,,,,4.85645008087158,,,,1
STP,Sao Tome and Principe,ST,2006,861.970707697664,0.142775104081626,,,,,51.0535787663409,32.1731655345023,18.5104276950441,10.37,,,,4.27118015289307,,,,1
STP,Sao Tome and Principe,ST,2007,878.885791918745,0.14914691888861,,,,,46.8394997273379,29.6339674933362,17.9592929276077,10.43,,,,6.28682994842529,,,,1
STP,Sao Tome and Principe,ST,2008,1081.8684584729,0.18802116500338,,,,,43.0252937724643,27.3387595808578,17.439564063358,10.47,,,,5.5544900894165,,,,1
STP,Sao Tome and Principe,ST,2009,1128.28046213305,0.20066806503175,,,,,39.4923561632391,25.1868833969614,16.9269470474998,10.52,,,,9.99429035186768,,,,1
STP,Sao Tome and Principe,ST,2010,1045.20958234528,0.190021192489536,30.8,18.9,39.8,83.0,36.2805287789999,23.2277207622188,16.2468124118723,10.56,,,,9.9882698059082,,,,1
STP,Sao Tome and Principe,ST,2011,1219.80189089671,0.226455001243083,,,,,33.2608160636846,21.4061564445575,15.1697530105766,10.6,,,,8.79410245042467,,,,1
STP,Sao Tome and Principe,ST,2012,1210.79264672325,0.229371348202606,,,,,30.4098892444833,19.6540825493623,14.1040245170944,10.65,,,,6.92846012115479,,,,1
STP,Sao Tome and Principe,ST,2013,1382.5757842916,0.267041747584354,,,,,27.7436438339879,18.0040291102069,13.068600918293,10.7,,,,6.68509006500244,,,,1
STP,Sao Tome and Principe,ST,2014,1489.67633417608,0.293119143246825,,,,,25.361774309944,16.5205684112508,12.0332313842257,10.75,17.2,8.8,4.0,4.4321699142456,,1.1362224817276,,1
STP,Sao Tome and Principe,ST,2015,1298.10946596396,0.259999643047388,,,,,23.1156247685255,15.1187631140234,11.0731919345327,10.81,,,,4.69794988632202,,,,1
STP,Sao Tome and Principe,ST,2016,1434.87018050521,0.292267272196925,,,,,21.1499565682179,13.8893181260561,10.1804632383693,10.87,,,,6.11515998840332,,,,1
STP,Sao Tome and Principe,ST,2017,1555.79477812888,0.322002845229335,40.7,13.0,30.5,70.0,19.4803845783679,12.850547391823,9.39381019496028,10.92,,,,5.87489986419678,,,,0
STP,Sao Tome and Principe,ST,2018,1825.59971753966,0.383717327830508,,,,,18.1031927322539,11.9898414003805,8.73885282126696,10.98,,,,5.62454986572266,,,,0
STP,Sao Tome and Principe,ST,2019,1935.2931816596,0.412976082620705,,,,,17.0012993570264,11.2998343932578,8.19451392493984,11.05,11.7,5.4,4.1,6.10573891896978,,,,0
STP,Sao Tome and Principe,ST,2020,2167.22001796925,0.471229484607144,,,,,16.0498758861481,10.7123180131567,7.75057926773114,11.11,,,,5.02931173372591,,,,0
STP,Sao Tome and Principe,ST,2021,2362.58827248102,0.52440245554816,,,,,15.2570186402025,10.2324493695403,7.3743546530301,,,,,5.53985041124283,,,,0
STP,Sao Tome and Principe,ST,2022,2389.73729784737,0.540809499189348,,,,,14.5767572276727,9.81549005325537,7.06089289143547,,,,,5.19392101712613,,,,0
STP,Sao Tome and Principe,ST,2023,2940.93352926715,0.678976264835435,,,,,13.9416206861425,9.41389803758805,6.76031448036776,,,,,5.0288576428727,,,,0
SUR,Suriname,SR,2000,1988.22172925433,0.94767196969697,,,,,31.051827109305,27.3390853766381,16.9431828446683,14.2,13.4,8.4,6.1,,,,,1
SUR,Suriname,SR,2001,1714.64846637242,0.834279357798165,,,,,29.9661840922774,26.4779298153488,16.9171270189902,14.31,,,,,,,,1
SUR,Suriname,SR,2002,2202.340682196,1.09357446808511,,,,,28.9661563811554,25.7103327537674,16.9586713142485,14.44,,,,,,,,1
SUR,Suriname,SR,2003,2516.10404020956,1.27419031141869,,,,,28.0789283086236,25.0046603019703,17.0267951691255,14.56,,,,,,,,1
SUR,Suriname,SR,2004,2887.7721728844,1.48409253840527,,,,,27.229056439119,24.3305903496003,17.0183692608106,14.69,,,,,,,,1
SUR,Suriname,SR,2005,3453.42865937765,1.79341039738737,,,,,26.4458617134705,23.7104427634204,16.879212186129,14.81,,,,,,,,1
SUR,Suriname,SR,2006,5002.65798695759,2.62638043517877,,,,,25.7260032589845,23.1368593208092,16.6059763840658,14.93,17.0,8.3,3.6,,,,Medium,1
SUR,Suriname,SR,2007,5530.17615638309,2.93661202185792,,,,,25.0426944502371,22.5987804178615,16.2266286599465,15.05,,,,,,,,1
SUR,Suriname,SR,2008,6576.08546307249,3.53296903460838,,,,,24.3966006223803,22.0830326469711,15.7519035067979,15.17,,,,,,,,1
SUR,Suriname,SR,2009,7129.5768626291,3.87540983606557,,,,,23.766107692135,21.5754272663273,15.2838233258652,15.3,,,,,,,,1
SUR,Suriname,SR,2010,7943.60482816915,4.36837099792126,,,,,23.1876967606966,21.1186415054048,14.8392248533794,15.43,9.0,6.1,4.0,,,,,1
SUR,Suriname,SR,2011,7949.88867218383,4.42227662178703,,,,,22.6489615135033,20.6810056587863,14.4076297317059,15.55,,,,,,,,1
SUR,Suriname,SR,2012,8851.24050668908,4.98,,,,,22.1186712984529,20.2575546005407,14.0053867864446,15.67,,,,,,,,1
SUR,Suriname,SR,2013,9043.19281529222,5.14575757575758,,,,,21.5799577748617,19.8243057981223,13.6215506130593,15.78,,,,,,,,1
SUR,Suriname,SR,2014,9108.18905406764,5.24060606060606,,,,,21.0601782563291,19.4118512987756,13.245041133443,15.89,,,,,,,,1
SUR,Suriname,SR,2015,8813.61705392067,5.12623764622072,,,,,20.5344665450826,18.9743816100692,12.850583621954,16.0,,,,5.53479610522553,,,,1
SUR,Suriname,SR,2016,5644.2061057532,3.31742164809918,,,,,20.0343397376312,18.554472517033,12.4668156148611,16.1,,,,5.64051904970974,,,,1
SUR,Suriname,SR,2017,6049.52128553675,3.59167943099988,,,,,19.5274426129011,18.1286151606065,12.1013689866669,16.19,,,,5.45861311514349,,,,0
SUR,Suriname,SR,2018,6665.74180472239,3.99619886657453,,,,,18.9586033646982,17.6322496367776,11.7009941100326,16.28,7.2,4.7,3.8,4.92259355761269,,0.6103253960609436,,0
SUR,Suriname,SR,2019,6629.66775248603,4.01604057508796,,,,,18.3794509055132,17.1170776950129,11.3336445436785,16.37,,,,6.77857289012664,,,,0
SUR,Suriname,SR,2020,4755.39221710693,2.91180749620227,,,,,17.842619078869,16.6343291610313,10.9818325073622,16.46,,,,4.58425708265782,,,,0
SUR,Suriname,SR,2021,5029.84838543953,3.10792319796954,,,,,17.3137434722071,16.1598437647719,10.5873335730363,,,,,4.13154972947739,,,,0
SUR,Suriname,SR,2022,6084.43876736445,3.7916032000259,39.2,2.2,4.6,20.9,16.7870810662527,15.685249240136,10.2513620170811,,,,,3.43460841988051,,,,0
SUR,Suriname,SR,2023,5494.07409425517,3.45514628083974,,,,,16.2343023539865,15.1848577885184,9.93516033619288,,,,,2.86623341491363,,,,0
SVK,Slovak Republic,SK,2000,5421.6448441887,29.2157260047765,,,,,9.64730121978485,8.06318160230637,4.98215982848517,7.18,,,,3.86823010444641,52.1902129851671,,,0
SVK,Slovak Republic,SK,2001,5712.47802761654,30.7266595509717,,,,,9.32816604415568,7.77924445299829,4.76117482956137,7.21,,,,3.94236993789673,43.8308376763311,,,0
SVK,Slovak Republic,SK,2002,6554.62808369461,35.2436583987546,,,,,9.06205583555944,7.54273191363586,4.54377646732058,7.24,,,,4.25193023681641,44.2036122962049,,,0
SVK,Slovak Republic,SK,2003,8675.39633696465,46.6161491167411,,,,,8.82492622052864,7.33330946273834,4.31036971286412,7.27,,,,4.23699998855591,39.7068446195437,,,0
SVK,Slovak Republic,SK,2004,10650.1290097126,57.2154750762986,27.1,0.2,1.1,10.2,8.58375093234075,7.12235751726938,4.07420139192608,7.27,,,,4.11747980117798,37.2826789817952,,,0
SVK,Slovak Republic,SK,2005,11641.5410321763,62.5477531484638,29.3,0.3,1.0,6.4,8.30473455711082,6.88326180461394,3.85867017178242,7.28,,,,3.77565002441406,38.5685975641289,,,0
SVK,Slovak Republic,SK,2006,13167.8954730379,70.7518134429881,25.8,0.3,0.8,4.2,7.99756879533147,6.62177910228159,3.67452161714015,7.28,,,,3.70850992202759,36.9739601689895,,,0
SVK,Slovak Republic,SK,2007,16110.4817265237,86.5877495179724,24.7,0.6,1.0,3.8,7.68460850425748,6.35773180653844,3.52714198122235,7.28,,,,3.52223992347717,34.8508787281228,,,0
SVK,Slovak Republic,SK,2008,18744.3192278346,100.830060552902,26.0,0.5,1.2,4.6,7.38397509492518,6.10556916965709,3.41675063747712,7.31,,,,3.52339005470276,34.8379095855697,,,0
SVK,Slovak Republic,SK,2009,16586.7527805228,89.3429846975246,27.2,0.6,1.1,4.6,7.11680287718804,5.88305008421531,3.34032676035825,7.35,,,,4.00893020629883,41.9431939116331,,,0
SVK,Slovak Republic,SK,2010,16899.448680529,91.1121608007668,27.3,0.6,1.2,4.6,6.88685947165287,5.69303880337653,3.29038203530964,7.4,,,,4.04704999923706,39.5145792054508,,,0
SVK,Slovak Republic,SK,2011,18469.4354316836,99.7051047234341,26.5,0.6,0.9,3.5,6.70074656257491,5.53991574204429,3.25533255187389,7.45,,,,3.90686988830566,39.0601443681058,,,0
SVK,Slovak Republic,SK,2012,17516.9691054078,94.724394278052,26.1,0.5,1.1,5.0,6.55038916366863,5.41793379880118,3.21813626830481,7.5,,,,3.85490989685059,39.1325775702987,,,0
SVK,Slovak Republic,SK,2013,18312.7805149823,99.1342778503418,28.1,0.4,1.4,5.0,6.4302811496137,5.3213527437467,3.17208668534385,7.55,,,,4.06078004837036,40.0242603858589,,,0
SVK,Slovak Republic,SK,2014,18770.9289896545,101.713075598862,26.1,0.9,1.9,5.2,6.32112835759451,5.23529542772446,3.11707698627929,7.59,,,,4.20446014404297,40.0498953140123,,,0
SVK,Slovak Republic,SK,2015,16442.0760860018,89.1785487173324,26.5,0.8,1.3,5.0,6.21167968505677,5.14844524700733,3.0553941706933,7.63,,,,4.56416988372803,40.6783469163369,,,0
SVK,Slovak Republic,SK,2016,16636.0769133073,90.3471732286356,25.2,1.5,2.2,4.8,6.10576790153526,5.06546144455176,3.00091253693421,7.67,,,,3.88375997543335,40.3193736538256,,,0
SVK,Slovak Republic,SK,2017,17645.5298716761,95.9781307349766,23.2,0.6,1.3,3.0,6.01903818594178,4.99866350804397,2.96976897942991,7.7,,,,3.91876006126404,37.0392854927539,,,0
SVK,Slovak Republic,SK,2018,19573.3717031314,106.611673364837,25.0,0.5,1.3,3.8,5.96015716298108,4.95419121487759,2.96763771873517,7.74,,,,3.93534994125366,37.1287832002824,,,0
SVK,Slovak Republic,SK,2019,19406.0589683582,105.843498304094,23.2,0.2,0.5,2.5,5.9292616920629,4.93422708281233,2.97835005614397,7.78,,,,4.26779985427856,38.0979921157923,,,0
SVK,Slovak Republic,SK,2020,19735.4858280801,107.732602896441,24.2,0.3,0.5,2.3,5.92843293995997,4.93910257847574,2.99282438157831,7.82,,,,4.720290184021,42.1100121910824,,,0
SVK,Slovak Republic,SK,2021,22132.4483028948,120.560912620599,24.1,0.3,0.8,2.8,5.95858045636745,4.96904897714835,3.00709495353748,,,,,4.71646976470947,42.3783691619869,,,0
SVK,Slovak Republic,SK,2022,21334.6011006572,115.884262197697,24.1,0.7,1.7,6.6,6.01378862232543,5.02151088039767,3.02425899215746,,,,,4.65508985519409,39.7427248174335,,,0
SVK,Slovak Republic,SK,2023,24673.5482979144,133.896931490224,23.8,0.5,0.8,4.1,6.07515272590005,5.07902909480537,3.04384971663028,,,,,,,,,0
SVN,Slovenia,SI,2000,10135.7219109212,20.1591907016789,,,,,5.4454222218647,4.53931880308078,3.22815442117063,5.85,,,,,,,,0
SVN,Slovenia,SI,2001,10375.6255869861,20.6688687068115,,,,,5.16204052833592,4.2986583851981,3.08597108968336,5.88,,,,5.81461000442505,,,,0
SVN,Slovenia,SI,2002,11639.1297780477,23.2145935162095,29.1,0.1,0.1,1.2,4.89858505554607,4.07362694693387,2.93103333822596,5.92,,,,5.74013996124268,44.6270962929415,,,0
SVN,Slovenia,SI,2003,14711.674874253,29.3605750318177,30.9,0.0,0.0,1.9,4.6534447702915,3.8642773862661,2.77055777915009,5.94,,,,5.75657987594604,44.4229734423929,,,0
SVN,Slovenia,SI,2004,17103.8297783905,34.1565533134031,24.8,0.1,0.2,0.6,4.41964929691771,3.66495775934167,2.60707740987176,5.97,,,,5.68693017959595,43.6902957275516,,,0
SVN,Slovenia,SI,2005,17969.7095907161,35.9479368237781,24.6,0.1,0.2,0.6,4.19238569692687,3.47123424119599,2.44966160146948,5.98,,,,5.64437007904053,43.9831561458944,,,0
SVN,Slovenia,SI,2006,19563.005059144,39.2603688370342,24.4,0.1,0.1,0.5,3.97233075161082,3.28395417572834,2.30187602434172,5.99,,,,5.62207984924316,42.5094777219212,,,0
SVN,Slovenia,SI,2007,23725.1596001515,47.880266542577,24.4,0.0,0.1,0.3,3.76165417770217,3.10507768113333,2.16629408901644,6.01,,,,5.13660001754761,39.9951581291865,,,0
SVN,Slovenia,SI,2008,27461.9764165315,55.5093323223578,23.7,0.0,0.0,0.2,3.56376657323024,2.93734751228942,2.04623101509246,6.03,,,,5.13438987731934,41.1003969206339,,,0
SVN,Slovenia,SI,2009,24501.7897290425,49.9755409548464,24.8,0.0,0.0,0.3,3.38123847940762,2.78297421017149,1.94409037398909,6.07,,,,5.62079000473022,46.3540530961616,,,0
SVN,Slovenia,SI,2010,23329.8417691156,47.7931172409001,24.9,0.0,0.0,0.2,3.21449611411117,2.64246418854643,1.85813056771436,6.11,,,,5.59362983703613,47.3581596491482,,,0
SVN,Slovenia,SI,2011,24940.6284841605,51.1991945993094,24.9,0.0,0.0,0.3,3.06426417336774,2.51605336265286,1.78886405682764,6.15,,,,5.58290004730225,48.809028972781,,,0
SVN,Slovenia,SI,2012,22442.1417859955,46.1670539543367,25.6,0.0,0.0,0.5,2.93034120567281,2.40375425585653,1.72900865868963,6.19,,,,5.6702299118042,47.4901246961825,,,0
SVN,Slovenia,SI,2013,23236.9655321695,47.8670568588892,26.2,0.0,0.1,0.6,2.8137621311748,2.30552012917915,1.67552395541359,6.23,,,,5.46767997741699,54.5726819204219,,,0
SVN,Slovenia,SI,2014,24013.0682060959,49.5144663796057,25.7,0.0,0.0,0.3,2.71307635319011,2.22115934166954,1.62256545490495,6.26,,,,5.34328985214233,47.5336371357467,,,0
SVN,Slovenia,SI,2015,20697.2748530619,42.7094682748136,25.4,0.0,0.0,0.4,2.62696380960193,2.14871728395128,1.56766820965783,6.27,,,,4.95528984069824,46.7222084667928,,,0
SVN,Slovenia,SI,2016,21447.8377796036,44.2906858240682,24.8,0.0,0.0,0.3,2.55395035071566,2.08662240355493,1.51676026541254,6.28,,,,4.84419012069702,44.6747700849883,,,0
SVN,Slovenia,SI,2017,23303.077705959,48.1532001346613,24.2,0.0,0.0,0.1,2.49094677378976,2.03382437542847,1.47021357119267,6.28,,,,4.82381010055542,42.2981039649573,,,0
SVN,Slovenia,SI,2018,25888.0481065655,53.6890676399176,24.6,0.0,0.0,0.2,2.43791015953347,1.98907013013874,1.43115282352716,6.28,,,,4.97948980331421,41.1450376558141,,,0
SVN,Slovenia,SI,2019,25814.1687167572,53.909922735545,24.4,0.0,0.0,0.1,2.39347627667155,1.95190500458322,1.39948335781355,6.28,,,,4.93479013442993,40.7895004063214,,,0
SVN,Slovenia,SI,2020,25392.0651093612,53.384760135158,24.0,0.0,0.0,0.1,2.35566824566329,1.92040834814275,1.37315646356546,6.29,,,,5.41901016235352,49.1075307851423,,,0
SVN,Slovenia,SI,2021,29187.369382785,61.529280461092,24.3,0.0,0.0,0.1,2.32088924745941,1.89092476328817,1.34958092829881,,,,,5.39167022705078,46.6165984713657,,,0
SVN,Slovenia,SI,2022,28373.8382265999,59.9277027462843,24.3,0.0,0.1,0.2,2.28737668155632,1.86224841924075,1.32724249155887,,,,,5.28065013885498,43.5327700809559,,,0
SVN,Slovenia,SI,2023,32610.110922729,69.1484684173208,24.7,0.0,0.0,0.1,2.24667168062113,1.82904800881561,1.3008919305216,,,,,,42.9407083105927,,,0
SWE,Sweden,SE,2000,29632.7736101599,262.905197441662,27.0,0.2,0.2,0.7,4.09662966290807,3.38816499224809,2.30095095005092,4.31,,,,6.7383599281311,34.5255086578739,,,0
SWE,Sweden,SE,2001,27259.4806735435,242.499249692616,26.5,0.2,0.2,0.5,4.04899207270855,3.34302925116831,2.27031543770502,4.3,,,,6.61482000350952,33.2249813258469,,,0
SWE,Sweden,SE,2002,29957.9387652616,267.373345246531,26.2,0.0,0.2,0.5,3.97798013276503,3.27904875538415,2.21374192498691,4.29,,,,6.91077995300293,33.5620434647837,,,0
SWE,Sweden,SE,2003,37292.4214343004,334.074051172972,25.3,0.4,0.6,1.1,3.87423700676329,3.18804789092167,2.12612035431282,4.28,,,,6.79678010940552,33.7312964315474,,,0
SWE,Sweden,SE,2004,42758.2015503417,384.547211147247,26.1,0.5,0.6,1.1,3.74332125167744,3.07573735900423,2.02478895199035,4.27,,,,6.6729998588562,32.7638120183341,,,0
SWE,Sweden,SE,2005,43378.6152117149,391.690329314475,26.8,1.1,1.3,1.9,3.59847860093703,2.95249190215056,1.92461516569687,4.26,,,,6.51516008377075,33.1440132197253,,,0
SWE,Sweden,SE,2006,46531.6001120572,422.530427475536,26.4,0.4,0.6,1.1,3.45213133216987,2.82932398856506,1.83598636151458,4.25,,,,6.37276983261108,32.0213798558723,,,0
SWE,Sweden,SE,2007,53568.5645523213,490.050156832574,27.1,0.5,0.6,1.0,3.32214996342575,2.71988687092677,1.75768901748291,4.24,,,,6.1867299079895,31.2580555657034,,,0
SWE,Sweden,SE,2008,55817.4392710726,514.616528348834,28.1,0.7,0.8,1.2,3.21575366852507,2.63062536439127,1.69197019471501,4.23,,,,6.38263988494873,31.736209528083,,,0
SWE,Sweden,SE,2009,46707.8673215418,434.313804907366,27.3,0.5,0.8,1.2,3.12996281888322,2.55872620042945,1.64224919816326,4.23,,,,6.78425979614258,33.9399744476108,,,0
SWE,Sweden,SE,2010,52542.8274141037,492.753255885718,27.7,0.6,0.9,1.4,3.06214682543945,2.50240507708064,1.61103905529512,4.23,,,,6.56318998336792,33.2647807382225,,,0
SWE,Sweden,SE,2011,60379.7748160321,570.541353128724,27.6,0.7,0.9,1.5,3.01158888229732,2.46048957273352,1.59423721756704,4.23,,,,6.40656995773315,32.4393124120237,,,0
SWE,Sweden,SE,2012,57749.8251328664,549.742183874355,27.6,0.5,0.6,1.2,2.97236920937054,2.42801901791768,1.58668960312248,4.22,,,,7.57456016540527,33.0085659544123,,,0
SWE,Sweden,SE,2013,60844.2767113975,584.12811641029,28.8,0.7,0.8,1.4,2.93837220723647,2.39993666026147,1.58328636478786,4.21,,,,7.64657020568848,33.7230755160192,,,0
SWE,Sweden,SE,2014,59583.7140001673,577.730245154161,28.4,0.5,0.7,1.2,2.90365829453292,2.37133945323258,1.57580243010484,4.2,,,,7.62924003601074,33.2570490627025,,,0
SWE,Sweden,SE,2015,51197.9529341175,501.698263620663,29.2,0.6,0.8,1.2,2.86338782494858,2.33813543023883,1.55763737786488,4.19,,,,7.49443006515503,32.3526346696221,,,0
SWE,Sweden,SE,2016,51820.3972482676,514.218206628325,29.6,0.4,0.5,1.0,2.81581419574219,2.29887018602314,1.53057602284257,4.17,,,,7.63990020751953,32.0365400392302,,,0
SWE,Sweden,SE,2017,53300.8587281785,536.083940228684,28.8,0.3,0.3,0.8,2.7606018498859,2.25345654419984,1.50236594943463,4.16,,,,7.63850021362305,31.9272025376033,,,0
SWE,Sweden,SE,2018,54181.9069780904,551.312498430163,30.0,0.9,0.9,1.5,2.70045341944778,2.20372784116181,1.47790510612819,4.14,,,,7.69824981689453,31.9437622149225,,,0
SWE,Sweden,SE,2019,51773.0464558993,532.16929416594,29.3,0.4,0.4,1.0,2.64163221814517,2.15511221896554,1.45809219720308,4.13,,,,7.66306018829346,31.331078945366,,,0
SWE,Sweden,SE,2020,52653.7565934247,545.147614972141,28.9,0.5,0.5,1.0,2.5888465058554,2.11134285496095,1.44304727952886,4.12,,,,7.95333003997803,34.8791012428256,,,0
SWE,Sweden,SE,2021,61174.9680215622,637.186904843636,29.8,0.6,0.9,1.5,2.54512237265159,2.07480759467924,1.43148139629738,,,,,7.60224008560181,32.9123112765962,,,0
SWE,Sweden,SE,2022,55296.9371472535,579.895717343956,31.6,1.3,1.4,1.7,2.5080811439105,2.04411971042225,1.4216003780192,,,,,7.31909990310669,32.2346800481688,,,0
SWE,Sweden,SE,2023,55567.0890080496,585.489968189063,29.3,0.8,0.9,1.5,2.47465228620054,2.01612775700497,1.40933211140117,,,,,,,,,0
SWZ,Eswatini,SZ,2000,1668.9749133064,1.73809384036607,53.1,65.0,76.7,90.4,109.104918315743,72.9882463966821,25.7867462386664,11.07,45.9,13.4,2.2,5.50848007202148,16.3508338447781,,,1
SWZ,Eswatini,SZ,2001,1467.5389023828,1.54247730889408,,,,,112.564381076295,74.2761184512381,25.5228716013895,11.04,,,,4.83824014663696,16.9105152756296,,,1
SWZ,Eswatini,SZ,2002,1351.86550182919,1.43222173912342,,,,,114.318923093192,75.1543875748832,25.1898630403161,11.0,,,,4.44086980819702,19.1087485828513,,,1
SWZ,Eswatini,SZ,2003,2060.18418135789,2.19759846625447,,,,,115.702974360412,75.9476204493827,24.8300716141925,10.94,,,,5.81677007675171,19.8097766395404,,,1
SWZ,Eswatini,SZ,2004,2581.24172793045,2.77008279150412,,,,,116.208848818365,75.6590166712272,24.5561068325457,10.88,,,,5.40160989761353,19.5804568176754,,,1
SWZ,Eswatini,SZ,2005,2945.36394872311,3.17811249867911,,,,,115.547787668149,74.7242578177838,24.4390259274852,10.82,,,,6.48462009429932,20.8821053586286,,,1
SWZ,Eswatini,SZ,2006,3035.06156119205,3.29133001917287,,,,,105.349326367529,65.6202674020541,24.4724083720257,10.77,38.5,7.9,3.1,6.55475997924805,22.2494891148038,,,1
SWZ,Eswatini,SZ,2007,3180.86121498525,3.46938123149049,,,,,100.03013552003,66.2725839473522,24.6034672671741,10.73,,,,,21.4748625147629,,,1
SWZ,Eswatini,SZ,2008,2999.82816920508,3.29408431415058,,,,,98.1985892687915,68.4758273492634,24.7916547083476,10.71,41.5,7.8,1.1,6.61812019348145,26.0359311779577,,,1
SWZ,Eswatini,SZ,2009,3239.7578007877,3.58042805281393,51.4,58.2,69.8,88.1,92.4934403178507,65.5012264127622,24.9612192721602,10.7,,,,6.47135019302368,25.8952401335649,,,1
SWZ,Eswatini,SZ,2010,3992.95199562618,4.43876508593784,,,,,81.7843186097801,61.9897603858684,25.0475299946785,10.68,41.6,8.4,0.5,6.11837005615234,24.6869629074883,,,1
SWZ,Eswatini,SZ,2011,4312.34243414155,4.82047868018375,,,,,68.1355318371121,57.8093369877021,25.0708178919876,10.64,,,,6.86432981491089,22.2232824611369,,,1
SWZ,Eswatini,SZ,2012,4347.99569336631,4.88655148393374,,,,,63.8348868252422,58.0234886798694,25.0954966578586,10.6,,,,5.59328219778155,22.3302560357525,,,1
SWZ,Eswatini,SZ,2013,3951.12008139006,4.46472618076995,,,,,61.6177013190932,57.3548164352167,25.2814124280759,10.55,,,,5.08461029694871,,,,1
SWZ,Eswatini,SZ,2014,3771.90796458406,4.28601524824891,,,,,61.742850182161,57.9402331122197,25.4779853770992,10.5,30.4,8.1,2.1,7.3573899269104,25.2980032358881,1.104959726333618,Medium,1
SWZ,Eswatini,SZ,2015,3420.75357067279,3.90928165036128,,,,,58.6346554501576,54.8851638771362,25.7055950849977,10.45,,,,5.35494723006471,26.7112006726212,,,1
SWZ,Eswatini,SZ,2016,3239.80707501414,3.72418091137828,54.6,44.5,58.3,79.3,55.3144790474334,51.9899874066425,25.9215258260496,10.4,,,,5.43355309210979,27.7842544780625,,,1
SWZ,Eswatini,SZ,2017,3853.99147918102,4.46367366123006,,,,,54.2683092490591,51.4994836260761,26.107505923548,10.36,,,,6.177914116856,27.0657474499808,,,1
SWZ,Eswatini,SZ,2018,3973.46344933667,4.64469665636967,,,,,50.9627184279405,48.4979306564872,26.1597135985157,10.3,,,,5.73687354676617,26.7583228778012,,,1
SWZ,Eswatini,SZ,2019,3913.12643969301,4.61699614490635,,,,,51.6436014239289,48.1734701616988,26.0492749601717,10.26,,,,5.69914824136892,25.2806369912766,,,1
SWZ,Eswatini,SZ,2020,3454.784217446,4.12062132489015,,,,,49.8169730661019,47.0539483435773,25.7860606069976,10.2,,,,5.32546270122803,26.1584478364836,,,1
SWZ,Eswatini,SZ,2021,3966.29863253832,4.78570816593031,,,,,47.6438285227954,45.8286415261838,25.440509330789,,26.1,6.0,1.3,5.28714899285221,24.725447556315,,,1
SWZ,Eswatini,SZ,2022,3889.65276959161,4.7411638849523,,,,,46.1928108648584,44.6114449027742,24.9713616772919,,,,,5.57274175738511,,,,1
SWZ,Eswatini,SZ,2023,3741.69010745416,4.60417212736299,,,,,45.0093156534859,43.5493789672698,24.4627268090971,,,,,5.00431592836751,,,,1
SYC,Seychelles,SC,2000,8063.65500575169,0.654212394271639,,,,,13.7663161122269,11.8091769377956,8.71963540500914,12.04,,,,,40.5318291764912,,,0
SYC,Seychelles,SC,2001,8153.2986369879,0.662064155920692,,,,,13.747533977972,11.8487209684566,8.71814505376457,12.11,,,,,,,,0
SYC,Seychelles,SC,2002,8864.16919495467,0.74213483750919,,,,,13.736475117867,11.896842491845,8.72037921101845,12.18,,,,4.88109016418457,,,,0
SYC,Seychelles,SC,2003,9070.28460757013,0.750847230099262,,,,,13.742974546419,11.9551625590008,8.72108726481596,12.22,,,,5.05177021026611,,,,0
SYC,Seychelles,SC,2004,10827.671636033,0.893012218181818,,,,,13.7526834881017,12.0105573330775,8.72143905098339,12.24,,,,,,,,0
SYC,Seychelles,SC,2005,11802.1118276833,0.977899381818182,,,,,13.778805876778,12.0799627337966,8.72981115069971,12.24,,,,,28.6533272923078,,,0
SYC,Seychelles,SC,2006,12782.9938926475,1.08144128331798,42.8,0.6,3.3,22.8,13.8286119352077,12.1664286287173,8.72908394354609,12.23,,,,4.48331022262573,31.7796816027708,,,0
SYC,Seychelles,SC,2007,12669.3026687222,1.07730881382945,,,,,13.8834606855529,12.2617849602326,8.74015261708005,12.23,,,,,30.447645535025,,,0
SYC,Seychelles,SC,2008,11265.4376270005,0.979597394293452,,,,,13.9406313086508,12.3567354656167,8.74343632916787,12.25,,,,,24.61714608499,,,0
SYC,Seychelles,SC,2009,9747.09180546291,0.850901620433301,,,,,14.0097332854741,12.4618702765909,8.74998641380135,12.27,,,,,,,,0
SYC,Seychelles,SC,2010,10934.79494629,0.981616542328454,,,,,14.0911258367059,12.5746818763179,8.75153297502383,12.3,,,,,,,,0
SYC,Seychelles,SC,2011,12110.0937461973,1.05891870726124,,,,,14.1779294146415,12.6886656117788,8.76272373898776,12.32,,,,3.62995004653931,,,,0
SYC,Seychelles,SC,2012,12337.1554669388,1.08940783919708,,,,,14.2720701899146,12.8128168313907,8.78380243969096,12.34,7.9,3.8,4.3,2.54216003417969,,,,0
SYC,Seychelles,SC,2013,14821.2921476077,1.33316040738516,46.8,1.6,3.6,12.0,14.3752811400335,12.9466883297076,8.80723657876065,12.36,,,,3.61840009689331,,,,0
SYC,Seychelles,SC,2014,15188.1902175113,1.38757787008161,,,,,14.470516593376,13.0674749083922,8.82853905128108,12.37,,,,3.95247006416321,,,,0
SYC,Seychelles,SC,2015,15333.1051727105,1.43240335212944,,,,,14.5489045177685,13.172061017436,8.85838249468105,12.38,,,,4.91460990905762,,,,0
SYC,Seychelles,SC,2016,16566.9946042294,1.56851334814463,,,,,14.6202015389031,13.2692896803971,8.87927594391599,12.39,,,,4.0213098526001,,,,0
SYC,Seychelles,SC,2017,17480.3651911372,1.67537064101416,,,,,14.6858749725511,13.3653161620181,8.88178947726279,12.41,,,,3.34617325657655,,,,0
SYC,Seychelles,SC,2018,18440.2340460932,1.78431392676807,32.1,0.7,1.4,8.4,14.7568275808126,13.4679064666548,8.90147584449993,12.43,,,,3.59446940668662,,,,0
SYC,Seychelles,SC,2019,19141.5118743615,1.86869009673454,,,,,14.8101247732129,13.5502374792939,8.90592753655703,12.45,,,,3.5588555711461,,,,0
SYC,Seychelles,SC,2020,14041.4754074575,1.38255175156908,,,,,14.8062003299253,13.574935053183,8.87518072239052,12.48,,,,4.18704837049316,,,,0
SYC,Seychelles,SC,2021,14982.9111487767,1.48717379480528,,,,,14.7032343398903,13.5030126139695,8.80048325508461,,,,,4.86547351368626,,,,0
SYC,Seychelles,SC,2022,16836.6721895387,2.01834658873752,,,,,14.508576718589,13.3441838073976,8.67774922815881,,,,,3.65858904774836,,,,0
SYC,Seychelles,SC,2023,18262.7115849287,2.18737975466167,,,,,14.2543215885711,13.1325980654652,8.51001156353375,,,,,4.45409960547034,,,,0
SYR,Syrian Arab Republic,SY,2000,1138.1884854278,18.9370525434373,,,,,23.1778845374549,20.7941019220229,12.2108345720985,,24.3,6.0,4.9,,,,,1
SYR,Syrian Arab Republic,SY,2001,1186.82913474027,20.2370247247039,,,,,22.2881253984562,20.075201907405,11.8944613920603,,34.2,11.8,8.6,4.54640007019043,,,,1
SYR,Syrian Arab Republic,SY,2002,1183.2473451033,20.669357462383,,,,,21.5183279777138,19.4571704364769,11.5777680216325,,,,,5.26984977722168,,,,1
SYR,Syrian Arab Republic,SY,2003,1220.179077256,21.8281446860394,37.5,0.5,3.1,29.7,20.8601461306417,18.9343802463491,11.296539156137,,,,,6.48084020614624,,,,1
SYR,Syrian Arab Republic,SY,2004,1368.1148230028,25.0869504950495,,,,,20.3020196888238,18.5008300718842,11.036797237336,,,,,5.37147998809815,,,,1
SYR,Syrian Arab Republic,SY,2005,1533.90166536568,28.8589655172414,,,,,19.8365699754413,18.1439534676251,10.8075273659944,,,,,,,,,0
SYR,Syrian Arab Republic,SY,2006,1718.78347217338,33.751788856305,40.1,0.0,6.3,31.7,19.4583795857487,17.8600246992808,10.59075791018,,29.1,10.0,10.6,5.27965021133423,,,,0
SYR,Syrian Arab Republic,SY,2007,1937.61138578027,40.4653183820585,,,,,19.1859604108786,17.6674849256733,10.4126752723051,,,,,4.86470985412598,,,,0
SYR,Syrian Arab Republic,SY,2008,2429.12477087189,52.5579135689549,,,,,19.0404115705706,17.5907648349514,10.2564564152113,,,,,4.59525012969971,,,,0
SYR,Syrian Arab Republic,SY,2009,2462.20193643202,54.1117356287065,40.4,0.0,5.8,32.0,18.9514358535529,17.5596510769956,10.1714231263432,,,,,5.13013982772827,,,,0
SYR,Syrian Arab Republic,SY,2010,2730.61477118949,61.3908308747007,,,,,18.9598884140449,17.6199904310747,10.12399162005,,28.0,11.0,11.4,,,,,0
SYR,Syrian Arab Republic,SY,2011,2952.14349372257,67.5394281594474,,,,,21.6706304330343,18.7817128074442,10.1703209050386,,,,,,,,,1
SYR,Syrian Arab Republic,SY,2012,1897.66115018696,43.1903180325627,,,,,33.8594513144871,23.7324635203604,10.4148694555924,,,,,,,,,1
SYR,Syrian Arab Republic,SY,2013,985.892669227054,21.361254635051,,,,,36.5340670740307,24.9696554680233,10.5147989068946,,,,,,,,,1
SYR,Syrian Arab Republic,SY,2014,1060.59105886854,21.5020614659498,,,,,35.3061100666714,24.6937632187506,10.5816228114628,,,,,,,,,1
SYR,Syrian Arab Republic,SY,2015,847.731631942565,16.4668631170009,,,,,36.9586452719488,25.5727119108786,10.717411127125,,,,,,,,,1
SYR,Syrian Arab Republic,SY,2016,656.3490586313,12.5978548774254,,,,,32.2077805657717,23.9326035498651,10.7724686225388,,,,,,,,,1
SYR,Syrian Arab Republic,SY,2017,851.502005254153,16.3698433523453,,,,,32.9603347194059,24.4682691881429,10.8915584934542,,,,,,,,,1
SYR,Syrian Arab Republic,SY,2018,1098.0668642357,21.4977828676426,,,,,32.6002880502113,24.4907933632544,10.9718072986015,,,,,,,,,1
SYR,Syrian Arab Republic,SY,2019,1109.53926036049,22.5830450600821,,,,,24.9614007627243,21.5195638283891,10.8517522607953,,,,,,,,,1
SYR,Syrian Arab Republic,SY,2020,572.355289831901,12.047752036091,,,,,22.3683973525481,20.4281378497884,10.6860497533251,,,,,,,,,1
SYR,Syrian Arab Republic,SY,2021,663.614245706815,14.3532056784991,,,,,20.9894798109169,19.7116048623538,10.4928311891537,,,,,,,,,1
SYR,Syrian Arab Republic,SY,2022,1051.67149587463,23.6228270795047,26.6,16.5,39.3,87.9,21.1241539140214,19.5334846578888,10.2749541299053,,,,,,,,,1
SYR,Syrian Arab Republic,SY,2023,847.372723418531,19.9934399495435,,,,,20.5550970719413,19.0313657598154,10.0126550899406,,,,,,,,,1
TCA,Turks and Caicos Islands,TC,2001,18325.7458111974,0.3587448,,,,,10.1647458964658,7.53979235811959,5.47290913925107,,,,,4.84300994873047,,,,0
TCA,Turks and Caicos Islands,TC,2002,17803.9471767733,0.3667079,,,,,9.72445076007409,7.18838114697419,5.2341127975789,,,,,5.06913995742798,,,,0
TCA,Turks and Caicos Islands,TC,2003,18859.1890274773,0.4097536,,,,,9.32629691662146,6.86974936222101,5.01613145915664,,,,,4.72877979278565,,,,0
TCA,Turks and Caicos Islands,TC,2004,21246.00980049,0.4855988,,,,,8.97470102544734,6.59277362690859,4.83057216058709,,,,,,,,,0
TCA,Turks and Caicos Islands,TC,2005,24122.3028180757,0.5786458,,,,,8.65620845395148,6.3413730360882,4.64449476420225,,,,,2.54099988937378,,,,0
TCA,Turks and Caicos Islands,TC,2006,28734.2873064523,0.7218915,,,,,8.38069817885055,6.12230123446491,4.48428975333463,,,,,,,,,0
TCA,Turks and Caicos Islands,TC,2007,29443.8523030072,0.77349,,,,,8.13491745254446,5.92357139141168,4.34572073653312,,,,,,,,,0
TCA,Turks and Caicos Islands,TC,2008,31453.8228752689,0.862684,,,,,7.91800044288878,5.74859871558891,4.2079174946034,,,,,,,,,0
TCA,Turks and Caicos Islands,TC,2009,24596.8938015951,0.703176,,,,,7.73071567659671,5.59659327032551,4.08963849351366,,,,,,,,,0
TCA,Turks and Caicos Islands,TC,2010,23093.8498268267,0.686788,,,,,7.54059839108186,5.450912102184,3.9852976077903,,,,,,,,,0
TCA,Turks and Caicos Islands,TC,2011,23626.726317837,0.72879,,,,,7.37571424901078,5.31679453924244,3.89202374562727,,,,,3.16663368961357,,,,0
TCA,Turks and Caicos Islands,TC,2012,22633.9527500233,0.727161,,,,,7.22509042498909,5.19599395947809,3.79987635544314,,,,,2.69749326490282,,,,0
TCA,Turks and Caicos Islands,TC,2013,22412.2069354887,0.754238,,,,,7.07738807707036,5.08026627936311,3.714555683765,,,,,2.80478695053816,,,,0
TCA,Turks and Caicos Islands,TC,2014,24014.2653352354,0.8417,,,,,6.94898928345727,4.98238021590097,3.63777219720733,,,,,2.74654631561921,,,,0
TCA,Turks and Caicos Islands,TC,2015,25736.101625461,0.94207,,,,,6.82982163366302,4.88379726041505,3.55485280544053,,,,,3.09325003623962,,,,0
TCA,Turks and Caicos Islands,TC,2016,26946.4178520162,1.032452,,,,,6.70425260442141,4.78130037658699,3.48836538537325,,,,,2.90744573120893,,,,0
TCA,Turks and Caicos Islands,TC,2017,25614.8372710646,1.022365,,,,,6.57256204097069,4.68064796289166,3.4242421158981,,,,,2.47278207606746,,,,0
TCA,Turks and Caicos Islands,TC,2018,31625.616593277,1.314329,,,,,6.42956637759285,4.57134237535776,3.35679615228642,,,,,2.72622990608215,,,,0
TCA,Turks and Caicos Islands,TC,2019,31780.5217068989,1.371838,,,,,6.28361488526234,4.46382030194271,3.27488515361001,,,,,2.47054004669189,,,,0
TCA,Turks and Caicos Islands,TC,2020,20690.9160546118,0.918387,,,,,6.11340636633365,4.3474968020641,3.17532122781602,,15.1,1.2,0.0,2.46213795190062,,,,0
TCA,Turks and Caicos Islands,TC,2021,27329.2885087196,1.236459,,,,,5.95827918310272,4.23728406575776,3.0985992218597,,,,,3.88573002815247,,,,0
TCA,Turks and Caicos Islands,TC,2022,31280.5418020808,1.434119,,,,,5.79218758478945,4.12360564652117,3.02052895021525,,,,,3.28261995315552,,,,0
TCA,Turks and Caicos Islands,TC,2023,35470.2151608295,1.638653,,,,,5.61217914538729,4.00622594386381,2.93481500182114,,,,,2.68765461969981,,,,0
TCD,Chad,TD,2000,163.121663683369,1.38850677158756,,,,,183.553427481624,102.02563194856,43.9985358619062,,40.3,34.4,17.5,2.64670991897583,,,,1
TCD,Chad,TD,2001,194.32295331156,1.71084337700119,,,,,180.206754222944,100.275920850945,43.0538225965633,,,,,2.42614006996155,,,,1
TCD,Chad,TD,2002,219.061391951349,1.99700570881576,,,,,176.778391996785,98.4544275699908,42.2062753194417,,,,,,,,,1
TCD,Chad,TD,2003,289.087621122168,2.7428150715744,39.8,66.7,81.8,96.2,173.414496251732,96.6192631583936,41.4027525181193,,,,,,,,,1
TCD,Chad,TD,2004,445.850767157087,4.42285566082592,,,,,170.031618471366,94.8283269689639,40.6156367004353,,46.4,35.6,16.2,1.59294998645782,,,,1
TCD,Chad,TD,2005,838.092107712557,8.65589239292919,,,,,166.524282773079,92.975287537565,39.9188115800288,,,,,1.69476997852325,,,,1
TCD,Chad,TD,2006,906.897260572747,9.70962659613031,,,,,162.850661203159,91.0335294783804,39.3529457067801,,,,,,,,,1
TCD,Chad,TD,2007,980.483531485103,10.8653851315172,,,,,159.155318630794,89.0445703945019,38.9251686607891,,,,,,,,,1
TCD,Chad,TD,2008,1166.36883453841,13.3855939903378,,,,,155.371259847787,86.9948560127282,38.5868341637515,,,,,,,,,1
TCD,Chad,TD,2009,1035.63719694254,12.3176140536841,,,,,151.546502344136,84.9240525962031,38.2803775092859,,,,,2.31173992156982,,,,1
TCD,Chad,TD,2010,1141.80069268412,14.0585066637252,,,,,147.689598133504,82.7877192503857,37.9830286315546,,38.2,30.4,17.0,1.98194003105164,,,,1
TCD,Chad,TD,2011,1308.1421872538,16.6853496739957,43.3,45.2,63.7,88.5,143.885876127986,80.7061685376554,37.61342947495,,,,,2.25789999961853,,,,1
TCD,Chad,TD,2012,1354.34344701937,17.8922285698861,,,,,140.097532107547,78.6230069180719,37.2621824218839,,,,,2.20615005493164,,,,1
TCD,Chad,TD,2013,1304.88742971475,17.8653168863315,,,,,136.481140589895,76.6356278518766,36.7920014101358,,,,,2.85070991516113,,,,1
TCD,Chad,TD,2014,1278.78981422494,18.1443369037174,,,,,132.951545086513,74.7672143739418,36.2879204328542,,,,,2.32031229563021,,2.386536359786988,,1
TCD,Chad,TD,2015,993.990730610869,14.5595994995011,,,,,129.274147614353,72.83017465494,35.7480019368466,,41.1,28.8,11.6,2.34283149521162,,,,1
TCD,Chad,TD,2016,861.831767630746,13.0262898357789,,,,,125.66348943351,71.0140461841656,35.2125114035098,,,,,2.38847586229946,,,,1
TCD,Chad,TD,2017,854.46120040098,13.3490414087152,,,,,121.97988173349,69.2040116596016,34.6881859372817,,32.1,24.3,13.5,2.45481991767883,,,,1
TCD,Chad,TD,2018,948.656629871231,15.3270002488701,37.5,41.9,63.2,90.1,118.334266245668,67.3561691760729,34.0841079710232,,31.9,24.7,13.6,2.25947501392013,,,,1
TCD,Chad,TD,2019,893.336441643325,14.9055177428454,,,,,114.634441964153,65.4674958263866,33.5825802324115,,37.8,29.2,13.9,2.37245795383591,,,,1
TCD,Chad,TD,2020,866.947814890409,14.9328978212387,,,,,111.005150363643,63.6354122680198,33.0039614100042,,30.5,18.9,9.5,2.73960390423748,,,,1
TCD,Chad,TD,2021,946.358500208374,16.8719376975854,,,,,107.572948439318,61.8859287034207,32.4758151363371,,31.1,21.4,10.2,2.8881299495697,,,,1
TCD,Chad,TD,2022,966.036468278568,17.8285082896049,37.4,39.5,61.4,89.5,104.333309693075,60.3013385669915,31.8746479014542,,31.9,18.2,7.8,2.6016118897064,,,,1
TCD,Chad,TD,2023,989.058528968588,19.10768502089,,,,,101.131521736149,58.6875293416062,31.3879207689826,,,,,3.20149725837724,,,,1
TGO,Togo,TG,2000,409.889802792768,2.10684875227753,,,,,119.591887130157,70.7898064376395,36.6799916252934,15.76,,,,2.77644991874695,,,,1
TGO,Togo,TG,2001,396.692654520135,2.09349867449678,,,,,115.991780032873,68.7211805169371,35.8709451366458,15.73,,,,2.66750001907349,,,,1
TGO,Togo,TG,2002,445.238691488925,2.41019903243102,,,,,112.522514921872,66.6963425384156,35.046387688718,15.69,,,,2.4695200920105,,,,1
TGO,Togo,TG,2003,538.16537776929,2.98798405099318,,,,,109.118376918245,64.7228286905271,34.2592122886056,15.66,,,,2.35524988174439,,,,1
TGO,Togo,TG,2004,560.266308533382,3.19156150869088,,,,,105.86149002657,62.8287280825086,33.5403679987447,15.64,,,,2.20198011398315,9.30569914816789,,,1
TGO,Togo,TG,2005,551.259850017077,3.22191040846516,,,,,102.719048101965,61.0338341481307,32.8261777098923,15.63,,,,2.23748993873596,10.5376711963862,,,1
TGO,Togo,TG,2006,552.50227125256,3.32090772174508,42.2,67.2,79.8,94.8,99.7189999893334,59.3450391812737,32.1228293924337,15.61,35.0,,,2.43237996101379,11.5125384057586,,,1
TGO,Togo,TG,2007,607.588224471809,3.75996494338078,,,,,96.9033260884136,57.7226081616867,31.4027329280164,15.58,,,,2.48604011535644,11.6444432316601,,,1
TGO,Togo,TG,2008,718.948786366771,4.57884965799813,,,,,94.1056453045033,56.1374237140765,30.7020071371256,15.51,26.9,20.5,6.0,2.38472008705139,9.60449189290675,,,1
TGO,Togo,TG,2009,720.694168794129,4.72189090022635,,,,,91.3984479884963,54.5721680806117,30.0708573798062,15.41,27.0,16.6,6.1,2.76807999610901,10.5434134645921,,,1
TGO,Togo,TG,2010,704.987164181378,4.7463895316959,,,,,88.6534416713207,52.9913442447545,29.4835919030963,15.3,35.4,19.5,5.0,2.95977997779846,10.2474183569813,,,1
TGO,Togo,TG,2011,783.989380490906,5.42244216644146,46.0,65.2,77.5,93.6,85.9470250195426,51.4062076562043,28.8959747022558,15.17,,,,3.07750010490417,10.8080463782654,,,1
TGO,Togo,TG,2012,762.392047587088,5.41354465841535,,,,,83.2877484660049,49.8244588779659,28.3600231874722,15.06,26.2,16.5,5.5,3.37651991844177,12.5172538495563,,,1
TGO,Togo,TG,2013,826.543259457126,6.02173297726584,,,,,80.6971085523714,48.306393211901,27.8437565657207,14.95,,,,3.17475008964539,12.8302678943147,,Low,1
TGO,Togo,TG,2014,855.585284856656,6.39331826182712,,,,,78.0908723079278,46.811861958033,27.3535762254636,14.84,33.3,18.8,6.8,3.4237699508667,11.5546462254895,1.794657468795776,,1
TGO,Togo,TG,2015,751.052405084336,5.75546103538026,43.0,61.5,76.0,94.2,75.5915360604258,45.3715807727234,26.8420838690399,14.73,,,,3.71097993850708,12.9253756844092,,,1
TGO,Togo,TG,2016,772.581787093976,6.07117095912093,,,,,73.1909769292306,44.0013907509747,26.3892269889882,14.63,,,,3.6624801158905,13.6105290587947,,,1
TGO,Togo,TG,2017,792.765487219069,6.38742251769225,,,,,70.8731347111369,42.6923831333456,25.854610766831,14.54,29.7,18.1,5.8,3.76526999473572,11.5121383933709,,,1
TGO,Togo,TG,2018,851.130806891807,7.02930038308031,42.5,35.1,54.3,84.1,68.5785254049994,41.4214992456669,25.3531043292419,14.44,,,,4.09162998199463,13.6291888351152,,,1
TGO,Togo,TG,2019,826.260654099894,6.99270010137188,,,,,66.3164186449665,40.2074023091227,24.8849317998417,14.36,,,,4.20164196626882,13.3963670222042,,,1
TGO,Togo,TG,2020,853.578220263722,7.40028416778479,,,,,64.2700091312709,39.0930385741956,24.4601970593862,14.28,,,,4.08528017372931,14.4035059657002,,,1
TGO,Togo,TG,2021,939.613373786407,8.34224364594438,37.9,34.4,55.3,86.8,62.2124782194279,37.9688409562677,23.9983105136197,,,,,4.22702442483079,13.4917127567891,,,1
TGO,Togo,TG,2022,898.758154410712,8.16947614895692,,,,,60.2442499685385,36.8966779423556,23.5009980217588,,,,,3.77811083266775,16.155575422123,,,1
TGO,Togo,TG,2023,985.697512629974,9.17126183757102,,,,,58.2898159288672,35.8513117214017,23.0835982894809,,,,,4.14281885166484,16.9934097189727,,,1
THA,Thailand,TH,2000,2005.97694514234,126.392224253794,42.8,8.4,23.1,61.2,21.7816875015961,18.5469090990693,12.1288657090764,11.03,,,,5.25345993041992,13.5039212437522,,,1
THA,Thailand,TH,2001,1889.93432467144,120.296476180402,,,,,20.7552817782493,17.6922250202023,11.5471028960416,11.01,,,,4.81787014007568,15.7434569460324,,,1
THA,Thailand,TH,2002,2089.75183111554,134.300904400022,41.9,4.7,16.1,53.3,19.8083969337506,16.8967337628424,10.994059260168,10.97,,,,3.86491990089417,20.1914554917214,,,0
THA,Thailand,TH,2003,2347.54001286066,152.280615245887,,,,,18.9162412860479,16.1392400845719,10.4921763597868,10.91,,,,3.72561001777649,14.8543666875635,,,0
THA,Thailand,TH,2004,2641.56268717857,172.895685154658,42.5,3.1,11.9,46.7,18.0865366855139,15.4494053779373,10.0173991733468,10.84,,,,4.03088998794556,15.4915595237061,,,0
THA,Thailand,TH,2005,2867.70383436062,189.318408468595,,,,,17.3021843615931,14.79126994428,9.58241916153726,10.78,,,,3.93859004974365,15.3149810274229,,,0
THA,Thailand,TH,2006,3331.32043511773,221.758296021621,41.8,2.2,8.4,39.5,16.5774476216963,14.1753197364442,9.17562487527169,10.72,17.3,7.9,4.8,4.05038022994995,15.0648962132471,,Very_Low,0
THA,Thailand,TH,2007,3918.52817434581,262.942621455053,39.8,1.3,6.5,37.4,15.9177163787349,13.6176451558292,8.78713200092377,10.67,,,,3.60314989089966,16.5511413907824,,,0
THA,Thailand,TH,2008,4309.13509292986,291.38298243095,40.3,1.0,5.2,35.2,15.2826374668445,13.0879192091958,8.42111787599479,10.63,,,,3.50850009918213,17.0589483038353,,,0
THA,Thailand,TH,2009,4135.43986952819,281.710630187319,39.6,0.8,4.4,32.2,14.7052915841409,12.6014175539391,8.08811256458355,10.59,,,,3.86193990707398,18.411805894126,,,0
THA,Thailand,TH,2010,4973.86288823778,341.10476632917,39.4,0.7,3.8,30.0,14.1677610027542,12.1580024490405,7.79256221203937,10.55,,,,3.50844001770019,17.4114153723881,,,0
THA,Thailand,TH,2011,5373.6232832898,370.818739623622,37.5,0.3,2.0,25.5,13.6571021125465,11.7289236357287,7.5082372134278,10.53,,,,4.80555009841919,19.41745835874,,,0
THA,Thailand,TH,2012,5725.52802835463,397.558325278579,39.3,0.4,2.3,24.9,13.1778393838842,11.3330229301103,7.23895428011111,10.52,18.2,10.3,6.6,4.53670978546143,18.6216196174385,,,0
THA,Thailand,TH,2013,6018.08244729255,420.333654592547,37.8,0.2,1.7,21.8,12.7267704539772,10.9582550115499,6.99710898508453,10.51,,,,4.12402009963989,19.817256200685,,,0
THA,Thailand,TH,2014,5801.1978916205,407.339040197651,37.0,0.2,1.4,20.9,12.2966751334221,10.6053251339864,6.77411329659199,10.49,,,,3.91917751852112,19.9952273274915,,,0
THA,Thailand,TH,2015,5688.85335397884,401.296238228084,36.0,0.1,0.8,16.9,11.8895581233996,10.268485932726,6.56769865645242,10.47,,,,3.86397622727286,19.3927758672544,0.4392139017581939,,0
THA,Thailand,TH,2016,5833.57715617098,413.366349747508,36.7,0.1,1.0,17.9,11.5031930233166,9.95108611773769,6.36568627964408,10.43,11.0,7.8,6.0,3.76761756770937,19.6652964019127,,,0
THA,Thailand,TH,2017,6413.09182530343,456.356813536764,36.4,0.1,0.8,17.2,11.1326864091747,9.64343827043753,6.18222373322646,10.38,,,,3.46532147640365,19.122663547864,,,0
THA,Thailand,TH,2018,7099.77650081458,506.754208404485,36.4,0.1,0.9,17.8,10.7774185285242,9.35571933205069,6.00312935874231,10.34,,,,3.19769395901619,19.0196942606136,,,0
THA,Thailand,TH,2019,7605.69657797759,543.976691793886,34.9,0.1,0.6,15.2,10.4223523522217,9.05902249835266,5.83037874922913,10.31,13.1,8.3,8.2,3.02221411183282,18.6665827342784,,,0
THA,Thailand,TH,2020,6985.64393892574,500.461898480246,35.0,0.1,0.6,15.1,10.1046659585209,8.79874227097267,5.66819181982519,10.3,,,,3.15314171737183,22.8313574596558,,,0
THA,Thailand,TH,2021,7057.20754802279,506.194668789937,34.9,0.0,0.5,14.1,9.7912354749969,8.53728628918766,5.51531662542605,,,,,2.98212428478268,25.1329943719962,,,0
THA,Thailand,TH,2022,6909.35281815827,495.644697587661,34.3,0.0,0.2,9.9,9.49174798849344,8.28171876706159,5.35475646750429,,12.6,6.8,6.6,2.61187022798634,22.2320443948162,,,0
THA,Thailand,TH,2023,7195.10130919449,515.906283940933,33.5,0.0,0.1,9.9,9.21389003267474,8.04786905278131,5.20184768253358,,,,,2.52122219628772,20.7664684607695,,,0
TJK,Tajikistan,TJ,2000,136.925716400723,0.860541842263697,,,,,79.7137938452315,62.2066191404613,28.2090445312076,10.11,42.1,,9.4,2.32871007919311,8.9553366541669,,,1
TJK,Tajikistan,TJ,2001,168.676285365186,1.08077255129432,,,,,73.4064205744668,57.4702921682205,27.0800596943389,10.05,43.2,,19.4,2.37659001350403,9.48158982759966,,,1
TJK,Tajikistan,TJ,2002,186.951638285222,1.2211062202868,,,,,67.4593531241443,52.9796379464038,25.8630993969521,9.99,37.1,,6.1,2.77578997612,,,,1
TJK,Tajikistan,TJ,2003,233.58124845289,1.5553182614172,32.7,56.0,76.2,96.4,61.8057613800806,48.711075860541,24.7309587781944,9.92,42.4,,5.9,2.42078995704651,11.1684588566388,,,1
TJK,Tajikistan,TJ,2004,305.745158587502,2.07617686941089,33.6,37.2,59.7,90.5,56.7115949639158,44.8469566012916,23.7746283575469,9.85,,,,2.77203011512756,13.7474421545895,,,1
TJK,Tajikistan,TJ,2005,333.927150941684,2.3123520206689,,,,,52.1529513025856,41.3769897706353,23.0429718414468,9.78,33.1,20.9,8.7,3.51213002204895,,,,1
TJK,Tajikistan,TJ,2006,401.018403316427,2.8302138486203,,,,,48.1700166380106,38.3427295526487,22.4424520280796,9.71,,,,3.40350008010864,,,,1
TJK,Tajikistan,TJ,2007,516.997210618914,3.71952454086192,32.2,24.2,48.2,89.7,44.7182016333,35.7019938681755,21.9524330680836,9.63,39.3,18.3,6.9,3.41326999664307,,,,1
TJK,Tajikistan,TJ,2008,703.327375898643,5.16129972527673,,,,,41.7271613064238,33.4235068671067,21.417303514274,9.56,,,,3.45983004570007,,,,1
TJK,Tajikistan,TJ,2009,664.795655734657,4.97947236445339,30.8,15.7,37.1,82.0,39.2170414439144,31.5212745295271,20.7962190276176,9.49,28.8,8.4,4.2,4.0983099937439,,,,1
TJK,Tajikistan,TJ,2010,737.338883219356,5.64222109917704,,,,,37.0265272443488,29.8565596803328,20.029881017218,9.41,,,,4.00675010681152,,,,1
TJK,Tajikistan,TJ,2011,833.601978202852,6.522756255012,,,,,35.1665626247285,28.4404943480654,19.1642178830274,9.34,,,,3.93511009216309,,,,1
TJK,Tajikistan,TJ,2012,952.452819695469,7.63303690307634,,,,,33.5660624056805,27.2299514044339,18.2872240850701,9.28,26.9,17.6,9.9,4.01803016662598,,,,1
TJK,Tajikistan,TJ,2013,1028.19704279396,8.44841131825417,,,,,32.260866755228,26.2530637766904,17.4854346682897,9.22,,,,5.29397617900035,,,,1
TJK,Tajikistan,TJ,2014,1081.54402932039,9.11260545932845,,,,,31.1635553725595,25.4483990268568,16.7737629559612,9.16,,,,5.59398898966753,,,,1
TJK,Tajikistan,TJ,2015,956.916310930656,8.27143148507483,34.0,13.3,29.8,74.1,30.200129527202,24.7298150431344,16.2766573427921,9.09,,,,4.96774005889893,,,,1
TJK,Tajikistan,TJ,2016,788.710481734485,6.99241609689018,,,,,29.3879209310872,24.1371749186568,15.8374757867193,9.02,19.6,6.4,3.5,5.73094142576332,,,,1
TJK,Tajikistan,TJ,2017,829.45714764957,7.53640285285802,,,,,28.7746174580801,23.7005084423686,15.3628629960798,8.94,17.5,8.4,5.6,5.54471764262202,,0.8970732092857361,,1
TJK,Tajikistan,TJ,2018,834.288404578801,7.76499999945362,,,,,28.3455789386104,23.4190152759334,14.8941183089645,8.87,,,,5.38508736377556,,,,1
TJK,Tajikistan,TJ,2019,871.022372934846,8.3008135993084,,,,,28.1152797943773,23.2862521775471,14.4019089553822,8.79,,,,5.48427628435415,,,,1
TJK,Tajikistan,TJ,2020,834.311715460625,8.13396355065742,,,,,27.9883920241564,23.2367843314679,13.9838082615276,8.72,,,,5.13516829187823,,,,1
TJK,Tajikistan,TJ,2021,896.748053372182,8.93780534713963,32.4,9.1,22.6,64.9,27.8585908453306,23.1919043491596,13.5610112630717,,,,,4.38253082077599,12.4572895743117,,,1
TJK,Tajikistan,TJ,2022,1052.17949484894,10.7135252003998,39.5,8.9,18.9,59.7,27.667248901182,23.101074811486,13.0825139392536,,,,,5.39829770599001,10.6910715593023,,,1
TJK,Tajikistan,TJ,2023,1178.47990060249,12.2441692927998,38.0,7.3,18.1,55.7,27.3211713922537,22.8687710409275,12.6484447761705,,13.7,5.2,6.4,5.43682120015444,11.0194157341873,,,1
TKM,Turkmenistan,TM,2000,633.835487638011,2.9046633109825,,,,,69.7496109870306,58.3253380091235,29.7164784167629,5.87,29.1,11.3,7.9,,,,,1
TKM,Turkmenistan,TM,2001,756.034976276398,3.53477273239746,,,,,66.0865361156762,55.0074063284222,29.1374746522644,5.79,,,,,,,,1
TKM,Turkmenistan,TM,2002,935.540801478466,4.46202910872349,,,,,62.3789604801277,51.7120279736142,28.4766043292797,5.71,,,,,,,,1
TKM,Turkmenistan,TM,2003,1228.94870289404,5.97744058280171,,,,,58.8461065980583,48.5700610641416,27.6784216881644,5.62,,,,,,,,1
TKM,Turkmenistan,TM,2004,1379.23009682692,6.83835108846688,,,,,55.5661406230957,45.6752376955332,26.7637213690431,5.54,,,,,,,,1
TKM,Turkmenistan,TM,2005,1604.01618452312,8.10390199637024,,,,,52.4986933561393,42.9797896665791,25.9184134088491,5.46,,,,,,,,1
TKM,Turkmenistan,TM,2006,1996.59310717308,10.2766743648961,,,,,49.8797746344068,40.6689586107075,25.1172055923434,5.37,19.8,9.8,6.8,,,,,1
TKM,Turkmenistan,TM,2007,2414.96071986964,12.6641651031895,,,,,47.7014619179688,38.7347208062064,24.4296790187218,5.29,,,,,,,,1
TKM,Turkmenistan,TM,2008,3605.50395120549,19.2715231788079,,,,,45.9590590680478,37.1534277328307,23.923069777331,5.21,,,,,,,,1
TKM,Turkmenistan,TM,2009,3707.97850699617,20.2143859649123,,,,,44.5430727008936,35.8708911346819,23.5389333642676,5.13,,,,,,,,1
TKM,Turkmenistan,TM,2010,4058.53937000739,22.5831578947368,,,,,43.5621511607668,34.9473233856662,23.2849603433153,5.05,,,,,,,,1
TKM,Turkmenistan,TM,2011,5143.61929334647,29.2333333333333,,,,,42.9212919790278,34.2962432880197,23.1127351219648,4.98,,,,,,,,1
TKM,Turkmenistan,TM,2012,6053.8748468749,35.1642105263158,,,,,42.5384879547951,33.8660978266671,23.0991294472501,4.9,,,,3.04924988746643,,,,1
TKM,Turkmenistan,TM,2013,6599.64529055481,39.1975438596491,,,,,42.4729139926551,33.6756960476557,23.150955538127,4.83,,,,,,,,1
TKM,Turkmenistan,TM,2014,7164.14536184006,43.5242105263158,,,,,42.548786817081,33.6081468677443,23.3568568854329,4.75,,,,,,,,1
TKM,Turkmenistan,TM,2015,5759.497903834,35.7997142857143,,,,,42.9140142936255,33.7681907863724,23.7129957468612,4.67,11.1,2.7,4.3,,,0.3845421373844147,,1
TKM,Turkmenistan,TM,2016,5686.98040962764,36.1694285714286,,,,,43.3302278500948,33.9944763689222,24.0582788245204,4.6,,,,,,,,1
TKM,Turkmenistan,TM,2017,5828.4816623489,37.9262857142857,,,,,43.6648990223416,34.1630159561243,24.2729977153323,4.52,,,,,,,,1
TKM,Turkmenistan,TM,2018,6125.05169712085,40.7654285714285,,,,,43.6489079993219,34.0746704121457,24.3510036279061,4.44,,,,,,,,1
TKM,Turkmenistan,TM,2019,6648.0348960628,45.2328571428571,,,,,43.3012712712035,33.7688391174294,24.2706845307845,4.36,8.0,3.8,4.1,3.12054991722107,,,,1
TKM,Turkmenistan,TM,2020,6592.60146027748,45.818,,,,,42.5990397325944,33.2037718690393,24.0137967563497,4.29,,,,3.76267004013061,,,,1
TKM,Turkmenistan,TM,2021,7051.20211079213,50.0074285714286,,,,,41.8227482045427,32.6167048526751,23.6263526774111,,,,,3.8489100933075,,,,1
TKM,Turkmenistan,TM,2022,8156.35211950774,58.972,,,,,40.9647546202246,31.9776553903365,23.2625067051237,,,,,3.58004999160767,,,,1
TKM,Turkmenistan,TM,2023,8232.65225980002,60.6288571428571,,,,,39.9547008205057,31.2279114041644,22.8492313663843,,,,,2.71291995048523,,,,1
TLS,Timor-Leste,TL,2000,492.457669429651,0.3669243,,,,,110.523063745232,83.9110319406101,38.814626947237,19.14,,,,,,,,1
TLS,Timor-Leste,TL,2001,587.804355560918,0.4774435,35.9,55.7,74.3,95.1,105.54380534249,79.8755946364765,37.191325480826,18.99,,,,,,,,1
TLS,Timor-Leste,TL,2002,533.982476434866,0.4694555,,,,,100.710754725739,75.9822305074004,35.6512464810506,18.87,58.1,42.9,14.5,,,,,1
TLS,Timor-Leste,TL,2003,534.901153697657,0.4904391,,,,,96.0847271014256,72.2420160340507,34.2177499928878,18.73,54.8,41.5,14.3,,,,,1
TLS,Timor-Leste,TL,2004,474.420767344689,0.440772,,,,,91.6979299316082,68.7109089465485,32.9499081778462,18.47,,,,,,,,1
TLS,Timor-Leste,TL,2005,487.464555404292,0.462268,,,,,87.5332383566409,65.3381406466441,31.7519309378926,18.06,,,,,,,,1
TLS,Timor-Leste,TL,2006,464.667001844159,0.4537924,,,,,83.6448651514001,62.2147707194151,30.6908310510752,17.67,,,,,,,,1
TLS,Timor-Leste,TL,2007,540.154584237662,0.5427954,27.8,60.1,81.9,98.5,80.0728920008533,59.3465322647938,29.8488102762997,17.3,54.1,45.9,20.8,,,,,1
TLS,Timor-Leste,TL,2008,628.153219252849,0.6485236,,,,,76.7993260582464,56.677615153045,29.0664410326603,16.99,,,,8.67014980316162,,,,1
TLS,Timor-Leste,TL,2009,686.579295832381,0.7269378,,,,,73.8110838967545,54.267097403527,28.3674213776577,16.83,59.8,47.5,20.0,12.9024801254272,,,,1
TLS,Timor-Leste,TL,2010,813.060177250597,0.8819093,,,,,71.1155007229253,52.074540829341,27.720936815553,16.73,,,,11.1065797805786,83.6080309044252,,,1
TLS,Timor-Leste,TL,2011,939.045241112693,1.0425346,,,,,68.5716766016131,50.026593973143,27.0775711955877,16.72,,,,10.1935195922852,70.6068504989667,,,1
TLS,Timor-Leste,TL,2012,1022.61903188429,1.160555,,,,,66.315723976495,48.2440025952448,26.4604186226656,16.84,,,,7.16214990615845,78.1501299251651,,,1
TLS,Timor-Leste,TL,2013,1204.56841532931,1.3957274,,,,,64.2301057995492,46.5908487758213,25.947936667858,17.03,55.6,39.0,9.3,5.66632986068726,62.9205960992096,,,1
TLS,Timor-Leste,TL,2014,1224.74957758801,1.4475352,28.7,43.9,71.3,96.0,62.3466019376383,45.1072624699004,25.4429807060794,17.32,49.2,32.4,12.2,7.51430988311768,67.3608120894055,,,1
TLS,Timor-Leste,TL,2015,1319.59297370991,1.5902824,,,,,60.645719566077,43.7780587322567,25.0249357158007,17.68,,,,8.46706962585449,73.2817837259596,,,1
TLS,Timor-Leste,TL,2016,1335.54390089814,1.6404646,,,,,59.1374306830146,42.6144344330251,24.6879543960138,17.98,,,,8.12837982177734,70.095568563841,1.099908113479614,,1
TLS,Timor-Leste,TL,2017,1266.17767952941,1.5848784,,,,,57.7712629092957,41.5698633313277,24.3982034754184,18.17,,,,7.17093992233276,57.0566069567352,,,1
TLS,Timor-Leste,TL,2018,1219.46599728983,1.55598861443594,,,,,56.6310973820141,40.6952020806734,24.1167310511592,18.25,,,,6.848060131073,56.9399591788728,,,1
TLS,Timor-Leste,TL,2019,1562.36458068032,2.03255038941316,,,,,55.5290458338654,39.8585004355828,23.7707631822592,18.24,,,,4.17968913742937,49.0454451316042,,,1
TLS,Timor-Leste,TL,2020,1630.86938521256,2.16261924086926,,,,,54.2189574758093,38.8992625612421,23.4228928661985,18.21,52.8,33.4,7.6,3.65287360437751,52.1860724771251,,,1
TLS,Timor-Leste,TL,2021,2684.82702378987,3.62488967307263,,,,,52.8445129647995,37.9122250737504,23.0061110237334,,,,,2.97389404101318,41.1970542290457,,,1
TLS,Timor-Leste,TL,2022,2343.24523350389,3.2085939820107,,,,,51.421468363419,36.9184771143422,22.6002186048134,,,,,,52.4935981093365,,,1
TLS,Timor-Leste,TL,2023,1502.51964514186,2.07991690949485,,,,,49.9533703314513,35.9270397933545,22.2099428387171,,,,,5.24052834781801,,,,1
TON,Tonga,TO,2000,1995.07667546271,0.204848487806484,37.7,4.6,9.7,40.5,16.9746867189471,13.7987511284833,7.19726915034388,,,,,4.87807989120483,,,,0
TON,Tonga,TO,2001,1753.51667576626,0.181117230406546,,,,,16.5404671051556,13.4387821046917,7.00842851568205,,,,,4.47756004333496,,,,0
TON,Tonga,TO,2002,1759.4805324576,0.182764280828501,,,,,16.0846174552593,13.0673506620085,6.81199603473327,,,,,3.79500007629394,,,,0
TON,Tonga,TO,2003,1936.04104012389,0.202246591215501,,,,,15.6437406634655,12.703176140257,6.61234981741523,,,,,4.15952014923096,,,,0
TON,Tonga,TO,2004,2195.44890047673,0.23067801142199,,,,,15.2229903366348,12.3525971191027,6.41906334560655,,,,,3.91376996040344,,,,0
TON,Tonga,TO,2005,2477.72620144825,0.261823805433238,,,,,14.8274478720298,12.0140276576509,6.23647653488137,,,,,,,,,0
TON,Tonga,TO,2006,2750.34778600857,0.292232703306768,,,,,14.43094928851,11.6848560759405,6.06369200334616,,,,,,,,,0
TON,Tonga,TO,2007,2797.06560109144,0.298519623342085,,,,,14.0578195354185,11.3734490765909,5.89876728367815,,,,,,,,,0
TON,Tonga,TO,2008,3218.45303993196,0.344438844333518,,,,,13.7249381001329,11.0945722024412,5.75360717532862,,,,,,,,,0
TON,Tonga,TO,2009,2914.23774004564,0.312415028446112,37.5,3.6,10.8,45.4,13.4202321185771,10.8421392696067,5.61971457988931,,,,,,,,,0
TON,Tonga,TO,2010,3416.08356601207,0.366887374989696,,,,,13.130998163268,10.5986679587486,5.50609738910513,,,,,,,,,0
TON,Tonga,TO,2011,3849.99375750134,0.414143828494419,,,,,12.862474093841,10.3696502500163,5.41136100124384,,,,,,,,,0
TON,Tonga,TO,2012,4384.17058724217,0.471122971305043,,,,,12.6144845344118,10.1713496243086,5.34017789633171,,8.1,1.5,5.2,,,,,0
TON,Tonga,TO,2013,4219.24670113014,0.451788498263614,,,,,12.3847738340689,9.98541534797526,5.27833180257936,,,,,,27.6506577630826,,,0
TON,Tonga,TO,2014,4136.59010898445,0.440997734928722,,,,,12.1669725185712,9.80593863146031,5.22766032348661,,,,,,30.3775521071868,,,0
TON,Tonga,TO,2015,4123.90347238813,0.437525538903019,33.5,4.0,15.1,55.3,11.9355158359692,9.61349430690632,5.18040383515085,,,,,,30.2267583338092,,,0
TON,Tonga,TO,2016,3987.98618837043,0.420828254541601,,,,,11.6845137384489,9.40852972675766,5.10129755632239,,,,,,31.1425879178705,,,0
TON,Tonga,TO,2017,4365.92929788648,0.459976847108128,,,,,11.4675401331142,9.23101787015768,5.01841519043858,,,,,4.63626808288478,31.8933112724309,,,0
TON,Tonga,TO,2018,4638.8978542585,0.489714529780507,,,,,11.2321877720619,9.04174593627952,4.91618039682321,,,,,4.71514397196975,31.3195421988948,,,0
TON,Tonga,TO,2019,4676.84802517145,0.494197853971842,,,,,10.997932384457,8.85080218435423,4.82387130472101,,2.2,0.7,1.1,4.86170396202671,31.3711424619493,,,0
TON,Tonga,TO,2020,4700.44940541029,0.496856303949489,,,,,10.7503232377949,8.66419332243001,4.71124342739877,,,,,5.04883511346915,32.1063115646817,,,0
TON,Tonga,TO,2021,4912.57966349119,0.518228028701685,27.1,0.4,1.8,26.7,10.4759865489596,8.44691840526723,4.58643248140625,,,,,5.162544372426,36.0759029323172,,,0
TON,Tonga,TO,2022,4933.07466930785,0.518180029413435,,,,,10.1972889390234,8.23297146102473,4.4645315951307,,,,,5.31016278046634,42.9119309975739,,,0
TON,Tonga,TO,2023,4863.76384632192,0.508735107033734,,,,,9.92969424074175,8.02937448141083,4.33699861845407,,,,,,40.2672378002017,,,0
TTO,Trinidad and Tobago,TT,2000,6178.58975559687,8.15434211610311,,,,,28.8405901199127,26.1226103179988,19.7005377112176,15.07,9.2,6.2,4.5,2.75565004348755,,,,1
TTO,Trinidad and Tobago,TT,2001,6657.41466937221,8.8248491910357,,,,,28.444588643403,25.7552701635175,19.4447848657752,15.11,,,,3.06528997421265,23.8616266597827,,,1
TTO,Trinidad and Tobago,TT,2002,6762.93080808096,9.00829822860273,,,,,28.0539229290217,25.3974738649135,19.176555812147,15.17,,,,3.54300999641419,24.9003375377509,,,1
TTO,Trinidad and Tobago,TT,2003,8445.04653518298,11.3054598020683,,,,,27.6433026481473,25.0231688678601,18.8952589771497,15.23,,,,3.13660001754761,22.0993691073361,,,1
TTO,Trinidad and Tobago,TT,2004,9871.03419820086,13.2802919895755,,,,,27.2414238475508,24.6558842731304,18.62092064299,15.29,,,,,22.6183444973216,,,1
TTO,Trinidad and Tobago,TT,2005,12346.4373094075,15.9823890184041,,,,,26.82590520675,24.2716539176621,18.325793898124,15.37,,,,,22.6525128974759,,,1
TTO,Trinidad and Tobago,TT,2006,14152.6607422113,18.3693610943886,,,,,26.3814606002551,23.8610940300986,17.9960443993404,15.43,,,,,29.5059775859218,,Low,1
TTO,Trinidad and Tobago,TT,2007,16606.675360681,21.6416200499352,,,,,25.9474345243632,23.4550434677832,17.6784619968099,15.5,,,,,24.5123674266625,,,1
TTO,Trinidad and Tobago,TT,2008,21298.9945258063,27.8715873495413,,,,,25.5035502775676,23.0332447391528,17.377304132674,15.58,,,,,26.4320498016969,,,1
TTO,Trinidad and Tobago,TT,2009,14634.0565003912,19.1721652255014,,,,,25.0667555974819,22.6283968705848,17.0882707184115,15.66,,,,,33.0138554038054,,,1
TTO,Trinidad and Tobago,TT,2010,16815.424737361,22.1579205923669,,,,,24.6636209682665,22.2578762890157,16.7943663712828,15.75,,,,4.21155458844183,30.6976810034827,,,1
TTO,Trinidad and Tobago,TT,2011,19151.0870229722,25.4330074371604,,,,,24.2563880969644,21.8906416159224,16.5061337942111,15.83,8.8,6.4,6.9,3.85078840215008,27.3237231592599,,,1
TTO,Trinidad and Tobago,TT,2012,20332.1389531925,27.1473499374689,,,,,23.8493856165075,21.5279978565726,16.2323010355394,15.91,,,,3.57398000577018,28.5234295252083,,,1
TTO,Trinidad and Tobago,TT,2013,21304.9776454565,28.5605369174602,,,,,23.4651862954284,21.1718346971265,15.9497335882167,16.0,,,,3.75275872925405,29.4421981273792,,,1
TTO,Trinidad and Tobago,TT,2014,21908.3017802988,29.4741804420125,,,,,23.0357639291285,20.7861499213669,15.6476007320688,16.08,,,,3.59013796983043,31.09831776071,,,1
TTO,Trinidad and Tobago,TT,2015,19887.2337359338,26.8411430946765,,,,,22.6210542323706,20.4062788307111,15.3593316584639,16.15,,,,4.42459330779419,33.5480353343157,,,1
TTO,Trinidad and Tobago,TT,2016,17449.1623528186,23.6243336636693,,,,,22.223125758155,20.0540438256565,15.0635316101942,16.2,,,,4.21428227509361,33.4266790808329,,,1
TTO,Trinidad and Tobago,TT,2017,17578.6417765865,23.8477655292959,,,,,21.8100317503506,19.676678040777,14.7667871880158,16.23,,,,3.3293687903123,33.0192034944225,,,1
TTO,Trinidad and Tobago,TT,2018,17575.8042838042,23.8889101519166,,,,,21.4367685832833,19.3403088322884,14.4796788251509,16.26,,,,3.47141762674052,31.347757079533,,,1
TTO,Trinidad and Tobago,TT,2019,17293.4730123427,23.5880377867402,,,,,21.0331959841592,18.9762145342109,14.1898840421325,16.27,,,,3.55386116245268,33.161224018351,,,1
TTO,Trinidad and Tobago,TT,2020,15358.8612973066,20.9913397065613,,,,,20.6139547014111,18.5962539368233,13.9109888717521,16.27,,,,4.2576699256897,,,,1
TTO,Trinidad and Tobago,TT,2021,17679.1812561341,24.1773057602762,,,,,20.1214052683523,18.1474325042923,13.5759856410528,,,,,3.00432991981506,,,,1
TTO,Trinidad and Tobago,TT,2022,20874.37682915,28.5103282451372,,,,,19.5601703621055,17.644864339594,13.2156619149189,,,,,2.67331004142761,,,,0
TTO,Trinidad and Tobago,TT,2023,18639.259241294,25.4893734050619,,,,,19.0715797423046,17.2114295479984,12.8602223730337,,,,,3.01114988327026,,,,0
TUN,Tunisia,TN,2000,2199.04465936314,21.4735281607782,40.8,10.5,22.1,57.3,29.184614609627,23.917708395077,17.1869618243666,7.81,16.8,3.5,2.9,6.20196008682251,25.0212343799901,,,1
TUN,Tunisia,TN,2001,2235.71981624751,22.0658324488623,,,,,27.2298750280123,22.6870968255718,16.1361560854096,7.83,,,,6.20184993743896,24.8327369402515,,,1
TUN,Tunisia,TN,2002,2320.7723805785,23.1416166045242,,,,,25.4817662861877,21.5446015145529,15.2266216466325,7.85,,,,5.79006004333496,25.6689725602714,,,1
TUN,Tunisia,TN,2003,2725.8643148859,27.4539022614628,,,,,23.9778751538719,20.5305159050561,14.468239507299,7.87,,,,6.81675004959106,25.3697714654032,,,1
TUN,Tunisia,TN,2004,3067.41936376975,31.1838852414396,,,,,22.690124961075,19.6364484752732,13.8298375535845,7.89,,,,6.72078990936279,25.7754547678206,,,1
TUN,Tunisia,TN,2005,3146.8260743927,32.2721866948043,37.7,5.9,14.5,49.0,21.5986492069974,18.8564123852108,13.2825360377202,7.91,,,,6.4515700340271,26.1510353227771,,,1
TUN,Tunisia,TN,2006,3322.56933570096,34.3766646005898,,,,,20.6955291985343,18.1939387423576,12.8596781708502,7.94,12.7,4.5,3.7,6.43879985809326,25.8520156831205,,,1
TUN,Tunisia,TN,2007,3726.91672935667,38.915353866757,,,,,19.9781498245242,17.6548255118009,12.5237802086399,7.96,,,,6.46451997756958,26.172126462714,,,1
TUN,Tunisia,TN,2008,4255.05008019523,44.8594399022191,,,,,19.4170899746743,17.22039247225,12.2717951896552,7.99,,,,6.27157020568848,27.3249965625294,,,0
TUN,Tunisia,TN,2009,4080.09032448781,43.455740497306,,,,,19.0006589325372,16.8876091502855,12.1108565987768,8.01,,,,6.528480052948,27.8842548724206,,,0
TUN,Tunisia,TN,2010,4291.86120891575,46.2060919379628,38.5,3.1,8.2,34.6,18.7175889379685,16.6509771673462,12.0239698133205,8.04,,,,5.96306991577148,26.738524994179,,,0
TUN,Tunisia,TN,2011,4420.64772206537,48.1233258250739,,,,,18.5236543334634,16.4720231836855,11.9839467402914,8.06,,,,,32.9045333238864,,,0
TUN,Tunisia,TN,2012,4297.26782454273,47.3114018126733,,,,,18.405113658555,16.3429543970219,11.9917350951539,8.09,13.6,2.4,2.4,5.95086002349854,33.7641230227092,,Low,0
TUN,Tunisia,TN,2013,4369.79345826358,48.685446413953,,,,,18.3372553468769,16.2428804317914,12.0304490441982,8.12,,,,,,,,0
TUN,Tunisia,TN,2014,4458.97895464547,50.271812920612,,,,,18.2828650301488,16.1368772500366,12.0727255752558,8.14,,,,,,,,0
TUN,Tunisia,TN,2015,4014.94773686432,45.7794940419294,32.8,0.7,2.8,23.7,18.2220956123766,16.0091671627594,12.1163060250893,8.16,,,,6.22044992446899,,,,0
TUN,Tunisia,TN,2016,3847.80354448809,44.3600726804476,,,,,18.1201797871762,15.829103858924,12.0893744383953,8.17,,,,,,,,0
TUN,Tunisia,TN,2017,3619.03247319953,42.1635305909462,,,,,17.9140865961657,15.5470893869585,11.9352740984013,8.19,,,,,,,,0
TUN,Tunisia,TN,2018,3628.10366464236,42.686504459801,,,,,17.5180142062773,15.0875189190589,11.6055341495238,8.2,9.8,1.6,2.1,,,0.4141342043876648,,0
TUN,Tunisia,TN,2019,3528.87213306798,41.905642418825,,,,,16.8647006430434,14.3987445464723,11.0883769117119,8.22,,,,6.17373240410185,,,,0
TUN,Tunisia,TN,2020,3548.65363663803,42.491780918361,,,,,15.9819707825121,13.5122974732857,10.4467839380339,8.24,,,,7.26507545467782,,,,0
TUN,Tunisia,TN,2021,3906.93926319391,47.0732343591819,33.7,0.7,2.4,20.7,14.962827035401,12.5146593278842,9.73346914956133,,,,,6.67984656240779,,,,0
TUN,Tunisia,TN,2022,3708.8481241036,44.948769171285,,,,,13.9013541252871,11.4949559335108,9.01702412973405,,,,,6.8049896073928,,,,0
TUN,Tunisia,TN,2023,3950.3753419816,48.1962817839478,,,,,12.9065944023489,10.5559847686187,8.36230104166589,,,,,6.73398856321206,,,,0
TUR,Turkiye,TR,2000,4192.44316738494,274.294623164043,,,,,37.4278870762922,30.8352258969994,18.5238228690637,15.75,,,,,,,,1
TUR,Turkiye,TR,2001,3045.55413956926,201.753123806695,,,,,34.7423816560753,28.6073316144001,17.23461646806,15.67,,,,,,,,1
TUR,Turkiye,TR,2002,3583.19745897158,240.249071871106,41.4,7.6,17.7,50.5,32.2213895264616,26.5105004257219,15.9698787423929,15.55,,,,,,,,1
TUR,Turkiye,TR,2003,4637.88218501529,314.595572145767,42.2,10.0,19.8,54.3,29.8771155541777,24.5664350852755,14.8071818377038,15.4,,,,,,,,1
TUR,Turkiye,TR,2004,5960.77898909049,408.865430220331,41.3,6.6,13.9,41.0,27.6944277255681,22.7550781101965,13.7427196860072,15.22,22.7,5.4,1.3,,,,,1
TUR,Turkiye,TR,2005,7303.01388860245,506.314717661655,42.6,6.5,13.2,38.9,25.6769264932539,21.0898722728164,12.7532470977726,15.04,,,,,,,,1
TUR,Turkiye,TR,2006,7953.07848024969,557.076157773479,39.6,4.8,11.2,35.9,23.8036235948309,19.5430583268877,11.8321626609144,14.88,,,,,,,,1
TUR,Turkiye,TR,2007,9711.22376120832,681.321124295913,38.4,4.0,9.5,31.5,22.1034715659048,18.1407331566854,10.9614695058276,14.75,,,,,,,,1
TUR,Turkiye,TR,2008,10843.5036940489,770.449132861373,39.0,3.3,8.2,26.9,20.551332441788,16.8674437061539,10.1671515135441,14.64,27.0,5.1,1.6,,30.3401672410523,,,1
TUR,Turkiye,TR,2009,9012.99945793034,649.289324627732,39.0,3.0,7.0,28.0,19.1642919166752,15.7258652678773,9.44349164031213,14.51,,,,,35.5678145437389,,,0
TUR,Turkiye,TR,2010,10622.7020439723,776.96726630553,38.8,2.8,6.5,26.3,17.900353470032,14.6899828576916,8.78421124230587,14.36,,,,,32.8762824550817,,,0
TUR,Turkiye,TR,2011,11300.7852215681,838.78528969435,40.0,2.0,5.7,23.8,16.7799457620155,13.7728850635894,8.19500417861407,14.19,,,,4.221519947052,30.3387665314319,,,0
TUR,Turkiye,TR,2012,11713.2849831139,880.555885492269,40.2,1.7,5.0,22.3,15.7713122823347,12.9499648318624,7.67688621248872,14.01,,,,4.38721990585327,29.5802922093597,,,0
TUR,Turkiye,TR,2013,12578.1878632,957.79912000832,40.2,1.5,4.2,20.6,14.8659553622141,12.2136542729843,7.22165350935676,13.84,18.9,4.5,1.9,4.34481000900269,29.1213621409762,,,0
TUR,Turkiye,TR,2014,12165.220135038,938.934609296966,41.2,1.0,4.0,20.3,14.0478088307943,11.5493077124252,6.8383422578833,13.68,,,,4.41258001327515,29.3775784216453,,,0
TUR,Turkiye,TR,2015,11049.9951100942,864.313810469009,42.9,1.3,4.1,21.0,13.3106520989299,10.9526136147272,6.51840730140461,13.53,,,,4.30550003051758,28.8819262840793,,,0
TUR,Turkiye,TR,2016,10970.0458948862,869.682881593041,41.9,0.9,3.0,18.6,12.6462067551836,10.4178667032304,6.2533463735581,13.38,,,,4.62773990631104,30.6454877440116,,,0
TUR,Turkiye,TR,2017,10695.550196231,858.988492853742,43.5,1.1,2.8,16.7,12.0433825875433,9.93694115173641,6.03308924974104,13.25,,,,4.32368993759155,31.7322423517169,,,0
TUR,Turkiye,TR,2018,9568.83506330228,778.972108040602,42.4,1.0,2.6,15.6,11.4929944183917,9.49745406558467,5.83015323775196,13.12,9.9,1.0,1.2,4.29729986190796,33.5436544316448,,,0
TUR,Turkiye,TR,2019,9215.44049888114,761.005915750925,43.8,1.3,3.0,15.9,10.9857038218174,9.08597284015199,5.63241884645156,13.0,,,,4.44776010513306,35.571638976975,,,0
TUR,Turkiye,TR,2020,8638.73903848102,720.338490327248,43.0,1.1,3.0,15.0,10.5193889576046,8.71295230285644,5.42891961341979,12.9,,,,4.03382015228271,34.0682450532239,,,0
TUR,Turkiye,TR,2021,9743.21277804855,819.865223976115,44.4,0.9,2.3,12.9,10.0723565627864,8.35421791833297,5.22143586131442,,,,,3.53787994384766,30.9404133076921,,,0
TUR,Turkiye,TR,2022,10674.504157865,907.118434653505,44.5,0.5,1.2,10.8,9.64395251665457,8.01345638966187,5.00530435624461,,,,,3.09572005271912,29.6704625002631,,,0
TUR,Turkiye,TR,2023,13105.6585004778,1118.25295851372,,,,,12.7913053610083,9.08666498343681,4.85634683067229,,,,,,33.7067629104,,,0
TUV,Tuvalu,TV,2000,1579.41906275542,0.0150739755349377,,,,,42.6237704047653,35.8418583401778,24.6469661242551,,,,,,,,,1
TUV,Tuvalu,TV,2001,1456.78409421177,0.013964732327114,,,,,41.5821913779155,35.0233208129538,24.3560659245315,,,,,,,,,1
TUV,Tuvalu,TV,2002,1750.25175052348,0.0168426725952874,,,,,40.6703011036383,34.2905477739451,24.0756673099746,,,,,,,,,1
TUV,Tuvalu,TV,2003,2006.84249941442,0.0194563380318228,,,,,39.8234617693054,33.6105126327819,23.7105921975108,,,,,,,,,1
TUV,Tuvalu,TV,2004,2322.56265072892,0.0227982749795551,,,,,38.9166663036535,32.8863619197736,23.2346652081138,,,,,,,,,1
TUV,Tuvalu,TV,2005,2304.82694329052,0.0229099798163078,,,,,37.9631611120412,32.1024619900378,22.5127552637098,,,,,,,,,1
TUV,Tuvalu,TV,2006,2396.26844307702,0.0240968754635825,,,,,36.8212157806607,31.1702367289473,21.493564844786,,,,,,,,,1
TUV,Tuvalu,TV,2007,2794.16310084119,0.028450168692765,,,,,35.555344616399,30.1287178150416,20.2375745073605,,7.6,0.7,4.0,,,,,1
TUV,Tuvalu,TV,2008,3088.30877413836,0.031874434857882,,,,,34.1629373727364,28.9884096260501,18.9001588659026,,,,,,,,,1
TUV,Tuvalu,TV,2009,2683.96749549583,0.0280769839703819,,,,,32.766634531343,27.8266084816702,17.5836585813151,,,,,,,,,1
TUV,Tuvalu,TV,2010,3024.8170790571,0.0321054084771121,39.1,9.0,21.2,60.6,31.4411840437129,26.7117887744436,16.3566264915244,,,,,,,,,1
TUV,Tuvalu,TV,2011,3636.08139989792,0.0391969574908996,,,,,30.2192613981063,25.6918017570855,15.3190111604704,,,,,,,,,1
TUV,Tuvalu,TV,2012,3598.46163091053,0.0393455794723758,,,,,29.0929898267011,24.7466295116948,14.4090998465033,,,,,,,,,1
TUV,Tuvalu,TV,2013,3510.21640142483,0.0386158906320745,,,,,28.0410838931179,23.8712038594466,13.6048109987491,,,,,,,,,1
TUV,Tuvalu,TV,2014,3528.85858102782,0.0387609826540096,,,,,27.0691017728121,23.0601121645205,12.8910641894,,,,,,,,,1
TUV,Tuvalu,TV,2015,3357.83417700071,0.0368119360824586,,,,,26.120427271885,22.2774013721729,12.2684360581203,,,,,,,,,1
TUV,Tuvalu,TV,2016,3808.69755015909,0.0416290642232388,,,,,25.2086786995397,21.525900443025,11.6907099693632,,,,,,,,,1
TUV,Tuvalu,TV,2017,4165.66338700106,0.0452765953533146,,,,,24.3053374214644,20.7796172753869,11.1799616033832,,,,,,,,,1
TUV,Tuvalu,TV,2018,4466.12034928245,0.0480152598751356,,,,,23.5089992406888,20.1145256920435,10.7396702872437,,,,,,,,,1
TUV,Tuvalu,TV,2019,5115.13075950206,0.0541231985662913,,,,,22.7071718867606,19.4504779509566,10.3478758316021,,7.9,4.3,1.7,,,,,1
TUV,Tuvalu,TV,2020,4976.11254109571,0.0517465943148543,,,,,21.9239519038944,18.7999184999119,9.98126485419467,,,,,14.5482776139014,,,,1
TUV,Tuvalu,TV,2021,5905.08198095343,0.0601964057138393,,,,,21.2407827757014,18.2371760595852,9.62657319127478,,,,,15.5155119679441,,,,1
TUV,Tuvalu,TV,2022,5911.32727055301,0.0590659820873657,,,,,20.5498355567812,17.6647377428523,9.33152255108028,,,,,13.7621912480198,,,,1
TUV,Tuvalu,TV,2023,6344.7750188689,0.0622803115852172,,,,,19.8912572168429,17.1290337971754,9.04654154077794,,,,,12.8456897735596,,,,1
TZA,Tanzania,TZ,2000,401.698150634766,13.3717670817428,37.3,86.9,94.0,99.4,128.394493419732,85.3333548054791,32.8053130280408,12.01,,,,,,,,1
TZA,Tanzania,TZ,2001,396.638732910156,13.5639900223641,,,,,120.618778236036,80.4191139963039,31.7520548958666,11.89,,,,,,,,1
TZA,Tanzania,TZ,2002,402.649047851563,14.1296518956911,,,,,112.777927550287,75.4385974311313,30.634667836353,11.76,,,,,,,,1
TZA,Tanzania,TZ,2003,422.18359375,15.2114877087684,,,,,105.296044967156,70.6557408275078,29.566680643799,11.62,,,,,,,,1
TZA,Tanzania,TZ,2004,450.385284423828,16.6730624733981,,,,,98.5523414780455,66.3594859526341,28.5819003822959,11.48,47.1,17.8,3.6,3.56244993209839,,,,1
TZA,Tanzania,TZ,2005,483.334869384766,18.3953836474975,,,,,92.3692861330442,62.309325904984,27.7181441414901,11.34,,,,3.54747009277344,,,,1
TZA,Tanzania,TZ,2006,475.746734619141,18.6198597952852,,,,,86.9034378270696,59.0099282331875,26.9742696362485,11.2,,,,3.00991988182068,,,,1
TZA,Tanzania,TZ,2007,543.198303222656,21.8604348234808,40.3,61.9,77.9,94.7,81.5553292860045,55.5988226348683,26.3450678050033,11.09,,,,4.03342008590698,,,,1
TZA,Tanzania,TZ,2008,675.977233886719,27.9478213979272,,,,,77.0392891929524,53.2185930768008,25.7703413542811,10.97,,,,4.18591022491455,,,,1
TZA,Tanzania,TZ,2009,693.823547363281,29.4005735536074,,,,,72.4476226343618,50.4916668416319,25.253006463739,10.86,45.7,17.7,3.1,3.96076011657715,15.3518258925895,,,1
TZA,Tanzania,TZ,2010,736.530151367188,32.01289291937,,,,,68.6157883467979,48.4860892212414,24.7946926635341,10.74,44.6,17.1,4.9,4.54169988632202,13.1930823905635,,,1
TZA,Tanzania,TZ,2011,775.392761230469,34.6571400964835,37.8,51.5,72.0,92.9,65.0025943936641,46.5623537313503,24.3940475265143,10.63,37.5,15.0,6.3,4.57789905920015,14.3760474348585,,,1
TZA,Tanzania,TZ,2012,861.969909667969,39.6503943629287,,,,,62.1381000659843,45.0393168027335,24.0485262091096,10.51,,,,4.22964300342458,14.017907635242,,,1
TZA,Tanzania,TZ,2013,963.05712890625,45.648857242315,,,,,59.4512909631633,43.662944777975,23.8308180440834,10.39,39.5,13.8,4.4,4.63769446369719,14.8310743082401,,,1
TZA,Tanzania,TZ,2014,1022.74841308594,49.9867264606804,,,,,56.7090494463219,42.2780117009925,23.6678768386342,10.27,34.7,13.4,3.8,3.38488006591797,16.0794441502738,,,1
TZA,Tanzania,TZ,2015,939.127319335938,47.413919817124,,,,,54.78334704956,41.1074974541984,23.5450459688529,10.16,37.8,15.2,4.7,4.19486548285076,14.8700779493296,1.949917793273926,,1
TZA,Tanzania,TZ,2016,953.0107421875,49.7744093744538,,,,,52.4520562027625,39.5353244534092,23.4205065394518,10.05,,,,4.10196721791864,13.3688531461333,,Very_High,1
TZA,Tanzania,TZ,2017,986.674011230469,53.2748845327886,,,,,50.2361284726675,37.6782333063597,23.2986342883138,9.95,,,,4.4305100440979,15.7386532808111,,,1
TZA,Tanzania,TZ,2018,1023.10626220703,57.0037128920858,40.5,51.3,70.0,91.5,48.002032188302,36.0411155981415,23.059558808416,9.86,31.8,14.6,3.5,3.69960999488831,14.5748625993064,,,1
TZA,Tanzania,TZ,2019,1063.32250976563,61.0267319259213,,,,,45.9963487057652,34.7450068375915,22.6694509655548,9.78,,,,3.59683638888648,15.3752931466323,,,1
TZA,Tanzania,TZ,2020,1117.41528320313,66.0687377860639,,,,,44.1638439440968,33.4699851030008,22.209006115989,9.7,,,,3.23097255920833,14.2926515974573,,,1
TZA,Tanzania,TZ,2021,1159.85656738281,70.6556281478986,,,,,42.167631408215,32.3739452362105,21.6445455236256,,34.9,11.5,3.6,3.11515335288784,15.1259358340698,,,1
TZA,Tanzania,TZ,2022,1207.85302734375,75.7699745050106,,,,,40.4821643987729,31.1679324903374,21.0952986624114,,33.4,12.0,3.2,3.2382450375764,16.8468991314032,,,1
TZA,Tanzania,TZ,2023,1224.48962402344,79.0624038368432,,,,,38.8570440842637,29.9327293871903,20.5643517986769,,,,,3.25853222146531,17.0304864142749,,,1
UGA,Uganda,UG,2000,258.050338731086,6.19324683709687,,,,,145.629309128782,89.7755683661707,32.3935859605767,,46.3,20.2,5.2,2.461669921875,,,,1
UGA,Uganda,UG,2001,236.021188853993,5.84050386851573,,,,,138.802862487018,85.8607406951435,31.5022202909148,,,,,,,,,1
UGA,Uganda,UG,2002,241.984688408335,6.17856359112051,45.2,78.6,88.0,96.4,131.18903339542,81.4256824431942,30.5573845406254,,,,,,,,,1
UGA,Uganda,UG,2003,250.71543664681,6.60688427523087,,,,,123.058131518182,76.5670968402689,29.6182295475294,,,,,,,,,1
UGA,Uganda,UG,2004,292.38185796262,7.93948754777384,,,,,114.861579203077,71.6525115343355,28.8074785687626,,,,,4.95237016677856,,,,1
UGA,Uganda,UG,2005,330.405402707025,9.23922176305793,42.9,72.4,84.2,95.8,106.969377979574,66.9733241559809,28.0702337863843,,,,,,,,,1
UGA,Uganda,UG,2006,346.518255310647,9.97764768296954,,,,,99.6990769367635,62.7399475400953,27.4667787521789,,39.7,16.9,6.2,,,,,1
UGA,Uganda,UG,2007,401.389130865581,11.9025644948833,,,,,92.9791423050246,58.6935583973022,26.8709645667595,,,,,,,,,1
UGA,Uganda,UG,2008,472.842681495852,14.4404041322047,,,,,86.8923012172904,55.1100094831796,26.2779935143281,,,,,,,,,1
UGA,Uganda,UG,2009,798.947089938247,25.1278055666584,44.2,63.5,78.7,93.2,81.4460670345903,52.4295238054264,25.6894485803423,,40.9,17.3,5.1,,,,,1
UGA,Uganda,UG,2010,823.488144282,26.6734414307857,,,,,76.1319130104773,49.5113444755801,25.1382623748448,,,,,1.72739994525909,,,,1
UGA,Uganda,UG,2011,835.620060555838,27.8717252414723,,,,,71.0435079693964,46.6625725749754,24.5926971923972,,40.6,13.8,3.8,2.29890990257263,,,Medium,1
UGA,Uganda,UG,2012,795.222867553127,27.3059159107877,41.0,56.2,73.6,92.4,66.6845356200903,44.1331692880995,23.997499340611,,36.3,12.7,4.8,1.79746997356415,,,,1
UGA,Uganda,UG,2013,818.285427416713,28.9157865166123,,,,,62.4458476220818,42.1578899995257,23.3541643086753,,,,,1.87114000320435,,,,1
UGA,Uganda,UG,2014,896.054795546394,32.6123972574458,,,,,59.1305336780306,40.2804496205992,22.6986161823803,,35.8,12.0,4.0,1.91472005844116,,,,1
UGA,Uganda,UG,2015,862.934610355811,32.3871837301002,,,,,55.8436855037354,38.4237392921213,22.0138681443661,,32.9,10.0,6.1,2.32152009010315,10.7611098309033,,,1
UGA,Uganda,UG,2016,752.696571725656,29.2039886962626,42.8,60.1,75.6,92.9,52.4809769518803,36.4020480581854,21.3572500476947,,30.2,11.0,3.6,2.13789010047913,11.3130644156105,1.679657220840454,,1
UGA,Uganda,UG,2017,765.218332297361,30.744473841424,,,,,49.843820172303,34.6163320599606,20.7194390738957,,,,,2.25363993644714,11.2580442930702,,,1
UGA,Uganda,UG,2018,792.16570022814,32.9270256196795,,,,,47.3976940030484,32.9340367291259,20.1606692234095,,26.8,8.5,2.5,2.13052010536194,11.8357641142331,,,1
UGA,Uganda,UG,2019,822.171150141651,35.3530610079635,42.7,59.8,76.3,93.6,45.307571885933,31.7129519938309,19.6523582416195,,,,,2.30828081242322,13.5150737617182,,,1
UGA,Uganda,UG,2020,845.76646385001,37.6003682398824,,,,,43.509117324794,30.6112568925965,19.1631016921849,,28.2,8.4,3.3,2.57222181308255,13.6717290825135,,,1
UGA,Uganda,UG,2021,882.791717442001,40.5297887440595,,,,,41.7864555455199,29.5276755142125,18.7445003444856,,,,,2.63593612308533,15.5883809350268,,,1
UGA,Uganda,UG,2022,963.067314233497,45.5653332164142,,,,,40.4932818800877,28.690392985404,18.3514277600241,,24.4,9.7,3.2,2.56105027176925,16.9424354799697,,,1
UGA,Uganda,UG,2023,1002.30913908852,48.7689558592834,,,,,38.8076763666286,27.5630716442193,17.8512160596848,,,,,,16.5833400364579,,,1
UKR,Ukraine,UA,2000,653.294311523438,32.3750839348241,,,,,18.2873340248585,17.5958844081918,11.0125042275895,6.21,28.7,5.4,8.2,4.02293014526367,25.9477766170058,,,0
UKR,Ukraine,UA,2001,800.49072265625,39.3095809832282,,,,,17.4550134613432,16.808412889008,10.4661142023993,6.17,,,,4.52568006515503,26.701929679176,,,0
UKR,Ukraine,UA,2002,903.011901855469,43.9561636120433,29.0,6.3,20.0,70.0,16.6096508636542,16.0147932544831,9.9307472462691,6.13,,,,5.24006986618042,27.963614644355,,,0
UKR,Ukraine,UA,2003,1076.48156738281,52.0103557530461,28.7,3.2,12.9,62.7,15.821552817191,15.2700145949402,9.41929259233,6.08,,,,5.4001898765564,28.6413191646085,,,0
UKR,Ukraine,UA,2004,1401.01806640625,67.2201541643166,28.9,2.8,9.7,53.3,15.0976946543056,14.5865619683979,8.97194774654113,6.03,,,,5.12376022338867,31.8375920166469,,,0
UKR,Ukraine,UA,2005,1875.33508300781,89.2388651185263,29.0,1.1,4.9,39.2,14.4819267759545,14.005102783041,8.58518402237583,5.98,,,,5.84819984436035,34.794358497786,,,0
UKR,Ukraine,UA,2006,2366.494140625,111.884752475248,29.8,0.7,3.7,34.2,13.9513539599001,13.5062162139615,8.2584585219922,5.95,,,,5.97945976257324,35.4353135652316,,,0
UKR,Ukraine,UA,2007,3160.32763671875,148.733861386139,27.0,0.5,2.8,34.6,13.4376994607329,13.0204886174292,7.95797333896692,5.93,,,,5.90244007110596,33.5385418303142,,,0
UKR,Ukraine,UA,2008,4017.806640625,188.110390659515,26.6,0.1,1.3,23.6,12.8872536414448,12.4934021308685,7.62797422057108,5.93,,,,6.15242004394531,35.7030396066285,,,0
UKR,Ukraine,UA,2009,2607.08764648438,121.552153444124,25.3,0.3,1.4,27.5,12.3029013757603,11.9329122258594,7.28720727093144,5.95,,,,7.05074977874756,39.2607719615392,,,0
UKR,Ukraine,UA,2010,3039.63232421875,141.209170427233,24.8,0.1,0.7,22.0,11.7226398266446,11.3761363804377,6.94345439548245,5.96,,,,,39.5439524891017,,,0
UKR,Ukraine,UA,2011,3656.69799804688,169.333835201554,24.6,0.1,0.6,18.5,11.167481474975,10.8419819094583,6.61509921749616,5.96,,,,5.93770980834961,36.8763128364085,,,0
UKR,Ukraine,UA,2012,3951.34228515625,182.591753827949,24.7,0.1,0.5,16.5,10.6540272021422,10.3479881333398,6.3107464289311,5.97,,,,6.44269990921021,39.5379741977224,,,0
UKR,Ukraine,UA,2013,4129.89697265625,190.498811460028,24.6,0.1,0.3,12.5,10.1962894195357,9.90892287671885,6.03334935761785,5.96,,,,6.41989994049072,38.6815940819239,,,0
UKR,Ukraine,UA,2014,3054.908203125,133.503871861723,24.0,0.0,0.3,13.8,9.79127560618125,9.51853726771138,5.78630605518625,5.91,,,,5.87493991851807,43.5407000374941,,,0
UKR,Ukraine,UA,2015,2094.47387695313,91.0309677890717,25.5,0.3,1.2,22.7,9.44202461724269,9.18175252426241,5.57128438285188,5.7,,,,5.33951727495092,37.3687532184352,,,0
UKR,Ukraine,UA,2016,2158.46118164063,93.3558694039223,25.0,0.2,1.1,21.6,9.14504759283109,8.89554813142984,5.39946961209232,5.72,,,,5.00977993011475,33.5044167207813,,,0
UKR,Ukraine,UA,2017,2604.28759765625,112.090505081739,26.0,0.1,0.7,17.0,8.89571386226811,8.65503043166557,5.25136321539346,5.73,,,,5.41707992553711,33.6062064378191,,,0
UKR,Ukraine,UA,2018,3059.0517578125,130.89108829355,26.1,0.2,0.6,14.7,8.68201817932999,8.45024897024448,5.1247510976882,5.73,,,,5.3199200630188,33.4087191126581,,,0
UKR,Ukraine,UA,2019,3619.86157226563,153.883047509576,26.6,0.2,0.3,10.6,8.50168274503569,8.27739238240678,5.01951168598784,5.73,,,,5.44129991531372,33.057438930624,,,0
UKR,Ukraine,UA,2020,3709.76928710938,156.617722013342,25.6,0.0,0.2,11.3,8.35464366988642,8.13661858331317,4.93984718655016,5.73,,,,5.38231992721558,37.2092047751482,,,0
UKR,Ukraine,UA,2021,4775.94580078125,199.765859570935,,,,,8.2303827219933,8.0180985114951,4.86760359217484,,,,,5.14011001586914,33.2615744813331,,,0
UKR,Ukraine,UA,2022,4199.6708984375,161.98952072119,,,,,8.52441777066364,7.96024436187192,4.80116479584565,,,,,,57.894766176113,,,0
UKR,Ukraine,UA,2023,5139.59814453125,181.221517868744,,,,,8.07272037017655,7.7837921065728,4.7005378297272,,,,,,65.5600221546264,,,0
URY,Uruguay,UY,2000,6987.70098766257,22.8232708921094,43.4,0.8,2.0,11.7,17.002095042035,14.7282883469016,8.42346647889158,8.41,,,,2.42254996299744,26.5509318784844,,,0
URY,Uruguay,UY,2001,6382.76104740859,20.8987617422386,45.0,0.7,2.4,14.0,16.5501552549256,14.3195889562926,8.33576820451578,8.44,,,,2.80096006393433,27.2702030108606,,,0
URY,Uruguay,UY,2002,4149.76140312687,13.6065157225864,45.5,1.1,3.3,18.3,16.1893311072228,13.9902452632695,8.24405984685887,8.46,14.7,5.4,2.4,2.32220005989075,27.8910991697021,,,0
URY,Uruguay,UY,2003,3671.12329256883,12.0456383518507,45.0,1.5,4.4,24.3,15.7708567336086,13.6114879209263,8.06908098324714,8.47,17.2,5.0,1.7,2.0682098865509,27.9127259961418,,,0
URY,Uruguay,UY,2004,4168.66065438387,13.6863298901191,45.9,1.7,5.7,25.0,15.1642669257945,13.0713932576474,7.74437869688091,8.44,13.9,6.0,3.0,2.49954009056091,26.5917253076624,,,0
URY,Uruguay,UY,2005,5284.25677987129,17.3628576838545,44.7,1.5,4.7,22.5,14.3958311825007,12.3922574175894,7.27582573069607,8.39,,,,2.71475005149841,26.5571821460886,,,0
URY,Uruguay,UY,2006,6001.33294783172,19.7414207398901,45.9,1.0,3.6,22.1,13.549368581231,11.645964312675,6.69721112728943,8.33,,,,2.85664010047913,26.6435810165771,,,0
URY,Uruguay,UY,2007,7222.05403645877,23.7977730243992,46.4,0.7,2.9,19.4,12.7062937145055,10.9046439918404,6.08979328235957,8.26,11.8,3.9,1.4,,26.0616997001223,,,0
URY,Uruguay,UY,2008,9423.96562595893,31.1196025388322,45.1,0.4,1.8,14.6,11.9402226884189,10.2306559801284,5.54613351301134,8.19,,,,,24.9831658197862,,,0
URY,Uruguay,UY,2009,9881.39573127081,32.7083190775179,45.5,0.4,1.8,13.4,11.3030560451378,9.66881018894854,5.15526670002642,8.14,,,,,28.2002665421058,,,0
URY,Uruguay,UY,2010,12641.0576849008,41.950361211958,44.5,0.3,1.3,11.9,10.7931261739911,9.2175882497718,4.93680614541129,8.09,,,,,28.2518723908528,,,0
URY,Uruguay,UY,2011,15132.2675725587,50.3424060670777,42.2,0.2,1.0,8.4,10.3804661501567,8.84961596821368,4.88614669628167,8.05,11.7,3.9,0.6,4.14937019348145,27.7352832980739,,Very_Low,0
URY,Uruguay,UY,2012,16259.5940814256,54.2322663587811,39.9,0.3,1.1,7.8,10.0414178946479,8.54501592355689,4.96796431108195,8.02,,,,4.09353338283242,28.8425661023934,,,0
URY,Uruguay,UY,2013,18335.2594772322,61.3376219337857,40.5,0.3,0.8,7.2,9.70827467697594,8.2459014417927,5.06107862168949,7.99,5.0,1.1,1.1,4.23892021179199,29.2703887862228,,,0
URY,Uruguay,UY,2014,18322.4276767157,61.496186973902,40.1,0.2,0.7,6.2,9.33366887057679,7.91144337697729,5.0615979285198,7.96,,,,4.26735019683838,29.5808927457727,,,0
URY,Uruguay,UY,2015,17125.9016800298,57.6803279986689,40.1,0.2,0.7,5.9,8.92141573433228,7.54461457248955,4.99785913578475,7.93,,,,4.20636987686157,29.5758720947321,,,0
URY,Uruguay,UY,2016,17009.7584207276,57.4807874652716,39.7,0.1,0.6,5.6,8.49097786321392,7.16208296616538,4.93769163435424,7.9,10.8,3.3,0.8,4.36420011520386,35.2210254750392,,,0
URY,Uruguay,UY,2017,19184.6502617082,65.0059979634822,39.5,0.1,0.4,4.5,8.068891587351,6.78838594108868,4.91066581152517,7.87,,,,4.41787004470825,31.2481222232683,,,0
URY,Uruguay,UY,2018,19249.9404677501,65.3445774157535,39.7,0.1,0.4,4.9,7.69318423675886,6.45395267035439,4.88191407371644,7.85,6.9,1.8,1.4,4.60361003875732,31.913342812641,,,0
URY,Uruguay,UY,2019,18315.7316980028,62.2223136188454,39.7,0.1,0.4,5.0,7.38788762872325,6.18158279171021,4.82372222431292,7.83,,,,4.62833976745605,32.0674084420152,,,0
URY,Uruguay,UY,2020,15757.5355995779,53.559359261826,40.2,0.3,0.7,7.1,7.14601889175467,5.9616848094562,4.72151156138166,7.8,,,,4.54292011260986,34.6908132172211,,,0
URY,Uruguay,UY,2021,17881.818721099,60.7390842408633,40.8,0.2,0.5,6.7,6.9568388803395,5.78713643647772,4.55798510179838,,,,,4.46065998077393,31.732289978428,,,0
URY,Uruguay,UY,2022,20818.6146091144,70.5941109200358,40.6,0.2,0.7,6.3,6.80486944839444,5.64521024569605,4.33335073093835,,,,,4.5073299407959,36.2885816637948,,,0
URY,Uruguay,UY,2023,23019.4221560046,77.9916668377382,40.9,0.2,0.7,6.6,6.66247086496002,5.51429325659201,4.10564674030262,,,,,4.81125020980835,37.0207453769907,,,0
USA,United States,US,2000,36329.9702595751,10250.952,40.1,0.7,1.0,1.7,8.44940974508615,7.12002028101249,4.64135524418587,7.85,3.2,1.1,0.5,,17.9265301408103,,,0
USA,United States,US,2001,37133.6203973517,10581.929,40.6,1.0,1.0,2.0,8.33239824719795,7.03349377154814,4.62440029656974,7.87,,,,,19.5097642405274,,,0
USA,United States,US,2002,37997.7424300242,10929.108,40.4,1.0,1.0,2.0,8.23098415883608,6.96010927248707,4.62593708472229,7.89,3.1,0.8,0.3,,20.0840187506611,,,0
USA,United States,US,2003,39490.3023903176,11456.45,40.8,1.0,1.2,2.0,8.14164788500611,6.89615562490795,4.61799814577719,7.92,,,,,20.6606182543458,,,0
USA,United States,US,2004,41724.6411982614,12217.196,40.5,1.0,1.2,2.0,8.05507238902549,6.83336431960437,4.57037553590448,7.94,2.9,1.3,0.7,,20.4485309067645,,,0
USA,United States,US,2005,44123.3996470026,13039.197,41.3,1.0,1.2,2.0,7.96272217791188,6.76482752021037,4.48793574013374,7.96,,,,,20.7451064662954,,,0
USA,United States,US,2006,46301.9876485519,13815.583,41.7,1.0,1.2,2.0,7.85829501433742,6.68431593018859,4.39709356250422,7.99,3.1,0.7,0.9,,20.5951410085264,,,0
USA,United States,US,2007,48050.227412195,14474.228,41.1,1.0,1.2,2.0,7.73693212846894,6.58770662978991,4.3138575482943,8.02,,,,,20.8646436963685,,,0
USA,United States,US,2008,48570.0594269601,14769.862,41.1,1.0,1.2,2.0,7.59836335159598,6.47459893423974,4.2354687651659,8.06,2.3,0.7,0.6,,22.7876198166239,,,0
USA,United States,US,2009,47194.9500893872,14478.067,40.8,1.0,1.2,2.0,7.45238376893709,6.35424155622133,4.16049750471908,8.09,,,,,25.5765165335953,,,0
USA,United States,US,2010,48642.6312088213,15048.971,40.2,1.2,1.2,2.2,7.30653535707454,6.232944984768,4.09929113512869,8.12,2.8,1.0,0.1,,26.0545933672143,,,0
USA,United States,US,2011,50024.8812320773,15599.732,41.2,1.0,1.2,2.2,7.16630682950133,6.11457722930665,4.06108341353711,8.14,,,,,25.3456995286842,,,0
USA,United States,US,2012,51708.3940614082,16253.97,41.2,1.0,1.2,2.2,7.04107752764411,6.00804691995122,4.04584430799588,8.15,2.2,0.5,0.3,,23.9119039840728,,,0
USA,United States,US,2013,53297.3862901595,16880.683,40.9,1.0,1.2,2.0,6.93340036484998,5.91620286566584,4.02162239745922,8.17,,,,,22.8814639786791,,,0
USA,United States,US,2014,55153.3940182967,17608.138,41.7,1.2,1.5,2.2,6.83796294266274,5.83421791710055,3.95721650092425,8.18,2.4,0.7,0.3,,22.6100726834376,,,0
USA,United States,US,2015,56849.4697923159,18295.019,41.5,1.2,1.5,2.2,6.75146689041012,5.75822879782482,3.87353931021368,8.18,,,,4.93063020706177,22.3735356601707,,,0
USA,United States,US,2016,57976.628204291,18804.913,41.3,1.2,1.2,2.0,6.67277381127123,5.68857742347934,3.8139152050791,8.19,3.5,1.4,0.4,4.78327989578247,22.4159218391492,,,0
USA,United States,US,2017,60047.7190728307,19612.102,41.4,1.2,1.5,2.2,6.6009133345531,5.62379916013762,3.7928769951406,8.2,,,,5.09296989440918,22.1406996557534,,,0
USA,United States,US,2018,62875.6661382728,20656.516,41.8,1.0,1.2,2.0,6.53948458564537,5.56757017938005,3.77425426002729,8.22,3.4,0.4,0.1,4.89502000808716,22.1694791125473,,,0
USA,United States,US,2019,65227.9565911038,21539.982,41.9,1.0,1.2,1.7,6.4926047402942,5.52296914555808,3.72196933083094,8.24,,,,4.95746994018555,22.514337755714,,,0
USA,United States,US,2020,64401.5074354212,21354.105,40.0,0.5,0.5,1.5,6.46878461763762,5.4977093963284,3.63811577117753,8.26,,,,5.39531993865967,31.8281473281133,,,0
USA,United States,US,2021,71307.4017277218,23681.171,39.7,0.5,0.5,1.0,6.46297030376375,5.48771621404056,3.54037649339663,,,,,5.42038011550903,31.3034760823272,,,0
USA,United States,US,2022,77860.9112908848,26006.893,41.7,1.2,1.5,2.2,6.47009706013987,5.48853616183257,3.44422214118531,,3.8,,0.1,,24.658458048026,,,0
USA,United States,US,2023,82304.6204272866,27720.709,41.8,1.2,1.5,2.0,6.47895139752497,5.49173809538993,3.36607165791089,,,,,,24.5133766239529,,,0
UZB,Uzbekistan,UZ,2000,555.149231099186,13.760513969314,35.9,93.8,97.4,99.6,61.4993953451037,55.1393977482871,28.4450383144618,5.47,,,,,,,,1
UZB,Uzbekistan,UZ,2001,454.415812256778,11.4014213291974,,,,,58.7826412076994,52.9001685256237,27.6321541790152,5.51,,,,,,,,1
UZB,Uzbekistan,UZ,2002,381.409296889283,9.68778851280184,33.0,93.1,97.2,99.6,55.7363453484014,50.3393036558219,26.7075472195184,5.55,28.1,8.1,7.9,,,,,1
UZB,Uzbekistan,UZ,2003,394.164028897235,10.1344534354603,35.2,93.3,97.2,99.7,52.5063668482208,47.6001400571072,25.6452202733619,5.59,,,,,,,,1
UZB,Uzbekistan,UZ,2004,462.171492867885,12.0300235478807,,,,,49.1601973627241,44.7205912802433,24.5224351141384,5.62,,,,,,,,1
UZB,Uzbekistan,UZ,2005,542.835808692209,14.3075098388053,,,,,45.7466916178104,41.7410704049209,23.3616271405134,5.65,,,,,,,,1
UZB,Uzbekistan,UZ,2006,649.118167003925,17.330833852919,,,,,42.3723267507495,38.7827445496995,22.1903995426302,5.68,21.5,5.1,3.3,,,,,1
UZB,Uzbekistan,UZ,2007,824.028192334768,22.3113939278817,,,,,39.0334832805306,35.8341055445005,20.9927518956579,5.71,,,,,,,,1
UZB,Uzbekistan,UZ,2008,1074.72928796701,29.5494388838338,,,,,35.8611372245764,33.022273375663,19.6271937615628,5.73,,,,,,,,1
UZB,Uzbekistan,UZ,2009,1205.7993547038,33.6892236732577,,,,,32.8666091829,30.3536158250315,18.0169480057705,5.76,,,,,,,,1
UZB,Uzbekistan,UZ,2010,1753.20730243278,49.7656764024495,,,,,30.0916688946018,27.8786299250822,16.5119535241035,5.79,,,,,,,,1
UZB,Uzbekistan,UZ,2011,2087.86386135694,60.178909297208,,,,,27.5404032725001,25.5948484380324,15.1143465227849,5.82,,,,,14.3121958203505,,,1
UZB,Uzbekistan,UZ,2012,2307.34649117185,67.5173492120608,,,,,25.2423904511452,23.5127774107344,13.8715168080983,5.85,,,,,14.2580363056074,,,1
UZB,Uzbekistan,UZ,2013,2461.97947403595,73.1800379149104,,,,,23.1844173835384,21.6571126421184,12.7867599467032,5.88,,,,5.74190998077393,15.1490429292478,,,1
UZB,Uzbekistan,UZ,2014,2674.9628382103,80.8453858094528,,,,,21.3758620589899,20.0194579989356,11.8340722452861,5.9,,,,5.71323013305664,14.9694154891084,,,1
UZB,Uzbekistan,UZ,2015,2803.19018021751,86.1962647553105,,,,,19.816101732363,18.5973986025774,11.0322406980882,5.93,,,,5.49444007873535,15.0650928348686,,,0
UZB,Uzbekistan,UZ,2016,2753.37951427589,86.138288644171,,,,,18.46549685397,17.3723910850788,10.330170985438,5.97,,,,5.38089990615845,14.3349191578636,,,0
UZB,Uzbekistan,UZ,2017,2190.60411562888,69.7032222827278,,,,,17.3402370997893,16.3506242727812,9.74416622218079,6.01,15.4,5.1,2.5,4.48249006271362,12.7115047065447,,,0
UZB,Uzbekistan,UZ,2018,1813.08530813664,58.6958990921083,,,,,16.4180003199992,15.507277848483,9.27317532408217,6.01,,,,4.83589298172277,14.7032357205468,,,0
UZB,Uzbekistan,UZ,2019,2041.38480729431,67.2936397983996,,,,,15.6489683744981,14.8107910600607,8.86354104692971,5.81,,,,6.29534678547216,14.9956906222483,,,0
UZB,Uzbekistan,UZ,2020,1978.28051860763,66.4432654183086,,,,,14.9838958018062,14.2043159730027,8.49919978534408,5.85,,,,4.44021987915039,19.0457219546426,,,0
UZB,Uzbekistan,UZ,2021,2258.51964119278,77.3400600030347,32.9,4.4,9.1,38.1,14.3919293261576,13.6601199936775,8.1771529246048,,7.7,2.1,3.0,4.13580989837646,22.9539537188575,,,0
UZB,Uzbekistan,UZ,2022,2578.66689394219,90.0959265674359,31.2,4.4,8.3,32.4,13.8365459188065,13.1474732729263,7.88896539597637,,,,,5.23477171022152,23.0754381727755,,,0
UZB,Uzbekistan,UZ,2023,2878.96879292451,102.641879248764,34.5,4.1,7.3,24.6,13.320604397952,12.6686199385333,7.61803824417263,,,,,5.47287597270024,23.4077199970825,,,0
VCT,St. Vincent and the Grenadines,VC,2000,3768.95536604022,0.427946037037037,,,,,22.4707448214796,19.5329302644313,13.2922860802569,,,,,7.32787990570068,20.8265268474919,,,1
VCT,St. Vincent and the Grenadines,VC,2001,4071.08601098962,0.462072333333333,,,,,22.4609062125029,19.6071644566629,13.3878427700558,,,,,,20.7356504148421,,,1
VCT,St. Vincent and the Grenadines,VC,2002,4303.27976789727,0.487763851851852,,,,,22.4339133818008,19.6598887884449,13.4740388543323,,,,,7.38802003860474,20.7353679953201,,,1
VCT,St. Vincent and the Grenadines,VC,2003,4499.61454193342,0.509090888888889,,,,,22.4658815902212,19.7650549027918,13.5570833460715,,,,,8.17488956451416,19.8255365010134,,,1
VCT,St. Vincent and the Grenadines,VC,2004,4873.48947742443,0.549900185185184,,,,,22.513333312425,19.8808695772434,13.5969945500342,,,,,,19.4044643118734,,,1
VCT,St. Vincent and the Grenadines,VC,2005,5157.39373878102,0.579948925925926,,,,,22.5738937292343,20.0093090127437,13.6032765267928,,,,,6.03082990646362,20.6833583876894,,,1
VCT,St. Vincent and the Grenadines,VC,2006,5744.8278621257,0.643501148148148,,,,,22.6058388099006,20.1040187523916,13.5672727149945,,,,,,20.4574587941395,,,1
VCT,St. Vincent and the Grenadines,VC,2007,6398.19123532172,0.713596666666667,,,,,22.5473273252109,20.1217349908979,13.492245263714,,,,,5.43937015533447,19.661536888511,,,1
VCT,St. Vincent and the Grenadines,VC,2008,6598.90531450859,0.732663259259259,,,,,22.3363342649974,19.9988190498606,13.3755309868995,,,,,,21.8038171039922,,,1
VCT,St. Vincent and the Grenadines,VC,2009,6463.78777336717,0.714300259259259,,,,,21.9486931161402,19.7095228828913,13.1766122953656,,,,,5.3761100769043,24.3575869925434,,,1
VCT,St. Vincent and the Grenadines,VC,2010,6551.96835992405,0.720447888888889,,,,,21.3757910065602,19.2533561099678,12.8656173599549,,,,,4.80839014053345,24.3239968573048,,,1
VCT,St. Vincent and the Grenadines,VC,2011,6527.68996854448,0.71379637037037,,,,,20.6307887305054,18.6337865361417,12.3859642094534,,,,,,25.6928134188285,,,1
VCT,St. Vincent and the Grenadines,VC,2012,6713.80768643865,0.730032592592592,,,,,19.7844589390818,17.9197807348842,11.7853208293159,,,,,,24.8043878812108,,,0
VCT,St. Vincent and the Grenadines,VC,2013,7072.46737188939,0.764781259259259,,,,,18.8489982455017,17.1157423448337,11.1011845018698,,,,,,23.7907595364717,,,0
VCT,St. Vincent and the Grenadines,VC,2014,7168.82875342911,0.7709,,,,,17.8715417824717,16.2678649063931,10.3818782397955,,,,,,24.4500175360209,,,0
VCT,St. Vincent and the Grenadines,VC,2015,7353.73556054184,0.786555555555555,,,,,16.8604906775682,15.3881946534346,9.643324275308,,,,,4.95614634835429,24.1512454678156,,,0
VCT,St. Vincent and the Grenadines,VC,2016,7656.90042881178,0.814303703703704,,,,,15.8554990666357,14.5041017922706,8.95169548553406,,,,,5.45265007019043,23.4069552719433,,,0
VCT,St. Vincent and the Grenadines,VC,2017,7988.04445019298,0.844040740740741,,,,,14.8785516239728,13.6421660848911,8.29950702894196,,,,,5.37974977493286,24.7315602634593,,,0
VCT,St. Vincent and the Grenadines,VC,2018,8428.12677153069,0.88432962962963,,,,,13.9364444438846,12.8074966112312,7.69753846084897,,,,,5.22357988357544,,,,0
VCT,St. Vincent and the Grenadines,VC,2019,8740.59425232061,0.910481481481481,,,,,13.0599487935109,12.0258410207202,7.17094544965165,,,,,,,,,0
VCT,St. Vincent and the Grenadines,VC,2020,8351.20324040982,0.864566666666667,,,,,12.3065716571677,11.3520727448854,6.71839671484723,,,,,5.46376310406546,,,,0
VCT,St. Vincent and the Grenadines,VC,2021,8641.27904024443,0.888677777777778,,,,,11.6550347604234,10.7669675891517,6.35731620387991,,,,,,,,,0
VCT,St. Vincent and the Grenadines,VC,2022,9693.55867833025,0.989188888888889,,,,,11.1153812896981,10.2853796908641,6.05028441103117,,,,,7.07575034584772,,,,0
VCT,St. Vincent and the Grenadines,VC,2023,10582.3656725229,1.07223703703704,,,,,10.6434644244109,9.85981737318409,5.78634875931408,,,,,6.4582691706334,,,,0
VEN,"Venezuela, RB",VE,2000,4776.2816763938,117.146466002661,,,,,21.5144618998768,17.5326581723339,10.800420863531,8.72,17.4,3.9,3.9,,,,,1
VEN,"Venezuela, RB",VE,2001,4920.39313600453,122.911036746729,47.2,14.7,24.9,55.3,20.8609954082409,17.0177536473649,10.2663592538223,8.75,17.3,4.0,4.4,,,,,1
VEN,"Venezuela, RB",VE,2002,3652.09896501865,92.8935877336549,48.9,22.1,34.0,64.7,20.3383552872348,16.6218796615564,9.84665548742916,8.78,17.6,4.2,4.8,,,,,1
VEN,"Venezuela, RB",VE,2003,3229.50557082079,83.6206285821082,47.9,27.1,39.8,70.8,19.7843636031922,16.2118932445648,9.87692916400238,8.82,17.7,4.6,5.2,,,,,0
VEN,"Venezuela, RB",VE,2004,4269.08970872392,112.451400424964,47.3,22.8,34.2,65.7,19.1485157904967,15.7448066095487,10.1504011928674,8.85,17.1,4.5,5.2,,,,,0
VEN,"Venezuela, RB",VE,2005,5432.4854184654,145.513489651872,49.3,18.1,27.2,55.7,18.4998636300869,15.2716014440738,10.3091673232644,8.87,16.2,4.1,4.8,,,,,0
VEN,"Venezuela, RB",VE,2006,6739.38065342219,183.477522123894,44.7,9.7,16.4,43.3,17.9079240345719,14.848556195022,10.2140552606047,8.89,16.2,3.9,4.8,3.66905999183655,,,,0
VEN,"Venezuela, RB",VE,2007,8331.62096991844,230.364012575687,,,,,17.4458220673954,14.5355045176016,10.0987890507219,8.89,15.6,3.7,5.0,3.62732005119324,,,,0
VEN,"Venezuela, RB",VE,2008,11262.4514256759,315.953388510678,,,,,17.1718226206,14.3801068082494,10.1671077024768,8.91,14.6,3.2,4.5,,,,,0
VEN,"Venezuela, RB",VE,2009,11596.6021921731,329.787628928471,,,,,17.104037631569,14.4001103395028,10.4123859359021,8.92,13.4,2.9,4.1,6.87468004226685,,,,0
VEN,"Venezuela, RB",VE,2010,13646.3046622664,393.192354510653,,,,,17.1852489643139,14.5476635217979,10.6894711856709,8.94,,,,,,,,0
VEN,"Venezuela, RB",VE,2011,10843.9229703167,316.482190800364,,,,,17.34889781269,14.7671904402494,10.8942399531079,8.96,,,,,,,Low,0
VEN,"Venezuela, RB",VE,2012,12901.4171582274,381.286237847667,,,,,17.5883850017036,15.0522048203164,11.0669982841021,8.98,,,,,,,,0
VEN,"Venezuela, RB",VE,2013,12403.1466957582,371.005379786566,,,,,17.9088001408291,15.4085774323741,11.2773913479536,9.0,,,,,,,,0
VEN,"Venezuela, RB",VE,2014,15943.6127197163,482.359318767703,,,,,18.2827523797314,15.8080630254685,11.488141844356,9.03,,,,,,,,0
VNM,Viet Nam,VN,2000,404.029784055118,31.1725184033162,,,,,29.826121012156,21.6665853165578,14.9804004917025,9.91,42.9,26.6,6.1,,,,,1
VNM,Viet Nam,VN,2001,419.205677580901,32.6851988085549,,,,,28.5679769511218,20.7379444168216,14.290408468739,9.68,,,,,,,,1
VNM,Viet Nam,VN,2002,445.132861817313,35.0641055008343,37.0,43.3,65.0,89.6,27.435575045738,19.8960352518016,13.7222484588862,9.47,37.5,23.3,8.8,,,,,1
VNM,Viet Nam,VN,2003,497.117089249256,39.5525132319169,,,,,26.5077206305338,19.2060156611469,13.24893352,9.27,35.4,24.6,10.8,,,,,1
VNM,Viet Nam,VN,2004,565.452284586212,45.4278546932554,36.8,30.9,53.4,85.4,25.7077285431798,18.6032581895307,12.8338516919189,9.09,33.7,23.6,11.2,,,,,1
VNM,Viet Nam,VN,2005,710.746759994861,57.6332557381992,,,,,25.020260417353,18.081017211626,12.5229573183553,8.92,33.3,22.8,10.6,,,,,1
VNM,Viet Nam,VN,2006,807.756645117054,66.3716648170436,35.8,23.7,43.9,81.8,24.455556137332,17.6507515168771,12.2792583447916,8.75,31.7,21.9,9.8,,,,Low,1
VNM,Viet Nam,VN,2007,925.640338348717,77.4144255322451,,,,,23.9829474116709,17.2807530660722,12.0934405668327,8.58,31.7,21.6,10.0,,,,,1
VNM,Viet Nam,VN,2008,1163.83195772873,99.1303040991274,35.6,17.6,38.8,79.0,23.6186981307056,16.9907043814513,11.96376977443,8.4,30.8,20.5,9.4,4.88674020767212,,,,1
VNM,Viet Nam,VN,2009,1226.16976051536,106.014659565214,,,,,23.318849687193,16.7522608189551,11.8448429283702,8.22,29.3,17.5,7.1,4.81650018692017,,,,1
VNM,Viet Nam,VN,2010,1683.16182443979,147.201173196979,39.3,5.2,13.7,49.6,23.0546584620282,16.5278370550236,11.7484344903413,8.02,22.7,11.7,4.1,4.04593992233276,,,,1
VNM,Viet Nam,VN,2011,1950.92504174913,172.595049183925,,,,,22.8357989102862,16.3417080077559,11.6418967000067,7.83,27.5,16.8,6.6,3.7802300453186,,,,1
VNM,Viet Nam,VN,2012,2185.11767654291,195.590661129248,35.6,3.7,9.9,43.2,22.6129833952948,16.1516941621683,11.547136754566,7.64,26.7,16.2,6.7,4.40817022323608,,,,1
VNM,Viet Nam,VN,2013,2359.51736472828,213.70881166534,,,,,22.3960023443101,15.9651254557456,11.4342375939986,7.45,25.9,15.3,6.6,4.52833986282349,,,,1
VNM,Viet Nam,VN,2014,2546.38464459903,233.451469642519,34.8,3.4,8.6,37.9,22.1782258243758,15.7676263039881,11.3358860924823,7.27,24.9,14.5,6.8,3.54012312110584,,,,1
VNM,Viet Nam,VN,2015,2577.56885340113,239.258328381741,,,,,21.9669318465913,15.5835057280636,11.2300849967343,7.1,24.6,14.1,6.4,3.41660449674943,,,,1
VNM,Viet Nam,VN,2016,2735.0604380416,257.096001177982,35.3,2.5,6.2,29.8,21.7506583527665,15.3909978630933,11.1239552073855,6.92,24.3,13.8,,3.46906995773315,,,,1
VNM,Viet Nam,VN,2017,2956.10992127753,281.353605986903,,,,,21.5484298346799,15.2122660795086,11.0211080940126,6.76,23.8,13.4,5.8,3.41865686539527,,,,1
VNM,Viet Nam,VN,2018,3222.31003125366,310.106478394659,35.7,2.2,5.2,24.2,21.3677350694483,15.0479121579726,10.9115744183649,6.59,23.2,12.8,5.4,3.29537010192871,,,,1
VNM,Viet Nam,VN,2019,3440.90025375434,334.365270496667,,,,,21.1853174204125,14.8858133015124,10.8206790066642,6.44,22.4,12.2,5.2,3.08499832693462,,,,1
VNM,Viet Nam,VN,2020,3534.03953482647,346.615738537796,36.8,1.3,3.7,20.4,20.9729070951574,14.7009949884997,10.7299645595424,6.31,19.6,11.5,4.7,3.21652900152514,,,,1
VNM,Viet Nam,VN,2021,3704.1935590038,366.474752771009,,,,,20.7402990128009,14.507349239181,10.6186965167692,,,,,2.94517488804327,,,,1
VNM,Viet Nam,VN,2022,4147.69777213621,413.445230668578,36.1,1.6,4.2,21.5,20.4336736239713,14.2789260677252,10.4652555991825,,18.9,10.2,4.4,2.88738689372749,,,,1
VNM,Viet Nam,VN,2023,4323.35031982451,433.857681378291,,,,,20.0478105296342,14.0116407334642,10.25297517755,,18.2,9.7,4.4,,,,,1
VUT,Vanuatu,VU,2000,1460.23817692229,0.272014627835262,,,,,26.7991761701091,21.4097390562804,14.445826799235,12.13,,,,7.0036301612854,,,,1
VUT,Vanuatu,VU,2001,1350.18338238522,0.25792688172043,,,,,26.3029673433959,21.0604882049126,13.1073802653679,12.17,,,,8.95114994049072,,,,1
VUT,Vanuatu,VU,2002,1340.71537528287,0.262596535549028,,,,,25.8437524951535,20.7504104334558,12.2946075359355,12.22,,,,8.13197994232178,,,,1
VUT,Vanuatu,VU,2003,1566.51396790858,0.314471413001776,,,,,25.3957578452855,20.4410490286004,11.8004284453435,12.27,,,,8.44151020050049,,,,1
VUT,Vanuatu,VU,2004,1774.31867585894,0.364996869129618,,,,,24.9673477238711,20.1374742605152,11.410247388142,12.33,,,,,,,,1
VUT,Vanuatu,VU,2005,1873.99142640619,0.394962433029368,,,,,24.5137629659063,19.8186953866422,11.0752246326987,12.38,,,,,,,,1
VUT,Vanuatu,VU,2006,2034.79289624351,0.439358586535588,,,,,24.0112674369259,19.4589095792163,10.8589969660587,12.43,,,,,,,Low,1
VUT,Vanuatu,VU,2007,2333.70506748914,0.516392922513728,,,,,23.3952586470268,19.0096045245081,10.5720614794494,12.48,,,,,,,,1
VUT,Vanuatu,VU,2008,2603.60883136724,0.590748429401902,,,,,22.7057504195492,18.4900835071621,10.2071687477926,12.53,25.7,11.5,5.9,5.95150995254517,,,,1
VUT,Vanuatu,VU,2009,2546.38324565986,0.592622319145664,,,,,21.9582514325571,17.916222090255,9.85235297865746,12.57,,,,5.16051006317139,20.9810771930379,,,1
VUT,Vanuatu,VU,2010,2815.18828985779,0.670712979682037,37.4,25.7,44.4,82.0,21.1961259806829,17.3291387476547,9.61522109863481,12.62,,,,,23.2458920548957,,,1
VUT,Vanuatu,VU,2011,3163.1861645138,0.770153588218833,,,,,20.4775591157467,16.7877265857498,9.66686290656758,12.67,,,,,22.6612002031783,,,1
VUT,Vanuatu,VU,2012,3004.78416664293,0.747839697746593,,,,,19.8678504739153,16.3194245682174,9.9568832933695,12.73,,,,,22.7423135771818,,,1
VUT,Vanuatu,VU,2013,2979.79608084399,0.758304466245339,,,,,19.3803216043823,15.9543654434707,10.353004614141,12.79,28.9,11.7,4.7,,21.8910199185404,,,0
VUT,Vanuatu,VU,2014,2973.09026493408,0.773717010546445,,,,,18.9710772540424,15.6574194995639,10.6760052088286,12.85,,,,5.18195009231567,22.9911274731713,,,0
VUT,Vanuatu,VU,2015,2854.89412272653,0.759690180951654,,,,,18.6610957222689,15.4360762572535,10.8926242566093,12.91,,,,5.60338020324707,23.1311009927776,,,0
VUT,Vanuatu,VU,2016,2956.12644801489,0.804323576861028,,,,,18.4228913836175,15.2740497367062,10.8741056775509,12.95,,,,7.67742589514444,24.8127014120506,,,0
VUT,Vanuatu,VU,2017,3159.86055790126,0.880043284399407,,,,,18.2116017363997,15.1401189366378,10.646084413255,12.99,,,,4.5334300994873,26.9295056224773,,,0
VUT,Vanuatu,VU,2018,3206.65748718811,0.914727908137792,,,,,18.0274499935816,15.0279472126236,10.262122243109,13.02,,,,8.60634669948001,25.6217665107025,,,0
VUT,Vanuatu,VU,2019,3207.44650452083,0.936526267622513,32.3,19.5,36.9,81.3,17.8405011371154,14.9122594257088,9.8866870275737,13.05,,,,1.77407002449036,27.8408806021405,,,0
VUT,Vanuatu,VU,2020,3042.98711598286,0.909421043508407,,,,,17.6591611939815,14.7921650793478,9.48440411669356,13.06,,,,2.17358994483948,34.0395886742464,,,0
VUT,Vanuatu,VU,2021,3211.71947349318,0.982362211918412,,,,,17.4184319742111,14.6267728106841,9.17018560779726,,,,,10.1102406419734,33.1432859703131,,,0
VUT,Vanuatu,VU,2022,3292.34108821237,1.03065420830053,,,,,17.1489750291926,14.4331888797267,8.93033975345892,,,,,10.7033456499063,31.4874073950711,,,0
VUT,Vanuatu,VU,2023,3515.23633611798,1.12631335921923,,,,,16.795478297857,14.1680519051314,8.71552304135775,,,,,7.58135986328125,28.0741375624264,,,0
WSM,Samoa,WS,2000,1424.75240002471,0.258856139798489,,,,,21.1821620354757,16.3662510140313,8.76036489875601,,,,,3.63095998764038,,,,1
WSM,Samoa,WS,2001,1453.87021324606,0.266299591479428,,,,,20.5562820248853,15.9085777378353,8.44946772762971,,,,,3.97652006149292,,,,1
WSM,Samoa,WS,2002,1527.55790455937,0.281790134211972,40.7,5.9,15.0,51.8,20.0333935041483,15.5318041632677,8.19732123343765,,,,,3.93932008743286,,,,1
WSM,Samoa,WS,2003,1798.12429714048,0.33342618841876,,,,,19.6506869758157,15.2676532259857,7.99500607305846,,,,,,,,,0
WSM,Samoa,WS,2004,2189.26042607992,0.407747565096959,,,,,19.3876278991898,15.0990967611354,7.85583338728034,,,,,,,,,0
WSM,Samoa,WS,2005,2550.04221437511,0.476801793159429,,,,,19.276751461898,15.0462017660907,7.76055778617559,,,,,,,,,0
WSM,Samoa,WS,2006,2663.29135939532,0.499923757780736,,,,,19.2578972188957,15.0660743998624,7.7142807117986,,,,,,,,,0
WSM,Samoa,WS,2007,3038.61904093377,0.573548459833372,,,,,19.2884005943139,15.1163157590641,7.72041841048132,,,,,,,,,0
WSM,Samoa,WS,2008,3373.60639884263,0.641346191664776,42.0,3.7,12.3,49.6,19.3442465037451,15.1942963145574,7.75405491316516,,,,,5.11659002304077,,,,0
WSM,Samoa,WS,2009,3279.18269477295,0.628006115424052,,,,,25.4037329722021,17.3835485648877,7.87960016436558,,,,,,,,,1
WSM,Samoa,WS,2010,3524.2479246203,0.680260907153983,,,,,19.3405797640217,15.269040482924,7.79572407368422,,,,,,,,,0
WSM,Samoa,WS,2011,3821.50678264479,0.744097050169115,,,,,19.2454200812777,15.2286946081169,7.76023951927964,,,,,4.77426341839114,,,,0
WSM,Samoa,WS,2012,3934.60320799981,0.773141661165547,,,,,19.1050753865054,15.1468949942299,7.68603219103685,,,,,4.89170722777607,28.8073684091597,,,0
WSM,Samoa,WS,2013,4023.5254013825,0.797736334281305,38.7,4.5,11.5,49.4,18.9251899384527,15.043567389698,7.58983914721681,,,,,4.61486064947671,28.7514695428958,,,0
WSM,Samoa,WS,2014,3982.68080202084,0.796683519593842,,,,,18.7091873257413,14.9103361475013,7.48928361001903,,4.9,3.2,3.9,5.41392159958726,30.7326856144729,,,0
WSM,Samoa,WS,2015,4084.36083819933,0.824150498653536,,,,,18.5232306604215,14.7947146327853,7.38523861601092,,,,,4.42452121728174,28.6031956845264,,,0
WSM,Samoa,WS,2016,4147.07097674888,0.84392479669742,,,,,18.325914948872,14.675281112514,7.29096692885915,,,,,3.98114991188049,24.9884596525202,,,0
WSM,Samoa,WS,2017,4307.59381964907,0.884844384463214,,,,,18.1124953085447,14.5352861778018,7.17723931571456,,,,,4.18871569584785,24.6707628573014,,,0
WSM,Samoa,WS,2018,4231.81409469194,0.878448433404342,,,,,17.8223828375108,14.3386735059737,7.06958309385901,,,,,4.47214854040471,28.3133997038535,,,0
WSM,Samoa,WS,2019,4351.94234943706,0.912950466064906,,,,,20.2292945234498,14.9405051423758,6.9719731978309,,7.3,3.4,3.1,4.58404753905646,27.8053074483527,,,1
WSM,Samoa,WS,2020,4099.6600907147,0.868898358266437,,,,,17.0307746375751,13.7610335458842,6.74617255277618,,,,,4.50316850152178,29.8100699597695,,,0
WSM,Samoa,WS,2021,3947.64517905415,0.843923638733018,,,,,16.5954355928125,13.4390182930652,6.56151418899662,,,,,5.2162847162306,35.079824788802,,,0
WSM,Samoa,WS,2022,3869.46639492144,0.832945205637185,,,,,16.1639141091103,13.1136518794441,6.38065330456084,,,,,6.15978780645853,33.9993569748662,,,0
WSM,Samoa,WS,2023,4330.17840531329,0.938189443830392,,,,,15.7030413714612,12.7604584258011,6.17274997204342,,,,,6.1096302676416,29.719281221752,,,0
XKX,Kosovo,XK,2008,2877.39331402724,5.18177676871247,,,,,23.5651863066916,21.4516803487001,15.8054682407778,,,,,,,,,1
XKX,Kosovo,XK,2009,2794.86699473069,5.01589469297027,31.8,10.5,26.0,73.6,21.7356446085111,19.8009386804838,14.8056787194929,,,,,,,,,1
XKX,Kosovo,XK,2010,2987.54519574464,5.34395055607184,33.3,10.6,26.1,71.1,20.1003404921733,18.3232020575055,13.9033509458797,,,,,,,,,1
XKX,Kosovo,XK,2011,3538.94759838576,6.34161360997976,27.8,6.6,20.0,72.2,18.6640457899735,17.0237719159339,13.0537510070742,,,,,,,,,0
XKX,Kosovo,XK,2012,3410.65550749316,6.16348424463408,29.0,3.9,12.4,59.4,17.3949038728543,15.8707097284189,12.248294452862,,,,,,,,,0
XKX,Kosovo,XK,2013,3704.55872781672,6.7353286096594,26.3,2.2,8.0,58.5,16.2589151371889,14.8380312950632,11.5214483851395,,,,,,,,,0
XKX,Kosovo,XK,2014,3902.49424360946,7.07439473488431,27.3,3.3,11.0,57.5,15.2231639852991,13.890450785785,10.8445622434998,,,,,,,,,0
XKX,Kosovo,XK,2015,3520.62850699375,6.29584842271572,26.5,2.4,7.6,54.1,14.2836729096303,13.0347684030048,10.2393847809853,,,,,,,,,0
XKX,Kosovo,XK,2016,3759.44959067104,6.68267728998994,26.7,2.0,8.5,53.4,13.429571765887,12.2547060241529,9.69771147169291,,,,,,,,,0
XKX,Kosovo,XK,2017,4009.31799347588,7.18076470335718,44.2,15.2,22.2,49.5,12.613856878963,11.508801635902,9.20625438852386,,,,,,,,,0
XKX,Kosovo,XK,2018,4384.18624084947,7.87875971482322,44.6,20.7,28.1,54.7,11.8593170464475,10.8171339077555,8.74080867714049,,,,,,,,,0
XKX,Kosovo,XK,2019,4415.99716107514,7.89973757747286,40.2,11.3,15.7,38.3,11.1507332141789,10.1755584972997,8.29729854550338,,,,,,,,,0
XKX,Kosovo,XK,2020,4310.89065548799,7.71714521781247,57.4,16.8,21.6,38.9,10.518500201971,9.60533106904801,7.87831177601458,,,,,,,,,0
XKX,Kosovo,XK,2021,5270.42965289833,9.41340372401899,49.4,25.0,28.4,47.0,9.96596173727163,9.1085407158742,7.49268974658178,,,,,,,,,0
XKX,Kosovo,XK,2022,5290.94747224687,9.35490306188979,38.3,10.0,14.9,38.2,9.51026416242216,8.69911752652018,7.1466643443882,,,,,,,,,0
XKX,Kosovo,XK,2023,6221.20365212094,10.468220306907,,,,,9.10581517438827,8.33923382775144,6.83393908563256,,,,,,,,,0
YEM,"Yemen, Rep.",YE,2000,493.235182634814,9.67931677018633,,,,,93.1563389311412,75.8677852471897,36.8155485920395,,,,,9.66162967681885,,,,1
YEM,"Yemen, Rep.",YE,2001,487.141257946318,9.85299069298714,,,,,88.3763831384717,72.2650202189191,35.7430993723627,,,,,9.24470996856689,,,,1
YEM,"Yemen, Rep.",YE,2002,513.241486570603,10.6934305114664,,,,,83.5989642498042,68.648833928993,34.6117754581669,,,,,,,,,1
YEM,"Yemen, Rep.",YE,2003,548.905883049973,11.7775326620499,,,,,79.0368844815779,65.1826676341043,33.5115837033966,,60.7,48.5,16.2,,,,,1
YEM,"Yemen, Rep.",YE,2004,627.632023395762,13.8676343714773,,,,,74.7160717531211,61.8800496061323,32.4011573906161,,,,,,,,,1
YEM,"Yemen, Rep.",YE,2005,734.159908450927,16.7315667171888,34.7,21.4,43.8,85.1,70.6331413119859,58.7440098565271,31.3087690262122,,60.8,38.6,13.9,,,,,1
YEM,"Yemen, Rep.",YE,2006,809.713127624703,19.063143369858,,,,,66.8058215173379,55.7785581228057,30.2701671307533,,,,,,,,,1
YEM,"Yemen, Rep.",YE,2007,890.305768114988,21.6505286740933,,,,,63.3140807855937,53.0604985493235,29.2641181948487,,,,,,,,,1
YEM,"Yemen, Rep.",YE,2008,1071.63583282105,26.910855807288,,,,,60.1739260588867,50.6258876434493,28.3530237917584,,,,,5.15143013000488,,,,1
YEM,"Yemen, Rep.",YE,2009,969.243509864478,25.1302782125575,,,,,57.3981339776428,48.4908163369044,27.5371325823433,,,,,,,,,1
YEM,"Yemen, Rep.",YE,2010,1155.20305261418,30.906749533221,,,,,54.9290758055187,46.5833817784091,26.8099109393442,,,,,,,,,1
YEM,"Yemen, Rep.",YE,2011,1186.47500580876,32.7264178782975,,,,,52.9674745825998,45.0231266579417,26.1609059096339,,50.2,38.2,13.2,,,,,1
YEM,"Yemen, Rep.",YE,2012,1245.05068271586,35.4013316094516,,,,,51.4127932406907,43.7404551857102,25.5780186379254,,,,,,,,,1
YEM,"Yemen, Rep.",YE,2013,1378.75002954611,40.4152334360836,,,,,49.4647943943627,42.4107599050071,25.0791695035898,,51.2,43.8,17.1,,,1.505232453346252,,1
YEM,"Yemen, Rep.",YE,2014,1430.1642096418,43.2285853213737,36.7,33.3,57.7,88.0,48.3922201768287,41.4866162228929,24.6393017490422,,,,,,,,,1
YEM,"Yemen, Rep.",YE,2015,1362.17381205593,42.4444900737255,,,,,49.0210211375963,41.3293219642211,24.2911879187304,,,,,,,,,1
YEM,"Yemen, Rep.",YE,2016,975.359417003225,31.3178252741507,,,,,47.7155109859149,40.4797885484677,23.9320288386897,,,,,,,,,1
YEM,"Yemen, Rep.",YE,2017,811.165970405745,26.8422290445848,,,,,46.5747405189976,39.7201800776773,23.5733747835262,,,,,,,,High,1
YEM,"Yemen, Rep.",YE,2018,633.887202450998,21.6061606630131,,,,,46.9535443977823,39.5577365224732,23.2569814348115,,,,,,,,,1
ZAF,South Africa,ZA,2000,3217.84693448467,151.752757215309,57.8,47.9,59.3,78.5,71.0658259726498,46.898479960876,13.5293116468755,17.18,,,,4.90881013870239,24.4358091522258,,,1
ZAF,South Africa,ZA,2001,2847.15191945908,135.429905922526,,,,,74.3041655524137,47.6078706039242,12.9571891002133,17.18,,,,4.63617992401123,24.3412920517984,,,1
ZAF,South Africa,ZA,2002,2688.23676032806,129.087556612449,,,,,76.8526736640833,48.0066829832529,12.5424281696797,17.16,,,,4.54569005966187,23.6803783151852,,,1
ZAF,South Africa,ZA,2003,4062.21755993786,197.018965308696,,,,,79.2760808096146,48.6458139392549,12.3131276278863,17.12,,,,4.35209989547729,24.7704671599849,,,1
ZAF,South Africa,ZA,2004,5221.46333731721,255.806908594573,,,,,81.0071284182486,48.9624131498241,12.2380776203315,17.06,,,,4.50897979736328,25.6020497773113,,,1
ZAF,South Africa,ZA,2005,5836.87663325127,288.867217196534,64.8,42.1,56.2,75.6,80.2723640119252,47.8840432834522,12.2923213718554,16.98,,,,4.52449989318848,25.6017227017192,,,1
ZAF,South Africa,ZA,2006,6077.38293388876,303.858675363643,,,,,77.549853791392,45.9733456268462,12.4390866408784,16.91,,,,4.52651977539062,25.8417852811827,,,1
ZAF,South Africa,ZA,2007,6591.85535960564,333.077117253684,,,,,71.8709585530214,43.8195686802292,12.6094042367546,16.85,,,,4.4466700553894,26.0805418540207,,,1
ZAF,South Africa,ZA,2008,6184.75474328399,316.131258616309,63.0,30.3,44.0,67.1,64.1783193914082,40.6070024603109,12.7442906661776,16.79,25.0,9.1,5.4,4.37424993515015,27.1771183464084,,,1
ZAF,South Africa,ZA,2009,6374.70560042992,329.754060647129,,,,,57.0301451736365,37.6898555603662,12.7271827040679,16.75,,,,4.76118993759155,29.1019033706759,,Medium,1
ZAF,South Africa,ZA,2010,7973.47195771517,417.363822801713,63.4,29.5,42.8,65.8,50.0102548097657,35.4076241689307,12.5069041425384,16.7,,,,5.13497018814087,29.5775128260769,,,1
ZAF,South Africa,ZA,2011,8646.05571071635,458.199494830834,,,,,45.0470971564537,33.8687843852935,12.2245306307578,16.66,,,,5.28898000717163,31.0619734464171,,,1
ZAF,South Africa,ZA,2012,8076.97678479741,434.40054508581,,,,,42.4681891785946,32.9763445548089,11.9512849998388,16.63,,,,5.52323007583618,30.3651797341743,,,1
ZAF,South Africa,ZA,2013,7331.65467384919,400.886013595573,,,,,40.9533667524627,32.023460226829,11.7825554610868,16.61,,,,5.35071992874146,31.259190573785,,,1
ZAF,South Africa,ZA,2014,6856.73137092522,381.198869776106,63.0,31.2,44.5,66.2,39.5766151664477,30.883774839655,11.6910733373627,16.6,,,,5.48977994918823,31.9053501556958,,,1
ZAF,South Africa,ZA,2015,6112.27382485974,346.709790458562,,,,,38.2332856441308,29.6588716628823,11.6225078540462,16.6,21.2,5.7,3.4,5.48285007476807,33.6797787454907,,,1
ZAF,South Africa,ZA,2016,5651.20585165749,323.585509674481,,,,,36.8362337141626,28.3842932336494,11.54624239034,16.62,27.4,5.9,2.5,5.4442400932312,32.1896608002111,0.8440228700637817,,1
ZAF,South Africa,ZA,2017,6618.33508255701,381.448814653456,,,,,35.760242809391,27.2545756045734,11.4904947039026,16.63,21.3,4.9,3.6,5.59867000579834,33.2518124768773,,,1
ZAF,South Africa,ZA,2018,6914.1780318076,405.260723892517,,,,,34.9197696892544,26.2646181744205,11.4683666901517,16.63,,,,5.64401006698608,33.9954978254972,,,1
ZAF,South Africa,ZA,2019,6533.71121032856,389.330032224268,,,,,34.4820415487772,25.5908662802803,11.4572214910323,16.64,,,,5.9115800857544,34.6532754617872,,,1
ZAF,South Africa,ZA,2020,5580.60383075189,337.974655408055,,,,,34.0719628950969,24.9816682447127,11.4519408967758,16.64,,,,6.17067003250122,37.8354162011745,,,1
ZAF,South Africa,ZA,2021,6843.39941886204,420.886877628703,,,,,34.1355984290411,24.7018630942417,11.4897748487024,,,,,6.5551700592041,34.53100888431,,,1
ZAF,South Africa,ZA,2022,6523.41097815853,406.920004594074,,,,,34.3661321838974,24.5286975622267,11.5636971168156,,,,,6.15599012374878,33.4798352578178,,,1
ZAF,South Africa,ZA,2023,6022.54254192335,380.699271816395,,,,,34.6505946265276,24.4175398857739,11.6541051980032,,,,,6.12346982955933,,,,1
ZMB,Zambia,ZM,2000,359.429500988221,3.60063211141414,,,,,152.507432990928,89.3721048852052,33.9256339366017,13.09,,,,1.78819000720978,,,,1
ZMB,Zambia,ZM,2001,396.548952993504,4.09444130121423,,,,,143.795361430622,84.594719289356,32.9762180861626,13.02,,,,,14.1039364197112,,,1
ZMB,Zambia,ZM,2002,393.864625518616,4.19385044542632,42.1,68.0,81.9,95.7,133.679002267088,78.7962524551957,31.7256306600533,12.94,57.4,25.2,6.0,,14.1723814032495,,,1
ZMB,Zambia,ZM,2003,446.290104839041,4.90186976405957,,,,,123.585503252979,72.8787038549663,30.4030316931852,12.85,,,,,15.7437951637883,,,1
ZMB,Zambia,ZM,2004,548.685974566277,6.22111021945542,54.3,68.9,79.2,92.7,113.690175086098,66.7088884573417,29.1320608779893,12.75,,,,2.46342992782593,17.4458663383882,,,1
ZMB,Zambia,ZM,2005,710.982068171696,8.33187016914977,,,,,104.821362446142,61.2148246360679,28.0419742193704,12.66,,,,1.73553001880646,19.757004537823,,,1
ZMB,Zambia,ZM,2006,1051.71714895686,12.7568588992812,54.6,72.0,81.5,93.3,97.1074867703877,57.4571684066335,27.2002314571038,12.57,,,,,14.2354148398887,,,1
ZMB,Zambia,ZM,2007,1118.73162626953,14.0569579762648,,,,,91.3674665850046,55.4083736707404,26.6334349928073,12.47,48.3,15.6,5.9,1.24075996875763,14.7667398304801,,,1
ZMB,Zambia,ZM,2008,1375.50211006997,17.9108586379048,,,,,86.2051393636141,52.9344223915596,26.2598414373022,12.38,,,,1.0997200012207,16.3839400422928,,,1
ZMB,Zambia,ZM,2009,1136.24168316848,15.3283423039575,,,,,80.0073763379673,50.7376635228128,25.9755232395902,12.3,,,,,14.5002101105047,,,1
ZMB,Zambia,ZM,2010,1451.10616017155,20.2655594838548,52.0,71.4,81.4,93.5,75.6772230473812,48.9803757620544,25.741453936044,12.21,,,,3.41600445393739,14.6688561532361,,,1
ZMB,Zambia,ZM,2011,1624.86817763443,23.4595152755776,,,,,73.133368731698,47.6386473894251,25.4904379450294,12.13,,,,3.35772272046971,14.4956773687217,,,1
ZMB,Zambia,ZM,2012,1710.05061343728,25.503060420026,,,,,70.448446661781,46.3515600377675,25.2707793732527,12.05,,,,3.69500242842903,16.5322416609076,,,1
ZMB,Zambia,ZM,2013,1820.71854827391,28.0372394627142,,,,,67.2013356301485,44.7293399682683,25.0685573525263,11.97,42.1,15.8,5.9,3.71820710892018,17.8533057349122,,,1
ZMB,Zambia,ZM,2014,1707.48573136694,27.1410235580829,,,,,63.7871806461471,43.2613563556311,24.8664781681445,11.88,,,,5.15225706811611,20.2562396253045,,,1
ZMB,Zambia,ZM,2015,1295.87788680068,21.2512167987762,55.8,67.9,78.4,92.0,61.5308418153794,42.4535246171983,24.6572119772281,11.78,,,,4.62433004379272,23.233787759937,,,1
ZMB,Zambia,ZM,2016,1239.08527877713,20.9584125383093,,,,,59.006779077065,40.9190765102203,24.4443865186827,11.68,,,,3.74792003631592,22.4086833420161,,,1
ZMB,Zambia,ZM,2017,1483.46577328065,25.8736012608353,,,,,56.0683357756305,38.7817995052832,24.2038409179276,11.57,,,,3.72964000701904,20.9220759632247,,,1
ZMB,Zambia,ZM,2018,1463.89997855593,26.3115072736735,,,,,55.1700816419674,37.4908043341697,23.9026456997713,11.46,35.9,12.4,3.8,4.73974990844727,20.1107118421132,1.683377265930176,Very_High,1
ZMB,Zambia,ZM,2019,1258.98619844462,23.3086677812258,,,,,54.0880879086757,35.7377140872082,23.5798318698612,11.36,,,,4.4182401844799,21.9561627239835,,,1
ZMB,Zambia,ZM,2020,951.644316655957,18.137764930651,,,,,52.4233218999327,34.5051792541984,23.184007873948,11.25,,,,3.94374100561712,25.3722344097293,,,1
ZMB,Zambia,ZM,2021,1127.16077872857,22.0964169320089,,,,,49.2137783002184,33.362487391544,22.7795854051939,,,,,3.11363465307753,25.1370961006544,,,1
ZMB,Zambia,ZM,2022,1447.12310138035,29.1637821404858,51.5,71.7,81.4,94.0,46.6667058292698,32.1992117009723,22.3684268540516,,,,,3.65884092023983,,,,1
ZMB,Zambia,ZM,2023,1330.72780576709,27.577956471244,,,,,44.7233954500099,30.8592653870856,21.9850606188359,,,,,4.07374933049157,,,,1
ZWE,Zimbabwe,ZW,2000,562.556945680495,6.68995813866446,,,,,98.2933283136205,59.3275682989672,24.8501417078593,12.92,,,,,,,,1
ZWE,Zimbabwe,ZW,2001,566.107692145462,6.77738524570394,,,,,97.896235617686,61.1435365878271,25.2704666343955,12.89,,,,,,,,1
ZWE,Zimbabwe,ZW,2002,524.677281078209,6.34211691065686,,,,,84.7931475059205,58.2934282049016,25.9234424672937,12.86,,,,,,,,1
ZWE,Zimbabwe,ZW,2003,468.234223473035,5.72759226117634,,,,,88.4762172134549,60.9837522939633,26.6855776061176,12.84,,,,,,,,1
ZWE,Zimbabwe,ZW,2004,469.484691401035,5.80559886745729,,,,,91.656123660751,64.2463551743683,27.4660099446751,12.82,,,,,,,,1
ZWE,Zimbabwe,ZW,2005,461.028318446444,5.75521566340053,,,,,92.2601949031389,66.6128378042675,28.2175818345901,12.8,37.3,14.0,7.8,,,,,1
ZWE,Zimbabwe,ZW,2006,430.809214010242,5.44389693833366,,,,,93.9574070495578,69.45327615017,29.005542274118,12.79,,,,,,,,1
ZWE,Zimbabwe,ZW,2007,413.302605010004,5.29195052609918,,,,,94.7094247809828,71.4818709229864,29.6839382425509,12.74,,,,,,,,1
ZWE,Zimbabwe,ZW,2008,340.740210298158,4.41570315554517,,,,,93.4477966340752,71.7193005596094,30.0869004540084,12.67,,,,,,,,1
ZWE,Zimbabwe,ZW,2009,735.446248561806,9.66581560113562,,,,,90.3371962873487,70.6649328435079,30.0288033810565,12.56,37.1,11.7,2.8,,9.46550773326811,,,1
ZWE,Zimbabwe,ZW,2010,901.55051752819,12.0416027617901,,,,,84.9606117437612,67.5957965254197,29.5763594997817,12.41,33.7,10.2,3.4,1.54405999183655,16.1209443547968,,,1
ZWE,Zimbabwe,ZW,2011,1037.24613741902,14.1018010305739,43.2,35.7,53.5,83.2,78.8333525312736,64.6996838082649,28.8963651570677,12.28,,,,,19.0771549950937,,,1
ZWE,Zimbabwe,ZW,2012,1238.59479481433,17.1147629135326,,,,,71.3569119372776,59.9458890778083,28.0966192280608,12.17,,,,6.07020998001099,20.2119298760243,,,1
ZWE,Zimbabwe,ZW,2013,1362.29952932396,19.0910040424363,,,,,65.5494624382542,56.9533484785741,27.3760149410329,12.11,32.8,11.1,3.5,5.99597978591919,,,,1
ZWE,Zimbabwe,ZW,2014,1372.21474610373,19.4955475229894,,,,,61.771426261767,54.3274823316977,26.7918006310706,12.09,30.4,11.2,3.5,6.13835000991821,,,,1
ZWE,Zimbabwe,ZW,2015,1386.41855927575,19.9630588584528,,,,,59.7639103653258,52.8353847257298,26.2698565330174,12.08,28.7,8.5,3.6,,21.8094849313164,1.297730326652527,,1
ZWE,Zimbabwe,ZW,2016,1407.42096413212,20.5487598580924,,,,,56.9123651967359,50.7796788732327,25.8205614971896,12.06,,,,,25.2362484712416,,Very_High,1
ZWE,Zimbabwe,ZW,2017,3448.08699068824,51.0747264840037,44.3,44.7,61.8,85.5,54.9537976143069,49.1832938799334,25.4161151559135,12.01,,,,2.00339007377625,9.78276662473592,,,1
ZWE,Zimbabwe,ZW,2018,2271.85250365817,34.1560574173285,,,,,52.2897014092393,47.3951726403352,24.9070860143439,11.96,,,,2.05048990249634,10.9772842777823,,,1
ZWE,Zimbabwe,ZW,2019,1683.91313584141,25.7156571774682,50.3,49.2,64.6,86.2,51.0625687914726,45.9626636367322,24.419400290217,11.89,25.6,9.7,2.8,,,,,1
ZWE,Zimbabwe,ZW,2020,1730.45391034701,26.86856405512,,,,,50.0833158493995,44.8980866125447,23.951677573959,11.83,,,,,,,,1
ZWE,Zimbabwe,ZW,2021,1724.38727102272,27.2405078416729,,,,,47.6206112552656,43.6216111930016,23.4237908730443,,,,,,,,,1
ZWE,Zimbabwe,ZW,2022,2040.54658705395,32.7896573779788,,,,,45.9858537976127,42.2235827911768,22.8767198181197,,,,,,,,,1
ZWE,Zimbabwe,ZW,2023,2156.03409322984,35.2313693434002,,,,,44.2120080727106,40.5728081641791,22.3657401323343,,,,,0.384771297211919,,,,1
