country_name,year,cluster,gdp_per_capita_current_usd,gini_index,under5_mortality_rate,poverty_headcount_3_dollars_pct
Angola,2000,1,563.733795571487,51.9,203.00848655977,27.0
Angola,2008,1,4103.0669003635,42.7,136.960625413994,22.1
Angola,2018,1,2538.59139143371,51.3,77.2545335368577,39.3
Albania,2002,0,1479.83884572006,31.7,24.3143073581648,4.2
Albania,2005,0,2741.72136549578,30.6,19.955758360276,2.7
Albania,2008,0,4498.50486763601,30.0,15.7532509118719,0.8
Albania,2012,0,4222.3470988913,29.0,11.2176022948469,1.8
Albania,2014,0,4602.23051443229,34.6,9.92591665812125,3.7
Albania,2015,0,3981.72662261867,32.8,9.57825909241735,1.1
Albania,2016,0,4168.37544462548,33.7,9.39889868284354,1.1
Albania,2017,0,4614.0479692596,33.1,9.33667498642663,1.4
Albania,2018,0,5365.48880180298,30.1,9.34293878980078,1.0
Albania,2019,0,5460.4305086932,30.1,9.38644535597836,0.3
Albania,2020,0,5370.77749956875,29.4,9.43316579920125,0.3
United Arab Emirates,2013,0,52023.5170959441,32.5,8.17748497338538,0.0
United Arab Emirates,2018,0,45689.8570049401,26.4,6.66061132007445,0.0
Argentina,2000,0,7637.01489203628,51.0,19.3566209323244,7.3
Argentina,2001,0,7141.47507662826,53.3,18.7862143231838,10.7
Argentina,2002,1,2569.69963519124,53.8,18.3057594706149,17.1
Argentina,2003,0,3320.47775133903,51.0,17.8300273239507,8.2
Argentina,2004,0,4242.02099089422,48.5,17.2943670532529,6.0
Argentina,2005,0,5067.65342293276,47.8,16.7333575728606,4.4
Argentina,2006,0,5869.38028970204,46.4,16.2292016206499,3.5
Argentina,2007,0,7185.25155147027,46.3,15.7973812615562,2.8
Argentina,2008,0,8944.1102657357,45.0,15.3887680194697,2.6
Argentina,2009,0,8150.23527028221,43.8,14.9440275476769,2.4
Argentina,2010,0,10260.1313108254,43.7,14.4406434913685,1.5
Argentina,2011,0,12704.2831819684,42.7,13.8826764285275,1.2
Argentina,2012,0,12949.717486654,41.4,13.2863226888958,1.3
Argentina,2013,0,12963.675773326,41.1,12.704969655437,1.1
Argentina,2014,0,12233.1444119186,41.8,12.1898117574431,1.1
Argentina,2016,0,12699.9623137756,42.3,11.363106283175,1.3
Argentina,2017,0,14532.5009308511,41.4,11.0345587791597,1.1
Argentina,2018,0,11752.7998922979,41.7,10.7455102810636,1.6
Argentina,2019,0,9955.97478680428,43.3,10.4830734242708,1.7
Argentina,2020,0,8535.59938004389,42.7,10.2582116963671,2.2
Argentina,2021,0,10738.0179223384,42.4,10.0468513667165,1.4
Argentina,2022,0,13935.6811110049,40.7,9.84577900908724,1.3
Argentina,2023,0,14187.4827252965,42.4,9.64850748979662,1.2
Argentina,2024,0,13858.2039802008,42.4,10.3804661501567,1.0
Armenia,2001,1,659.588988535629,35.4,29.2827406617807,24.1
Armenia,2002,1,742.651118319819,34.8,27.8841160304609,19.8
Armenia,2003,0,882.030167695474,33.0,26.5417476698003,14.8
Armenia,2004,0,1130.08791444158,37.5,25.2291707742897,10.3
Armenia,2005,0,1557.48458908655,36.0,23.9904366093392,6.1
Armenia,2006,0,2041.65267068997,29.7,22.8160529881216,4.5
Armenia,2007,0,2962.70234594569,31.2,21.7061890578598,3.7
Armenia,2008,0,3777.66859313767,29.2,20.6480754617322,2.0
Armenia,2009,0,2820.5926553347,28.0,19.6507303466185,3.1
Armenia,2010,0,3041.34450723339,30.0,18.7092632301967,2.9
Armenia,2011,0,3349.55309771906,29.4,17.8141172450955,3.1
Armenia,2012,0,3511.56399687426,29.6,16.9600745069253,2.5
Armenia,2013,0,3680.16692158886,30.6,16.1562820259079,2.9
Armenia,2014,0,3852.11800610384,31.5,15.3804397043496,3.4
Armenia,2015,0,3512.39350276709,32.4,14.6488747852455,2.9
Armenia,2016,0,3524.42476874707,32.5,13.9707057410061,2.5
Armenia,2017,0,3869.05373867752,33.6,13.3218249747431,2.4
Armenia,2018,0,4196.00562301769,34.4,12.7114825411208,2.9
Armenia,2019,0,4597.22887399548,30.0,12.1320360351397,2.4
Armenia,2020,0,4268.68093304583,25.1,11.5714440557054,1.5
Armenia,2021,0,4685.17997128509,27.9,11.0391690610356,2.1
Armenia,2022,0,6571.97445545099,27.9,10.5305723433989,1.9
Armenia,2023,0,8125.27395754003,27.2,10.0444541803123,1.9
Australia,2001,0,19695.7297379144,33.5,6.07714523511331,1.0
Australia,2003,0,23718.1338501868,33.5,5.90909712074225,1.0
Australia,2004,0,30836.7306824685,33.1,5.83214403366044,0.7
Australia,2008,0,49701.2817843335,35.4,5.21928770294957,0.7
Australia,2010,0,52144.6654705468,34.7,4.76940055680599,0.3
Australia,2014,0,62544.0873773726,34.4,3.97930594749851,0.5
Australia,2016,0,49888.0410842736,33.7,3.8254982141468,0.5
Australia,2018,0,57196.4220783778,34.3,3.78900413559939,0.5
Australia,2020,0,51791.540179984,33.8,3.77297462496702,1.0
Austria,2000,0,24487.2974685956,29.0,5.49889606580409,0.2
Austria,2003,0,32110.1159661425,29.5,5.18789071737649,0.4
Austria,2004,0,36614.2506533707,29.8,5.05076154745371,0.1
Austria,2005,0,38157.37022862,28.7,4.90584943996293,0.2
Austria,2006,0,40382.2078298575,29.6,4.76555379526753,0.1
Austria,2007,0,46622.9622913635,30.6,4.64265091934733,0.4
Austria,2008,0,51581.3982361071,30.4,4.54343474651227,0.5
Austria,2009,0,47857.4446635266,31.5,4.44409434420071,0.7
Austria,2010,0,46611.1393420232,30.3,4.3257803081414,0.5
Austria,2011,0,51116.8953522042,30.8,4.18826187523281,0.5
Austria,2012,0,48250.4059142637,30.5,4.04769737411353,0.7
Austria,2013,0,50305.3545774973,30.8,3.91698893380702,0.3
Austria,2014,0,51314.9722616322,30.5,3.80250004315062,0.2
Austria,2015,0,43915.228020857,30.5,3.71224360373736,0.7
Austria,2016,0,45061.4993920192,30.8,3.64665587857101,0.7
Austria,2017,0,47163.7425775142,29.7,3.59380447579935,0.3
Austria,2018,0,51194.0749841299,30.8,3.54861778963197,0.6
Austria,2019,0,49885.9947355204,30.2,3.49366199578761,0.6
Austria,2020,0,48716.4098900349,29.8,3.42054535520444,0.7
Austria,2021,0,53648.7190742245,30.7,3.32912917152151,0.5
Austria,2022,0,52176.6649141178,30.9,3.22882819817805,0.6
Austria,2023,0,56033.573792065,31.2,3.12639981361465,0.5
Azerbaijan,2001,1,703.670998584686,36.5,69.0202355525737,11.4
Azerbaijan,2002,0,763.108895463487,25.3,64.1261055125142,0.2
Azerbaijan,2003,0,883.692580745256,26.8,59.5717001616866,0.2
Azerbaijan,2004,0,1045.0136328106,26.6,55.4696137711852,0.0
Azerbaijan,2005,0,1578.36733030667,26.6,51.8347746948204,0.0
Burundi,2006,1,161.892755640319,33.4,116.813169582298,81.5
Burundi,2013,1,234.843045388828,38.6,75.4601646198312,75.8
Burundi,2020,1,210.008139902508,37.5,54.631948674125,74.2
Belgium,2000,0,23098.8865077401,33.1,5.87522427743049,0.3
Belgium,2003,0,30655.2092679024,28.1,5.32389734754517,0.4
Belgium,2004,0,35429.4077933344,30.5,5.16942076604629,0.1
Belgium,2005,0,36809.7013403619,29.3,5.02973488573692,0.3
Belgium,2006,0,38705.1067959147,28.1,4.90363342013812,0.2
Belgium,2007,0,44319.165448813,29.2,4.78531336041116,0.2
Belgium,2008,0,48303.397956286,28.4,4.66906250519866,0.1
Belgium,2009,0,44923.3400135081,28.6,4.55929248097925,0.1
Belgium,2010,0,44197.393671162,28.4,4.45885134557465,0.1
Belgium,2011,0,47760.8298776546,28.1,4.36995238516901,0.2
Belgium,2012,0,44874.1709182123,27.5,4.2894159763994,0.2
Belgium,2013,0,46964.5946777056,27.7,4.21693855585754,0.1
Belgium,2014,0,47995.7786961339,28.1,4.15360664268418,0.1
Belgium,2015,0,40893.804537772,27.7,4.1050913619747,0.1
Belgium,2016,0,41854.5498296444,27.6,4.06722656241036,0.1
Belgium,2017,0,44035.3239358548,27.4,4.0311327023427,0.2
Belgium,2018,0,47487.2100392561,27.2,3.98640533950915,0.1
Belgium,2019,0,46716.6227467964,27.2,3.9289662960746,0.1
Belgium,2020,0,45906.2875805246,26.0,3.85877616439055,0.1
Belgium,2021,0,51658.238294958,26.6,3.77938180593982,0.0
Belgium,2022,0,50822.2518538518,26.4,3.69625524596886,0.0
Belgium,2023,0,54690.0942734964,26.8,3.60260920510039,0.1
Benin,2003,1,676.002878084282,38.6,126.47555872001,70.5
Benin,2011,1,1059.41358852588,43.4,106.16137363134,68.4
Benin,2015,1,1002.41886879614,47.6,97.1157791484731,65.8
Benin,2018,1,1151.7409703472,37.9,90.4570108453301,37.2
Benin,2021,1,1318.65158107487,34.4,83.0583134212207,27.2
Burkina Faso,2003,1,362.373899996953,43.3,164.254036880637,69.6
Burkina Faso,2009,1,601.569520671859,39.8,126.814668818578,67.2
Burkina Faso,2014,1,764.861675106225,35.3,104.714979165563,58.7
Burkina Faso,2018,1,777.465618514048,43.0,91.2302287579781,47.7
Burkina Faso,2021,1,895.535288442991,37.4,82.4705380552955,42.1
Bangladesh,2000,1,396.670730249751,33.4,85.4054169283021,41.4
Bangladesh,2005,1,480.08585075452,33.2,63.1686791691008,32.3
Bangladesh,2010,1,757.385280361508,32.1,48.9059398425992,25.1
Bangladesh,2016,0,1649.28380858601,32.4,36.9130170538597,19.5
Bangladesh,2022,0,2716.48592780431,30.9,30.6670360079829,5.9
Bulgaria,2001,0,1770.90704918691,32.7,16.7532023332124,4.7
Bulgaria,2003,0,2719.49436859287,28.9,15.1046257197367,2.2
Bulgaria,2006,0,4523.1465578805,35.7,12.4495977338897,8.0
Bulgaria,2007,0,5888.57081403932,36.1,11.8331456161863,2.5
Bulgaria,2008,0,7271.30338858025,33.6,11.449947574014,1.9
Bulgaria,2009,0,6988.27316296465,33.8,11.1636370478587,1.8
Bulgaria,2010,0,6853.94805511171,35.7,10.8396464096551,2.7
Bulgaria,2011,0,7849.58061302818,34.3,10.4216660501147,3.4
Bulgaria,2012,0,7431.95789508871,36.0,9.89848240812487,3.0
Bulgaria,2013,0,7795.98092108928,36.6,9.29363782564111,3.3
Bulgaria,2014,0,8069.60005667684,37.4,8.69344273255224,2.7
Bulgaria,2015,0,7268.65445473873,38.6,8.15928039226341,4.6
Bulgaria,2016,0,7822.49923292968,40.6,7.70115549505858,3.1
Bulgaria,2017,0,8696.68930427924,40.4,7.30626724064117,2.0
Bulgaria,2018,0,9872.38507789106,41.3,6.96547946413363,1.5
Bulgaria,2019,0,10372.8044341114,40.3,6.69052279787169,1.6
Bulgaria,2020,0,10769.9475699414,40.5,6.47772798317469,0.7
Bulgaria,2021,0,12972.2173356002,39.0,6.31252438647687,1.2
Bulgaria,2022,0,13999.6719197289,38.2,6.18285565828212,1.1
Bulgaria,2023,0,15883.8618545581,39.5,6.0768100588774,1.0
Bosnia and Herzegovina,2001,0,1387.89365131544,30.0,8.9283187294556,0.6
Bosnia and Herzegovina,2004,0,2452.68616839392,34.0,7.62986122062464,0.4
Bosnia and Herzegovina,2007,0,3931.48948737505,33.1,7.08164189875359,0.2
Bosnia and Herzegovina,2011,0,4982.69375768263,33.0,6.77182480271626,0.2
Belarus,2000,0,1276.28038121269,31.2,12.7662265397151,26.5
Belarus,2001,0,1244.37318523431,30.6,11.8342755239346,14.7
Belarus,2002,0,1479.38066337175,30.3,10.9515087168804,10.4
Belarus,2003,0,1819.52653114699,28.8,10.1522693910783,8.7
Belarus,2004,0,2378.33700470129,26.5,9.43483432455112,4.3
Belarus,2005,0,3126.07176665248,27.6,8.73848457336072,2.4
Belarus,2006,0,3848.22350300163,28.3,8.01491394247867,1.1
Belarus,2007,0,4735.48107556066,29.6,7.29973694489859,1.1
Belarus,2008,0,6376.17569162063,27.8,6.64341960200204,0.5
Belarus,2009,0,5352.48809190697,27.7,6.07489000400486,0.5
Belarus,2010,0,6034.67885177216,28.6,5.59290918675793,0.2
Belarus,2011,0,6527.6593428786,27.2,5.19355873236568,0.1
Belarus,2012,0,6953.21591683101,26.5,4.85991672418751,0.1
Belarus,2013,0,7998.0802045456,26.6,4.57672707184142,0.0
Belarus,2014,0,8341.31809294883,27.2,4.32454569956404,0.0
Belarus,2015,0,5967.05595058777,25.6,4.08782337540696,0.0
Belarus,2016,0,5039.77560949445,25.3,3.85360540042265,0.0
Belarus,2017,0,5785.54491935194,25.4,3.61539715363621,0.0
Belarus,2018,0,6360.037502312,25.2,3.37260661461968,0.0
Belarus,2019,0,6837.77339645635,25.3,3.13233403016875,0.0
Belarus,2020,0,6542.85579976768,24.4,2.91420011386217,0.0
Belize,2018,0,6031.28139580144,39.9,13.8983320147746,1.0
Bolivia,2000,1,975.777060358751,61.6,75.7189396938024,28.3
Bolivia,2001,1,930.168227214313,57.4,71.4204413136892,22.3
Bolivia,2002,1,888.221328974352,59.3,67.3572548971459,23.9
Bolivia,2004,1,953.191893246277,55.0,59.8627053824748,13.2
Bolivia,2005,1,1020.12326200737,58.5,56.3979917036342,18.7
Bolivia,2006,1,1202.71150446327,56.7,53.1233719672946,15.9
Bolivia,2007,1,1354.54905949929,54.5,50.0395702059691,12.1
Bolivia,2008,1,1692.67248455876,50.8,47.1658465038755,10.6
Bolivia,2009,1,1731.18172112209,49.2,44.4787602314542,10.0
Bolivia,2011,0,2315.52121930607,46.1,39.6732851337084,6.9
Bolivia,2012,0,2575.59857098084,46.6,37.4706576060099,7.9
Bolivia,2013,0,2870.02377000756,47.6,35.4124251926427,6.8
Bolivia,2014,0,3041.43503162408,47.8,33.5298162907465,5.6
Bolivia,2015,0,2996.01289811344,46.7,31.7995574884481,6.2
Bolivia,2016,0,3035.87347732132,45.2,30.3067295224565,7.2
Bolivia,2017,0,3306.30301224425,44.6,29.0001878149591,6.4
Bolivia,2018,0,3500.72642189887,42.6,27.8093618670705,4.7
Bolivia,2019,0,3503.89601123129,41.6,26.7181697674123,3.1
Bolivia,2020,0,3099.94219053514,43.6,25.7344309399083,4.2
Bolivia,2021,0,3384.84486462654,40.9,24.8140047022859,3.1
Bolivia,2022,0,3643.92826984604,41.2,23.9438414707003,3.3
Bolivia,2023,0,3686.27996442176,42.1,23.1036641974494,2.8
Brazil,2001,1,3176.28935747524,58.4,32.2114331814429,17.5
Brazil,2002,1,2855.94018885769,58.1,30.1151482345539,16.2
Brazil,2003,1,3090.6070097455,57.6,28.1479405722422,17.1
Brazil,2004,1,3663.823188064,56.5,26.3041586628314,15.3
Brazil,2005,0,4827.78173074714,56.3,24.6146245270752,13.7
Brazil,2006,0,5934.14470924968,55.6,23.0770814111236,11.4
Brazil,2007,0,7409.69130673473,54.9,21.7251727532427,10.8
Brazil,2008,0,8908.33176538648,54.0,20.5365015940461,9.1
Brazil,2009,0,8678.6592244676,53.7,19.4936773170977,8.4
Brazil,2011,0,13396.6243562986,52.9,17.8646422100075,7.1
Brazil,2012,0,12521.7213519966,53.4,17.2432803752354,6.4
Brazil,2013,0,12458.8912138813,52.7,16.7303756317201,5.4
Brazil,2014,0,12274.9939689363,52.0,16.3112272300763,4.7
Brazil,2015,0,8936.19661712113,51.9,15.9637667705098,5.4
Brazil,2016,0,8836.28652735657,53.4,16.7790248519747,6.5
Brazil,2017,0,10080.5092819305,53.3,15.4282362292684,6.9
Brazil,2018,0,9300.66164923219,53.9,15.2119495254606,6.9
Brazil,2019,0,9029.83326681073,53.5,15.0338456705172,7.0
Brazil,2020,0,7074.19378337644,48.9,14.8718958055686,2.8
Brazil,2021,0,7972.5366498646,52.9,14.7336358100307,7.5
Brazil,2022,0,9281.33334441234,52.0,14.5944443378158,4.9
Brazil,2023,0,10377.5892792557,51.6,14.4415264259814,3.8
Barbados,2016,0,19065.8069800213,34.1,12.476127135908,1.7
Bhutan,2003,1,1022.38240311018,40.9,65.3705152433315,23.1
Bhutan,2007,1,1850.41570433398,38.1,49.5925757566103,12.0
Bhutan,2012,0,2751.2128864294,38.8,35.6117616998978,3.6
Bhutan,2017,0,3435.28804735662,37.4,28.5286854936874,2.6
Bhutan,2022,0,3711.32767981591,28.5,23.8639022523501,0.0
Botswana,2002,1,3117.25087183011,61.5,79.9986982830272,34.8
Botswana,2009,1,5082.93388332404,56.9,57.7893298705369,21.1
Botswana,2015,1,6141.20394726616,54.9,49.8053829827508,21.4
Central African Republic,2008,1,437.24827472489,56.2,135.62314742571,67.3
Central African Republic,2021,1,492.263142830507,43.0,171.252412987167,71.6
Canada,2000,0,24271.0020563821,33.4,6.22855252659155,0.2
Canada,2001,0,23822.096210932,33.6,6.19490882489455,0.2
Canada,2002,0,24256.0192337185,33.6,6.17900013609522,0.2
Canada,2003,0,28301.8645937428,33.8,6.16513155213519,0.2
Canada,2004,0,32145.5412620217,33.8,6.1375714439511,0.2
Canada,2005,0,36383.6600068095,33.6,6.09457780121301,0.2
Canada,2006,0,40504.0370977806,34.1,6.0356314717299,0.2
Canada,2007,0,44660.0838892281,33.8,5.96187008167015,0.2
Canada,2008,0,46710.2526864484,33.9,5.88321562225873,0.2
Canada,2009,0,40874.8831932903,34.0,5.80278121784002,0.2
Canada,2010,0,47560.6666009406,33.6,5.72600158211711,0.2
Canada,2011,0,52223.8588398531,32.7,5.64957286378486,0.2
Canada,2012,0,52670.3447335415,33.5,5.57325851646939,0.2
Canada,2013,0,52638.1187235237,33.8,5.49755447471286,0.5
Canada,2014,0,50960.8431174661,33.2,5.42332275194478,0.2
Canada,2015,0,43594.1941045394,33.7,5.35155059296645,0.5
Canada,2016,0,42314.0615817218,32.7,5.28664736204901,0.5
Canada,2017,0,45129.628116623,33.3,5.23055080597854,0.5
Canada,2018,0,46539.1761570405,32.5,5.18537341821745,0.2
Canada,2019,0,46352.8693445211,31.7,5.14737055633171,0.2
Canada,2020,0,43537.839298904,29.9,5.11837926819681,0.2
Canada,2021,0,52886.6616372703,31.1,5.09999576446677,0.2
Switzerland,2000,0,38865.021939688,33.4,5.63342008636758,0.2
Switzerland,2002,0,42458.7384679187,31.7,5.43330285667221,0.0
Switzerland,2004,0,54659.4571488233,31.6,5.18836907683516,0.2
Switzerland,2006,0,59011.0324592016,33.9,4.94084938092678,0.1
Switzerland,2007,0,64989.1553256031,34.3,4.8277903152258,0.1
Switzerland,2008,0,74175.1927898555,33.8,4.72695959749481,0.1
Switzerland,2009,0,71568.3123885672,32.9,4.63813533941283,0.0
Switzerland,2010,0,76531.3728182297,32.6,4.56015353093883,0.1
Switzerland,2011,0,90476.7589651577,31.7,4.49464372868554,0.0
Switzerland,2012,0,85836.2076767359,31.6,4.43697071868129,0.0
Switzerland,2013,0,87304.3305813557,32.5,4.38622598849883,0.0
Switzerland,2014,0,88724.9910735609,32.5,4.33540626330823,0.0
Switzerland,2015,0,83806.4476003837,32.3,4.27339957127556,0.0
Switzerland,2016,0,82153.0745447889,33.0,4.2052187537279,0.0
Switzerland,2017,0,82254.3770471336,32.7,4.14004953808857,0.0
Switzerland,2018,0,85217.3691512274,33.1,4.08326785547297,0.0
Switzerland,2019,0,84121.9310304414,34.0,4.03673136587748,0.0
Switzerland,2020,0,85897.7843338323,33.7,4.00421386481675,0.1
Switzerland,2021,0,93664.7736696111,33.8,3.98201606032512,0.0
Switzerland,2022,0,94394.5106803525,33.8,3.96310535034409,0.2
Chile,2000,0,5052.99245766325,52.8,10.9380476804024,8.6
Chile,2003,0,4773.40177520754,51.5,9.47369123139665,7.9
Chile,2006,0,9318.65655296121,47.7,8.97314945211859,3.3
Chile,2009,0,10098.8017167286,47.4,8.82922164892548,2.6
Chile,2011,0,14487.3927832032,46.9,8.56959281862525,1.7
Chile,2013,0,15683.5486369155,46.8,8.2238784122022,0.8
Chile,2015,0,13433.9202987032,45.3,7.91585779069202,0.7
Chile,2017,0,14879.9086227187,45.3,7.51981492318608,0.5
Chile,2020,0,13114.815470545,47.0,6.7660951263355,1.7
Chile,2022,0,15405.6165774073,43.0,6.81752022825302,0.5
China,2002,1,1163.55957673426,42.0,31.5120259302679,48.1
China,2005,1,1777.64496828464,40.9,24.026669913804,33.1
China,2008,0,3523.44302065213,43.0,18.4745284570973,26.2
China,2010,0,4629.24551710077,43.7,15.7594801171866,20.6
China,2011,0,5703.76027973346,42.4,14.5718047754191,15.7
China,2012,0,6405.0574241349,42.2,13.4822855722533,13.2
China,2013,0,7147.03518622344,39.7,12.4716665699063,6.2
China,2014,0,7781.06597484974,39.2,11.5447204717334,4.7
China,2015,0,8175.33285077393,38.6,10.7048878861656,3.0
China,2016,0,8254.86859320357,38.5,9.93477986606064,2.2
China,2017,0,8979.67652709856,39.1,9.23764273165984,1.7
China,2018,0,10085.6638148819,38.5,8.60863160108358,0.8
China,2019,0,10342.9009524335,38.2,8.03920515359815,0.0
China,2020,0,10627.4637989619,37.1,7.51663400226327,0.0
China,2021,0,12887.4357242941,35.7,7.03962556070945,0.0
China,2022,0,12970.6056414327,36.0,6.59504673847644,0.0
Cote d'Ivoire,2002,1,967.815864415991,41.3,133.444168152523,44.7
Cote d'Ivoire,2008,1,1583.97066701372,43.2,109.49929281673,47.9
Cote d'Ivoire,2015,1,1814.71855088017,41.5,86.1482202113776,47.5
Cote d'Ivoire,2018,1,2130.86619381144,37.2,78.5323057188448,22.7
Cote d'Ivoire,2021,1,2455.98127626488,35.3,71.3770671838728,20.9
Cameroon,2001,1,715.470296470585,42.1,141.442598175513,30.8
Cameroon,2007,1,1325.67248215933,42.8,121.263122626343,36.0
Cameroon,2014,1,1649.4433905949,46.6,93.0853245885103,29.0
Cameroon,2021,1,1672.32657340872,42.2,72.1042967053714,26.7
"Congo, Dem. Rep.",2004,1,180.664764963633,41.6,140.652512886312,94.9
"Congo, Dem. Rep.",2012,1,400.059901824342,42.1,105.996211724021,78.9
"Congo, Dem. Rep.",2020,1,507.521230077872,44.7,80.6985728359994,85.3
"Congo, Rep.",2005,1,1799.05158366154,47.3,86.6181159760539,54.5
"Congo, Rep.",2011,1,3396.16505817952,48.9,60.1573659922717,39.2
Colombia,2000,1,2555.00751039968,58.4,25.0840399855096,23.9
Colombia,2001,1,2472.99084035833,57.3,24.2885762135715,29.6
Colombia,2002,1,2428.92969771584,56.0,23.5434903397996,21.2
Colombia,2003,1,2311.94218760291,53.6,22.8344035332987,19.8
Colombia,2004,1,2818.57195413044,55.0,22.1519162915198,19.2
Colombia,2005,1,3456.06610874512,53.9,21.4954039975043,16.8
Colombia,2008,0,5541.83629665898,55.3,19.5763558672326,16.6
Colombia,2009,0,5250.97292433518,54.3,18.9479673516427,15.0
Colombia,2010,0,6398.2958447102,54.6,18.3372322659121,13.1
Colombia,2011,0,7400.9940695669,53.5,17.7428973624126,11.2
Colombia,2012,0,8108.59838244229,52.6,17.1548306410815,10.9
Colombia,2013,0,8279.10255642981,52.6,16.5886742565759,9.9
Colombia,2014,0,8187.20824890084,52.5,16.0586109298,9.0
Colombia,2015,0,6248.51490534512,51.0,15.5586188879355,8.1
Colombia,2016,0,5959.84250367574,50.6,15.053064358609,8.0
Colombia,2017,0,6479.53231292429,49.7,14.5819671487327,7.3
Colombia,2018,0,6816.96818309544,50.4,14.1063187299282,7.4
Colombia,2019,0,6472.54544924705,51.3,13.6783528722579,8.8
Colombia,2020,0,5339.68711357943,53.5,13.240182232365,13.5
Colombia,2021,0,6222.62164397614,55.1,12.8055820078323,11.2
Colombia,2022,0,6680.44506854481,54.8,12.4191986512656,9.3
Colombia,2023,0,7000.83660501046,53.9,12.028780178557,7.7
Comoros,2004,1,1091.27216412426,55.9,67.9923444721074,27.9
Comoros,2014,1,1615.71718460209,45.3,49.708837673454,31.4
Cabo Verde,2001,1,1223.33055331575,52.5,32.7820439190952,37.1
Cabo Verde,2007,1,3324.57675212498,47.2,28.0156121125654,26.2
Cabo Verde,2015,0,3415.06266730931,42.4,19.1341959846029,14.6
Costa Rica,2000,0,3812.75388284924,47.4,13.1113050196529,9.8
Costa Rica,2001,0,3985.12984506207,51.5,12.5943745556627,7.6
Costa Rica,2002,0,4067.71851429092,51.8,12.1543349596073,6.6
Costa Rica,2003,0,4173.14856415514,49.3,11.8002222572685,6.9
Costa Rica,2004,0,4431.0117207843,48.4,11.5357249896275,6.6
Costa Rica,2005,0,4703.00721784778,47.5,11.3449700788054,5.0
Costa Rica,2006,0,5256.59640859159,49.3,11.198943415033,5.2
Costa Rica,2007,0,6137.71199925542,49.3,11.0736954454222,3.1
Costa Rica,2008,0,6937.24261596055,48.6,10.9281271607315,3.4
Costa Rica,2009,0,6832.69829924138,50.6,10.7326050062314,3.6
Costa Rica,2010,0,8265.78820275899,48.0,10.4819724459871,2.2
Costa Rica,2011,0,9276.39107510528,48.8,10.1784283898374,2.7
Costa Rica,2012,0,10126.999102414,48.4,9.83745167537664,2.6
Costa Rica,2013,0,10803.2401961972,49.2,9.50271471805029,2.6
Costa Rica,2014,0,10911.4978783227,48.6,9.21369386984026,2.4
Costa Rica,2015,0,11714.7105980803,48.4,8.99546466597261,2.4
Costa Rica,2016,0,12091.0301606335,48.7,8.8690238112751,2.4
Costa Rica,2017,0,12317.0902771322,48.3,8.85310563114231,1.7
Costa Rica,2018,0,12590.2493781628,48.0,8.93558713244007,2.3
Costa Rica,2019,0,12884.6859951947,48.2,9.10926183012802,1.7
Costa Rica,2020,0,12394.0493969354,49.2,9.3711499958544,3.4
Costa Rica,2021,0,12838.1185359009,48.7,9.71273397055681,2.2
Costa Rica,2022,0,13625.9008491478,47.2,10.1043119614414,1.6
Costa Rica,2023,0,16942.0268119304,46.7,10.459823886318,1.5
Costa Rica,2024,0,18587.1532203614,45.8,10.3804661501567,1.3
Cyprus,2004,0,23792.619140625,30.1,4.97214381239268,0.1
Cyprus,2005,0,24959.26171875,30.3,4.58780117007836,0.1
Cyprus,2006,0,26729.28125,31.1,4.24024720150839,0.0
Cyprus,2007,0,31244.87890625,31.1,3.93528005238706,0.0
Cyprus,2008,0,35397.296875,31.7,3.68027804426992,0.0
Cyprus,2009,0,32236.44921875,32.1,3.47213257948138,0.1
Cyprus,2010,0,31105.02734375,31.5,3.2988319680212,0.1
Cyprus,2011,0,32485.796875,32.6,3.15685471747094,0.0
Cyprus,2012,0,28991.935546875,34.3,3.04379294225911,0.0
Cyprus,2013,0,27797.45703125,37.0,2.96026408277297,0.1
Cyprus,2014,0,27244.3515625,35.6,2.90871528187812,0.1
Cyprus,2015,0,23487.228515625,34.0,2.89103822875155,0.0
Cyprus,2016,0,24715.154296875,32.9,2.9071037533998,0.1
Cyprus,2017,0,26696.990234375,31.4,2.9530899474477,0.1
Cyprus,2018,0,29599.986328125,32.7,3.02415141692112,0.1
Cyprus,2019,0,29703.052734375,31.2,3.12102091876282,0.2
Cyprus,2020,0,28649.015625,31.7,3.24023188872089,0.0
Cyprus,2021,0,33734.03515625,31.3,3.3637527924336,0.0
Cyprus,2022,0,33894.44921875,31.5,3.47316581701333,0.0
Cyprus,2023,0,36551.41796875,31.8,3.53356411695025,0.0
Czechia,2002,0,8101.26018588111,26.6,4.977425399414,0.0
Czechia,2004,0,11782.5546676117,27.5,4.57418121444506,0.0
Czechia,2005,0,13442.4916284309,26.9,4.36077859706664,0.0
Czechia,2006,0,15259.0788162004,26.7,4.14065537348265,0.1
Czechia,2007,0,18452.6532812196,26.0,3.92262607555093,0.1
Czechia,2008,0,22774.7045076205,26.3,3.71800295812009,0.1
Czechia,2009,0,19817.4215836554,26.2,3.53338347205967,0.0
Czechia,2010,0,20160.4355077059,26.6,3.37912075640685,0.0
Czechia,2011,0,22049.1080788682,26.4,3.25922456391967,0.1
Czechia,2012,0,20014.0354015165,26.1,3.18083158751415,0.1
Czechia,2013,0,20260.4954999375,26.5,3.14433973536053,0.0
Czechia,2014,0,20038.4163180257,25.9,3.14296882322472,0.0
Czechia,2015,0,17931.5987670768,25.9,3.16573715243759,0.0
Czechia,2016,0,18753.9686718096,25.4,3.1867802612172,0.0
Czechia,2017,0,20913.197632212,24.9,3.17760347494044,0.0
Czechia,2018,0,23705.9329811299,25.0,3.11983400961388,0.0
Czechia,2019,0,24062.7190013343,25.3,3.02372055829428,0.0
Czechia,2020,0,23472.8915454417,26.2,2.90584969315132,0.0
Czechia,2021,0,27696.4619527544,26.2,2.78473505262077,0.1
Czechia,2022,0,28282.2236715857,25.9,2.66584608293291,0.0
Czechia,2023,0,31591.0568216357,25.7,2.55939551170184,0.0
Germany,2000,0,23925.8559901991,28.9,5.3549718459197,0.0
Germany,2001,0,23878.3641471651,29.9,5.21689555274158,0.0
Germany,2002,0,25486.5942008748,29.8,5.09105890620713,0.0
Germany,2003,0,30711.1022511331,29.8,4.96966902262128,0.2
Germany,2004,0,34566.7359143735,30.2,4.84997563752961,0.0
Germany,2005,0,35084.4363546269,31.7,4.72855201586173,0.0
Germany,2006,0,36980.3349948954,31.0,4.60665813405946,0.0
Germany,2007,0,42350.9217211489,31.2,4.4866338623787,0.0
Germany,2008,0,46386.3295924799,30.8,4.37220272919913,0.0
Germany,2009,0,42487.2137101496,30.5,4.26766094193051,0.0
Germany,2010,0,42409.9356994694,30.2,4.17520631282798,0.0
Germany,2011,0,47646.582043143,30.6,4.0975848557575,0.0
Germany,2012,0,44735.5882319701,31.1,4.03584885128424,0.0
Germany,2013,0,47220.0102098851,31.5,3.9886719397391,0.0
Germany,2014,0,48971.0824722599,30.8,3.95131056838553,0.0
Germany,2015,0,41911.0109851054,31.7,3.92023643667215,0.0
Germany,2016,0,42961.0356905775,31.4,3.88697593449333,0.0
Germany,2017,0,45526.5999576533,31.3,3.84546899004584,0.2
Germany,2018,0,48874.8595028454,31.9,3.79391455489899,0.0
Germany,2019,0,47623.8656074829,31.8,3.74133438319875,0.2
Germany,2020,0,47379.765194548,32.4,3.69870924828686,0.2
Djibouti,2002,1,743.013270420348,40.0,94.8347589591948,32.3
Djibouti,2012,1,1400.19357858954,45.1,71.4415696817616,26.4
Djibouti,2013,1,2075.94498424748,44.1,69.3002488421859,31.2
Djibouti,2017,1,2618.95521147369,41.6,61.272248240552,25.4
Denmark,2000,0,30722.0251837567,23.8,5.6340143335809,0.0
Denmark,2003,0,40519.0974905924,25.6,5.2178117830145,0.4
Denmark,2004,0,46625.050098011,24.9,5.03196254806939,0.3
Denmark,2005,0,48925.8076698784,25.2,4.8366423860582,0.3
Denmark,2006,0,52119.1787984282,25.9,4.64602898428945,0.2
Denmark,2007,0,58631.6566433635,26.2,4.46967315622184,0.1
Denmark,2008,0,64616.6657583663,25.2,4.31892371450604,0.3
Denmark,2009,0,58412.7472358513,26.7,4.20193522594523,0.6
Denmark,2010,0,58104.5445594981,27.2,4.12056605667231,0.1
Denmark,2011,0,61809.737898222,27.3,4.08066752962132,0.0
Denmark,2012,0,58443.7747103968,27.8,4.07501129698184,0.0
Denmark,2013,0,61377.5940590412,28.5,4.08315990447189,0.3
Denmark,2014,0,62520.4509747011,28.4,4.08343308091952,0.2
Denmark,2015,0,53094.0133607574,28.2,4.06786685472082,0.2
Denmark,2016,0,54500.9260410217,28.2,4.02815601131899,0.3
Denmark,2017,0,57521.5514992225,28.7,3.96332984376964,0.1
Denmark,2018,0,61324.7665045565,28.2,3.87803959896128,0.2
Denmark,2019,0,59404.2663247723,27.7,3.78250582264818,0.3
Denmark,2020,0,60985.4885601514,27.5,3.68715704648769,0.2
Denmark,2021,0,69727.9873677012,28.3,3.59544733811772,0.2
Denmark,2022,0,68091.3191138669,29.3,3.510567448292,0.2
Denmark,2023,0,68453.8769281145,29.9,3.42334612841016,0.4
Dominican Republic,2000,1,2831.45883638033,51.5,39.8241424079316,8.3
Dominican Republic,2001,0,2935.89367312668,50.0,38.8008653527383,6.6
Dominican Republic,2002,1,3065.60329524196,49.7,37.9525991659311,9.0
Dominican Republic,2003,1,2383.26171780393,52.1,37.2627303795925,10.7
Dominican Republic,2004,1,2451.69161616569,52.1,36.6998700267038,14.6
Dominican Republic,2005,0,3878.31206735244,50.0,36.2349355876328,9.9
Dominican Republic,2006,0,4055.14270347371,52.0,35.8683728327939,8.1
Dominican Republic,2007,0,4649.64558875814,48.9,35.5965718317438,7.8
Dominican Republic,2008,0,5023.58513403515,48.1,35.3538593032762,7.1
Dominican Republic,2009,0,4973.95186999952,48.9,35.1896798237799,6.3
Dominican Republic,2010,0,5478.62470398954,47.3,35.0818176545464,5.5
Dominican Republic,2011,0,5826.51014109195,47.7,34.9796759890601,5.3
Dominican Republic,2012,0,6013.81965002603,46.1,34.9435445840328,5.4
Dominican Republic,2013,0,6136.59429329301,47.7,34.9542905034766,4.4
Dominican Republic,2014,0,6496.45166971142,44.3,34.9714880677532,4.1
Dominican Republic,2015,0,6800.95309395474,45.2,34.9860653283213,3.3
Dominican Republic,2016,0,7160.44200982307,45.7,35.0179980453635,3.0
Dominican Republic,2017,0,7412.71571571512,42.2,34.963274757299,1.5
Dominican Republic,2018,0,7882.98221584944,43.7,34.7379166015156,1.1
Dominican Republic,2019,0,8183.01623600375,41.9,34.3479854756032,1.0
Dominican Republic,2020,0,7135.22273255899,39.6,33.7506480278912,1.3
Dominican Republic,2021,0,8527.0754858205,38.5,33.0724289069111,1.3
Dominican Republic,2022,0,10104.2449349081,37.0,32.2499409242581,1.0
Dominican Republic,2023,0,10630.431743829,38.4,31.4113004792113,1.3
Dominican Republic,2024,0,10875.6618443092,39.0,10.3804661501567,0.8
Algeria,2011,0,5916.31364364343,27.6,27.2975349352438,0.0
Ecuador,2000,1,1382.23421759909,56.3,29.6484766200013,34.1
Ecuador,2003,1,2315.62215223014,53.5,25.6522267101868,18.9
Ecuador,2004,1,2586.20914663347,53.9,24.6254901799733,19.4
Ecuador,2005,1,2909.02606014388,53.1,23.659683752764,15.4
Ecuador,2006,0,3243.67010359339,52.3,22.7656178077769,10.9
Ecuador,2007,0,3478.92488770671,53.4,21.87186016581,10.9
Ecuador,2008,0,4194.75750661981,49.8,20.9663613784701,9.8
Ecuador,2009,0,4053.36331139298,48.5,20.048613199772,9.3
Ecuador,2010,0,4520.30959039763,48.8,19.1504874022757,7.8
Ecuador,2011,0,5153.6916424375,45.9,18.2703601434794,6.4
Ecuador,2012,0,5634.08393191094,46.1,17.4220843089446,6.0
Ecuador,2013,0,6109.29031510341,46.9,16.6318763631028,4.5
Ecuador,2014,0,6405.79979300441,45.0,15.927440887913,4.0
Ecuador,2015,0,5976.1596805651,46.0,15.3345510321615,4.8
Ecuador,2016,0,5917.63771271481,45.0,14.8425915403769,5.0
Ecuador,2017,0,6233.32244797718,44.7,14.4361803245178,4.3
Ecuador,2018,0,6303.91886658338,45.4,14.0910680985183,4.7
Ecuador,2019,0,6205.05765246766,45.7,13.8034133371985,4.6
Ecuador,2020,0,5463.64515348598,47.3,13.5631256795844,8.4
Ecuador,2021,0,6061.32350181711,45.8,13.3655922455933,5.3
Ecuador,2022,0,6515.58528418336,45.5,13.2025824429791,4.4
Ecuador,2023,0,6737.84748379638,44.6,13.0549329900104,4.7
Ecuador,2024,0,6874.705739766,45.2,10.3804661501567,7.3
"Egypt, Arab Rep.",2004,0,991.255689145253,31.8,37.4588095240372,4.1
"Egypt, Arab Rep.",2008,0,1896.21594269779,31.1,31.2415788952802,3.7
"Egypt, Arab Rep.",2010,0,2455.08194645282,30.2,28.6097416741108,1.5
"Egypt, Arab Rep.",2012,0,2996.0677072015,28.3,26.2497091799399,1.2
"Egypt, Arab Rep.",2015,0,3306.98159414141,31.8,23.2541186796599,1.2
"Egypt, Arab Rep.",2017,0,2395.10333299491,31.5,21.6242857113285,3.1
"Egypt, Arab Rep.",2019,0,2962.98892023003,31.9,20.0925586252139,2.0
"Egypt, Arab Rep.",2021,0,3827.35415374308,28.5,18.7488654996652,1.4
Spain,2000,0,14743.2671031455,34.1,5.42372074559108,0.9
Spain,2003,0,21522.0170990262,31.8,5.01887008994721,0.9
Spain,2004,0,24925.0267844576,33.3,4.87510113237266,1.0
Spain,2005,0,26450.9530130382,32.4,4.7154437376146,0.9
Spain,2006,0,28421.686527407,33.5,4.54261816395034,0.9
Spain,2007,0,32652.015594702,34.1,4.36405108725664,0.6
Spain,2008,0,35603.248328071,34.2,4.18527749740142,0.6
Spain,2009,0,32279.8208476151,34.9,4.01084111821802,0.9
Spain,2010,0,30658.7422282912,35.2,3.84647877106481,0.7
Spain,2011,0,31824.6219134777,35.7,3.69672302264787,1.3
Spain,2012,0,28456.4438151477,35.4,3.56545493728705,1.0
Spain,2013,0,29228.846559842,36.2,3.45616502658078,1.3
Spain,2014,0,29707.765509467,36.1,3.372364563896,0.9
Spain,2015,0,25982.4416197775,36.2,3.31052217299629,1.1
Spain,2016,0,26755.6061149398,35.8,3.26603302754659,1.3
Spain,2017,0,28381.3425596906,34.7,3.23431873391326,0.8
Spain,2018,0,30602.4212881113,34.7,3.20853802455548,1.0
Spain,2019,0,29786.5245689007,34.3,3.18191078099551,0.9
Spain,2020,0,27233.9426461608,34.9,3.15729372589792,1.1
Spain,2021,0,30799.4775937775,33.9,3.13949704346832,0.7
Spain,2022,0,30270.2687017458,33.6,3.1310395303079,0.8
Spain,2023,0,33509.0127982139,33.4,3.11564700190687,0.8
Estonia,2000,0,4070.60902410208,35.8,11.0400030183235,3.0
Estonia,2001,0,4502.66614992392,36.0,10.1456388300438,3.0
Estonia,2002,0,5343.18310760735,35.8,9.299698199765,2.9
Estonia,2003,0,7205.40703313243,37.2,8.50738756581175,3.6
Estonia,2004,0,8916.0728274602,33.6,7.77760393422401,1.6
Estonia,2005,0,10414.6381183565,33.4,7.10597641113849,1.1
Estonia,2006,0,12641.4800976473,33.7,6.48997406617634,1.1
Estonia,2007,0,16745.4308011148,31.2,5.92796368283783,0.6
Estonia,2008,0,18205.9064113446,31.9,5.42015819561124,0.6
Estonia,2009,0,14712.4494217916,31.4,4.96133400027778,0.8
Estonia,2010,0,14663.7041018705,32.0,4.55789895045451,1.0
Estonia,2011,0,17555.5455239426,32.5,4.20080816438466,1.2
Estonia,2012,0,17568.2137969714,32.9,3.88813535810554,1.0
Estonia,2013,0,19310.3874900757,35.1,3.61926965665906,1.1
Estonia,2014,0,20581.7898991695,34.6,3.38266757837714,1.0
Estonia,2015,0,17722.1557669523,32.7,3.17345860366203,0.7
Estonia,2016,0,18666.3736521706,31.2,2.98704947822386,0.6
Estonia,2017,0,20851.5223496861,30.4,2.81985895894571,0.5
Estonia,2018,0,23618.1361254581,30.3,2.67103177232396,0.4
Estonia,2019,0,24021.2501413306,30.8,2.53891155311482,0.7
Estonia,2020,0,23933.9939421065,30.7,2.41655435753784,0.4
Estonia,2021,0,27953.7670230126,31.8,2.30555655543244,0.3
Estonia,2022,0,28451.1477825175,32.3,2.20157336805942,0.5
Estonia,2023,0,30133.304450454,30.7,2.10635857247632,0.3
Ethiopia,2004,1,7972.5366498646,29.8,114.988490183906,41.3
Ethiopia,2010,1,7972.5366498646,33.2,83.2262484418287,37.4
Ethiopia,2015,1,7972.5366498646,35.0,64.8988183829584,33.0
Ethiopia,2021,1,7972.5366498646,31.1,50.0499044116251,38.6
Finland,2000,0,24335.9225082659,27.2,4.28030593044595,0.0
Finland,2003,0,32920.0857192568,27.7,3.96654143264375,0.0
Finland,2004,0,37768.1334202029,27.9,3.8648048593469,0.0
Finland,2005,0,39049.8703780223,27.6,3.74743872443298,0.1
Finland,2006,0,41214.0187765069,28.0,3.61350420898192,0.1
Finland,2007,0,48473.0240091455,28.3,3.46793578109526,0.1
Finland,2008,0,53769.4726240385,27.8,3.31749319067636,0.1
Finland,2009,0,47478.3495310999,27.5,3.16712762872192,0.1
Finland,2010,0,46506.2919016566,27.7,3.02188657525448,0.1
Finland,2011,0,51060.3242589767,27.6,2.88487882603139,0.1
Finland,2012,0,47551.6740841369,27.1,2.76015806972231,0.1
Finland,2013,0,49691.0145200739,27.2,2.64912492906379,0.1
Finland,2014,0,50073.7760815871,26.8,2.5558762660405,0.1
Finland,2015,0,42560.3456767103,27.1,2.48343777926275,0.1
Finland,2016,0,43451.2562442158,27.1,2.42892341364783,0.0
Finland,2017,0,46085.0174739036,27.4,2.38940836132052,0.1
Finland,2018,0,49654.2497035329,27.3,2.36007808505712,0.1
Finland,2019,0,48358.1807773701,27.7,2.33971538891506,0.0
Finland,2020,0,48828.6846862799,27.1,2.32422846354997,0.0
Finland,2021,0,53099.1351400148,27.7,2.31323379944176,0.0
Finland,2022,0,50440.560224974,27.9,2.30412634763535,0.1
Finland,2023,0,52821.5114340717,27.4,2.2934689795889,0.2
Fiji,2002,0,2136.56794118683,38.1,22.6634888051648,5.4
Fiji,2008,0,3899.92231512129,40.4,23.221600158498,3.8
Fiji,2013,0,4572.44377544245,36.7,20.6945878848991,1.6
Fiji,2019,0,5950.82866866702,30.7,25.7146678062797,4.7
France,2000,0,22340.5939516217,32.6,5.37918425539061,0.0
France,2001,0,22331.7948343036,32.5,5.2460966375377,0.0
France,2002,0,24144.5727019529,31.8,5.09476856913302,0.0
France,2003,0,29479.5222101175,31.4,4.92839311466716,0.2
France,2004,0,33644.9282220364,30.6,4.76576145142269,0.1
France,2005,0,34696.3718316971,29.8,4.63133048920171,0.1
France,2006,0,36431.5658906555,29.7,4.52477934998548,0.0
France,2007,0,41486.1907828787,32.4,4.43765611286812,0.0
France,2008,0,45464.8181385158,33.0,4.36017110397869,0.0
France,2009,0,41728.0884164132,32.7,4.28817219769848,0.1
France,2010,0,40694.8211697025,33.7,4.21647920690702,0.1
France,2011,0,43929.7840873812,33.3,4.15385252654903,0.0
France,2012,0,40863.5814412333,33.1,4.11702995609944,0.1
France,2013,0,42669.1795111893,32.5,4.11336127258162,0.1
France,2014,0,43148.0459288416,32.3,4.13410265343127,0.0
France,2015,0,36702.4323733379,32.7,4.16779685121871,0.1
France,2016,0,37024.2157133669,31.9,4.20364579483023,0.1
France,2017,0,38687.1626407164,31.6,4.2281429230871,0.0
France,2018,0,41418.1766484844,32.4,4.23580369514235,0.0
France,2019,0,40408.2848574751,31.2,4.23808474818672,0.1
France,2020,0,39169.8606000707,30.7,4.24496642313891,0.1
France,2021,0,43725.0999521245,31.5,4.26071280108956,0.1
France,2022,0,41082.8119320747,31.2,4.28810427350141,0.1
France,2023,0,44690.9345395117,31.8,4.32146435845036,0.1
"Micronesia, Fed. Sts.",2005,1,2246.45370337127,42.4,35.8905392413684,15.8
"Micronesia, Fed. Sts.",2013,1,2933.88333441237,40.1,31.6331853246103,26.1
Gabon,2005,1,6547.87613955186,42.2,63.9232813298953,9.2
Gabon,2017,0,6921.73373135624,38.0,41.006227509063,3.8
United Kingdom,2000,0,28280.926786099,38.8,6.54599490555629,0.2
United Kingdom,2001,0,27906.5695029641,37.1,6.44528936865955,0.2
United Kingdom,2002,0,30077.741432188,35.1,6.34778714790143,0.2
United Kingdom,2003,0,34442.6875402308,34.9,6.25086579917983,0.2
United Kingdom,2004,0,40366.8886650968,34.8,6.14982410882401,0.2
United Kingdom,2005,0,42104.7884375024,35.5,6.03709188448064,0.2
United Kingdom,2006,0,44512.4590296865,35.9,5.90619478639552,0.2
United Kingdom,2007,0,50397.6854954706,34.4,5.75320132735694,0.2
United Kingdom,2008,0,47396.1202078484,35.4,5.57447379466195,0.2
United Kingdom,2009,0,38744.131693043,35.1,5.37547045336627,0.2
United Kingdom,2010,0,39598.957119545,33.7,5.16871390394082,0.2
United Kingdom,2011,0,42109.6418795749,33.2,4.96717494734753,0.2
United Kingdom,2012,0,42490.1465463521,33.1,4.78795495539835,0.5
United Kingdom,2013,0,43419.0352598932,32.7,4.64271996267955,0.2
United Kingdom,2014,0,47426.6209829995,33.1,4.53434298286603,0.2
United Kingdom,2015,0,44983.885522934,33.3,4.45963435479001,0.2
United Kingdom,2016,0,40988.1044233026,33.1,4.4124540555389,0.2
United Kingdom,2017,0,40629.2340347345,32.6,4.38582443915267,0.2
United Kingdom,2018,0,43315.4874501318,33.7,4.37433011503814,0.5
United Kingdom,2019,0,42794.0022648288,32.8,4.37734639220796,0.5
United Kingdom,2020,0,40404.8062238951,32.6,4.39967432191142,0.5
United Kingdom,2021,0,46926.475736105,32.4,4.43538987615719,0.5
Georgia,2000,1,749.908534993961,40.5,36.2813069206589,35.0
Georgia,2001,1,801.98383707929,39.6,33.8598959615748,36.7
Georgia,2002,1,853.526171868939,37.2,31.308700807563,22.3
Georgia,2003,1,1010.03151630868,36.6,28.6626509672941,22.3
Georgia,2004,0,1305.04748557208,36.2,26.0417814121612,20.9
Georgia,2005,0,1642.78359414797,37.4,23.516272717993,22.3
Georgia,2006,0,1996.02013272284,36.9,21.1637723260597,22.5
Georgia,2007,0,2635.36650276116,38.1,19.0351243373713,23.9
Georgia,2008,0,3324.7537205015,38.5,17.1564593893629,21.7
Georgia,2009,0,2822.68939668797,38.2,15.5248656763131,21.1
Georgia,2010,0,3281.72930937343,39.5,14.1457925740392,23.6
Georgia,2011,0,4119.66818307193,39.6,13.0215332884685,21.6
Georgia,2012,0,4530.69533409431,39.0,12.1195092623836,18.8
Georgia,2013,0,4712.00229382665,38.6,11.4239336329029,14.9
Georgia,2014,0,4830.33486170249,37.6,10.8958515498035,12.0
Georgia,2015,0,4086.6223465965,36.5,10.5116577913169,10.6
Georgia,2016,0,4143.40125686315,36.6,10.2221020320339,10.5
Georgia,2017,0,4418.75206546679,37.9,10.0150131078644,11.1
Georgia,2018,0,4804.0546040444,36.4,9.84246200623357,11.0
Georgia,2019,0,4741.2832715876,35.9,9.69425629307991,9.7
Georgia,2020,0,4300.85701291207,34.5,9.57235349918813,12.0
Georgia,2021,0,5083.60695484577,34.2,9.46386174884658,10.8
Georgia,2022,0,6729.84659930283,33.5,9.33416208295188,7.7
Georgia,2023,0,8283.66960652261,34.8,9.16633651675949,5.8
Georgia,2024,0,9193.66366361489,33.9,10.3804661501567,4.2
Ghana,2005,1,478.611909191028,42.8,82.2146492186515,60.9
Ghana,2012,1,1543.77524235764,42.4,60.2227451255023,41.8
Ghana,2016,1,1912.47991339951,43.5,50.2228708286619,39.0
Guinea,2002,1,495.916073559269,43.0,152.179949527007,50.3
Guinea,2007,1,650.148575304743,39.4,129.388354137991,44.0
Guinea,2012,1,699.353377212197,33.7,118.383680007566,21.3
Guinea,2018,1,933.273615633705,29.6,108.037299538771,11.7
"Gambia, The",2003,1,308.719123437587,47.3,99.4801194541347,55.2
"Gambia, The",2010,1,801.033372714536,43.6,73.1203305441328,34.2
"Gambia, The",2015,1,619.536364296461,35.9,59.33402986359,17.1
"Gambia, The",2020,1,720.335143352133,38.8,48.9415350310901,22.0
Guinea-Bissau,2002,1,362.034574570354,35.6,162.78788631686,68.2
Guinea-Bissau,2010,1,600.194298540768,50.6,114.2044748029,75.7
Guinea-Bissau,2018,1,808.531613218504,34.8,82.0868667730897,37.1
Guinea-Bissau,2021,1,912.484104692847,33.4,74.1469843448644,39.9
Equatorial Guinea,2022,1,7589.29964909381,38.5,73.3993786558073,8.8
Greece,2000,0,11638.2010697215,34.4,6.40891981069982,0.2
Greece,2002,0,13782.195640943,35.5,5.56943105188051,0.2
Greece,2003,0,18020.612039764,32.8,5.19606830784431,0.6
Greece,2004,0,21449.2552764245,33.6,4.86175571252444,0.9
Greece,2005,0,22054.1315756886,34.6,4.56737193515146,0.4
Greece,2006,0,24416.0232970275,35.1,4.3217707362902,0.7
Greece,2007,0,28440.7625328955,34.0,4.13367774282078,0.6
Greece,2008,0,31695.8331092209,33.6,4.01415331399645,0.4
Greece,2009,0,29425.4573200263,33.6,3.95618838575362,0.6
Greece,2010,0,26653.0488008626,34.1,3.94567531036083,1.1
Greece,2011,0,25504.7866510124,34.8,3.97610805078591,1.5
Greece,2012,0,21624.346052551,36.3,4.040048485015,2.1
Greece,2013,0,21573.3449762805,36.1,4.13618932452842,1.5
Greece,2014,0,21474.7257123892,35.8,4.23842395006646,2.0
Greece,2015,0,17980.7298238137,36.0,4.30357791721904,2.0
Greece,2016,0,17919.2426377048,35.0,4.31267557486791,1.4
Greece,2017,0,18631.9930129293,34.4,4.27244990230024,1.1
Greece,2018,0,19873.4015238771,32.9,4.19927964253155,0.2
Greece,2019,0,19335.3602002969,33.1,4.10920415511074,1.0
Greece,2020,0,17886.733165236,33.6,4.01391274623857,1.1
Greece,2021,0,20654.7001960815,32.9,3.92569546993478,0.7
Greece,2022,0,20971.8349258283,33.4,3.83937255894887,0.6
Greece,2023,0,23400.7278817691,33.4,3.74471124257334,0.6
Grenada,2018,0,10083.021279225,43.8,18.3373747839273,0.8
Guatemala,2000,1,1648.96578971559,54.2,52.0660945924954,8.8
Guatemala,2006,1,2225.1234753878,54.5,40.9566252925543,10.5
Guatemala,2014,0,3689.14471813777,48.3,29.4318325245714,8.0
Guatemala,2023,0,5758.30876298845,45.2,21.3588419804629,9.7
Honduras,2001,1,1132.1648753329,55.4,35.6626161724393,26.5
Honduras,2002,1,1132.49965345317,55.7,34.0661038409511,29.0
Honduras,2003,1,1156.08162681357,58.1,32.5567738288925,34.0
Honduras,2004,1,1215.13995412761,58.1,31.1488282917557,33.3
Honduras,2005,1,1304.70039153826,59.5,29.8367610432986,31.3
Honduras,2006,1,1425.84780051892,57.5,28.6245938792334,27.3
Honduras,2007,1,1577.73789197407,55.8,27.4948679940596,22.0
Honduras,2008,1,1732.49062702803,55.5,26.4533565830912,20.9
Honduras,2009,1,1781.15703614674,51.3,25.4869036945412,18.1
Honduras,2010,1,1893.32722662035,53.1,24.5589105794695,19.6
Honduras,2011,1,2073.66121088074,52.6,23.6887971621089,20.1
Honduras,2012,1,2126.03474686503,53.4,22.8415421660586,24.0
Honduras,2013,1,2081.12843527945,50.0,22.0331474234696,20.8
Honduras,2014,1,2179.88171977271,49.9,21.2479614792462,20.6
Honduras,2015,1,2271.20265980349,49.2,20.4944975857803,19.9
Honduras,2016,1,2307.34468351082,49.8,19.7566239461196,19.8
Honduras,2017,1,2413.0076562942,49.4,19.0501120717785,19.3
Honduras,2018,1,2464.64241531918,48.9,18.3853815611983,19.8
Honduras,2019,0,2502.32744328073,48.2,17.7644782397889,18.8
Honduras,2023,0,3227.45762509776,46.8,15.5105947245687,17.0
Honduras,2024,0,3426.43483328923,45.7,10.3804661501567,15.7
Croatia,2000,0,4953.65158789022,31.3,8.33978934856649,0.0
Croatia,2001,0,5364.83824691607,31.1,8.03211385139451,0.0
Croatia,2004,0,9718.97322801967,29.7,7.05789426064092,0.0
Croatia,2008,0,15889.4347074759,33.7,5.89043164684997,0.0
Croatia,2009,0,14475.9632928725,32.6,5.66047373588013,1.0
Croatia,2010,0,13731.2865213989,32.4,5.45826569986544,1.4
Croatia,2011,0,14694.9993201417,32.3,5.28890166128469,1.0
Croatia,2012,0,13508.6836989693,32.5,5.15597650883905,1.1
Croatia,2013,0,14136.3967669505,32.0,5.05262225856973,1.2
Croatia,2014,0,14187.9694531493,32.1,4.97459324978483,1.2
Croatia,2015,0,12285.3032582105,31.1,4.9114601547691,0.7
Croatia,2016,0,12821.1738140304,30.9,4.85944025298274,0.9
Croatia,2017,0,13902.6310485422,30.4,4.81219200056659,0.6
Croatia,2018,0,15460.4183295843,29.7,4.76732650139714,0.5
Croatia,2019,0,15563.8167397199,28.9,4.72508915770342,0.4
Croatia,2020,0,14808.4620188819,29.5,4.68462849430892,0.4
Croatia,2021,0,17789.9304736722,28.9,4.64519521411871,0.3
Croatia,2022,0,18466.0955472648,30.0,4.61066609748704,0.4
Croatia,2023,0,21865.4562838641,30.1,4.56840290804215,0.3
Haiti,2001,1,748.821159844528,59.0,99.9887533225635,75.1
Haiti,2012,1,1361.39396587374,41.1,75.564244373169,40.4
Hungary,2000,0,4629.91760812548,27.2,10.1160157280898,0.1
Hungary,2001,0,5280.94887987063,26.9,9.53758014593109,0.0
Hungary,2002,0,6658.04494326809,26.8,8.96188847324063,0.1
Hungary,2003,0,8410.09248198479,30.9,8.42931484846256,0.2
Hungary,2004,0,10291.2694721409,29.9,7.95154728582797,0.3
Hungary,2005,0,11212.2046968994,34.7,7.54442396446693,1.0
Hungary,2006,0,11478.4891640501,28.3,7.18317899857541,0.2
Hungary,2007,0,13934.605460375,27.9,6.8414720616486,0.2
Hungary,2008,0,15762.6322515113,27.5,6.51567187926479,0.1
Hungary,2009,0,13051.1831777184,27.0,6.24009102195505,0.1
Hungary,2010,0,13189.8433874768,29.4,6.03354496180888,0.2
Hungary,2011,0,14211.460557822,29.2,5.88019516533664,0.2
Hungary,2012,0,12950.1594488143,30.8,5.73626866499156,0.5
Hungary,2013,0,13739.4620151401,31.5,5.56711370771514,0.5
Hungary,2014,0,14352.501883174,30.9,5.34452085157053,1.0
Hungary,2015,0,12782.9412577973,30.4,5.05305457027315,1.0
Hungary,2016,0,13215.8605277789,30.3,4.74018249404316,1.6
Hungary,2017,0,14736.1668157258,30.6,4.47105302246628,0.9
Indonesia,2000,1,763.711124950924,30.3,51.9315068829522,65.7
Indonesia,2001,1,732.307093405708,31.2,49.5590287001213,62.3
Indonesia,2002,1,881.002913569131,30.2,47.3165437426938,46.8
Indonesia,2003,1,1043.2105838671,29.3,45.1973135935087,45.5
Indonesia,2004,1,1126.84004447173,30.4,49.128571945663,45.4
Indonesia,2005,1,1238.21447629488,29.9,41.3507966893984,41.1
Indonesia,2006,1,1558.31562847163,31.5,39.5965276805306,46.8
Indonesia,2007,1,1823.21976255073,33.2,37.9531893877457,41.1
Indonesia,2008,1,2124.55483920618,32.6,36.4235648255597,38.0
Indonesia,2009,1,2218.48541852977,33.4,34.9684279889138,37.9
Indonesia,2010,1,3065.68348377765,34.6,33.5730411489185,34.1
Indonesia,2011,1,3579.46442466152,37.9,32.2417093027179,31.2
Indonesia,2012,0,3632.27254030331,37.1,30.9589542294765,26.6
Indonesia,2013,1,3566.60284506078,38.9,29.7310084826236,27.2
Indonesia,2014,0,3441.06808464008,38.8,28.555935127556,25.7
Indonesia,2015,0,3288.22269725538,38.2,27.436344288463,21.6
Indonesia,2016,0,3521.46943457574,36.9,26.3736158471263,18.0
Indonesia,2017,0,3798.88326174526,36.4,25.3760076145971,14.8
Indonesia,2018,0,3860.95353090726,36.3,24.4573635086892,12.5
Indonesia,2019,0,4106.94856160358,35.4,23.6121136317793,10.8
Indonesia,2020,0,3853.70288774146,35.3,22.7879767553902,9.8
Indonesia,2021,0,4287.17313995098,35.5,22.0200222214196,8.6
Indonesia,2022,0,4730.83484836107,35.5,21.292702315721,7.9
Indonesia,2023,0,4876.30774512252,36.1,20.6243807013703,6.7
Indonesia,2024,0,4925.43048751861,34.9,10.3804661501567,5.4
India,2004,1,624.258826510066,27.7,77.7162633133537,46.4
India,2009,1,1094.94974598436,27.8,61.3790886156486,34.6
India,2011,1,1445.46127486037,28.8,55.0327220842112,27.1
India,2022,0,2347.44829434623,25.5,29.0806666674609,5.3
Ireland,2000,0,26334.5672050501,33.0,7.16125045219765,0.2
Ireland,2002,0,32705.4345565698,32.3,6.50168604262782,0.2
Ireland,2003,0,41203.5295847568,32.9,6.04539069636655,0.2
Ireland,2004,0,47754.2023194244,33.6,5.58881918429598,0.1
Ireland,2005,0,50933.0216095589,33.8,5.17978800700318,0.1
Ireland,2006,0,54329.1618599624,32.7,4.85291075590915,0.5
Ireland,2007,0,61396.417461176,31.9,4.6131996197161,0.1
Ireland,2008,0,61353.1065629523,30.9,4.43434458181262,0.2
Ireland,2009,0,52133.0909237885,32.7,4.29070596297046,0.6
Ireland,2010,0,48679.4026820361,32.3,4.16901413451393,0.7
Ireland,2011,0,52692.7813135606,32.9,4.06243304772167,0.7
Ireland,2012,0,49411.7387476787,33.2,3.96658920828688,0.5
Ireland,2013,0,52619.2123745817,33.5,3.86864575482931,0.7
Ireland,2014,0,57278.2590911107,31.9,3.76670185243177,0.4
Ireland,2015,0,64311.8234684057,31.8,3.66128990179631,0.4
Ireland,2016,0,64192.9418053178,32.8,3.56232241385004,0.3
Ireland,2017,0,72198.1076995377,31.4,3.47792073613151,0.3
Ireland,2018,0,80738.9628834696,30.6,3.42890973217796,0.1
Ireland,2019,0,81810.1926481407,30.3,3.43546378108957,0.1
Ireland,2020,0,86622.5067251295,29.2,3.49147422961898,0.2
Ireland,2021,0,103961.976350649,29.4,3.58544101059847,0.1
Ireland,2022,0,105234.511567597,29.9,3.70133508270838,0.2
Ireland,2023,0,103887.800388081,29.0,3.80372048966499,0.1
"Iran, Islamic Rep.",2005,0,3132.05081925856,43.6,26.4593306534006,4.5
"Iran, Islamic Rep.",2006,0,3618.9160136791,44.8,24.7562384749764,4.5
"Iran, Islamic Rep.",2009,0,5415.52280554144,42.1,20.4213155848648,4.9
"Iran, Islamic Rep.",2011,0,8025.68743364356,34.7,18.3851780973964,2.3
"Iran, Islamic Rep.",2012,0,8114.08099831877,34.4,17.5467638948943,1.8
"Iran, Islamic Rep.",2013,0,6222.74194840326,34.0,16.7886909740903,1.9
"Iran, Islamic Rep.",2014,0,5672.06372896319,34.8,16.1093169283664,3.3
"Iran, Islamic Rep.",2015,0,4952.73355532178,35.3,15.5411455465735,3.0
"Iran, Islamic Rep.",2016,0,5477.03712389913,35.9,14.9921423884499,3.0
"Iran, Islamic Rep.",2017,0,5753.11544659399,36.7,14.4590406348119,2.7
"Iran, Islamic Rep.",2018,0,4631.78709016514,37.4,13.9478955592194,3.2
"Iran, Islamic Rep.",2019,0,3831.27894763337,36.5,13.4720113832698,4.3
"Iran, Islamic Rep.",2020,0,2988.78122414716,35.8,13.0219004781241,4.6
"Iran, Islamic Rep.",2021,0,4334.79268631354,35.5,12.5902359721896,3.7
"Iran, Islamic Rep.",2022,0,4405.09291519791,34.8,12.1758347323086,2.8
"Iran, Islamic Rep.",2023,0,4465.63766853306,35.9,11.7733135336402,2.5
Iraq,2006,0,2276.55435744086,28.6,38.7628976622304,0.6
Iraq,2012,0,6477.59618450955,29.5,32.4306491220037,0.6
Iraq,2023,0,5965.31835077761,29.8,22.6162569834139,0.5
Iceland,2003,0,39476.6978486684,26.8,3.41606807573367,0.0
Iceland,2004,0,47334.9306537723,28.0,3.25647927229863,0.2
Iceland,2005,0,56794.8501588953,29.0,3.11789936008038,0.0
Iceland,2006,0,57492.9342498703,30.2,2.99994133991319,0.2
Iceland,2007,0,69495.7267376825,29.5,2.89798770799973,0.1
Iceland,2008,0,56943.3704468563,31.8,2.81392739981956,0.1
Iceland,2009,0,41301.273219718,28.7,2.74618301391813,0.1
Iceland,2010,0,43237.0729488958,26.2,2.69246148521007,0.1
Iceland,2011,0,47714.5922308485,26.8,2.65573358773402,0.2
Iceland,2012,0,45995.5478789467,26.8,2.63158725197355,0.0
Iceland,2013,0,49804.9829978371,25.4,2.62001424778778,0.1
Iceland,2014,0,54576.7448146565,27.8,2.614578774266,0.0
Iceland,2015,0,52951.6815110898,26.8,2.61850502248488,0.0
Iceland,2016,0,61987.9263620283,27.2,2.63168505631069,0.0
Iceland,2017,0,72010.1490316258,26.1,2.64732933327783,0.0
Iceland,2018,0,74452.1890731447,26.6,2.66544433831886,0.3
Iceland,2019,0,68452.23622306,26.8,2.67604165808587,0.1
Israel,2001,0,20966.3052667971,38.9,6.61547944093881,0.2
Israel,2002,0,19076.4584298321,39.6,6.34924454940519,0.7
Israel,2003,0,19643.4690380742,40.7,6.08520262989003,0.9
Israel,2004,0,20568.0694088834,41.5,5.82476721973382,1.0
Israel,2005,0,21286.8388636595,42.3,5.57006202406571,1.0
Israel,2006,0,22527.2619795719,41.6,5.33121270552908,0.5
Israel,2007,0,25721.2594077311,41.1,5.10883343298349,0.5
Israel,2008,0,30269.217773489,41.6,4.90753096665495,0.7
Israel,2009,0,28508.4938886475,42.6,4.72704563676295,0.7
Israel,2010,0,31439.0887027614,42.6,4.56111127058935,0.5
Israel,2011,0,34522.5215979073,41.4,4.40850003630249,0.3
Israel,2012,0,33321.4300881602,41.3,4.26891324976323,0.7
Israel,2013,0,37034.3161080785,39.9,4.14185992572437,0.5
Israel,2014,0,38343.3046626235,39.8,4.02694789471359,0.7
Israel,2015,0,36213.1041481958,39.7,3.92369679271042,0.5
Israel,2016,0,37671.5389138798,39.0,3.82918895305435,0.5
Israel,2017,0,41138.470964272,38.2,3.73969498634569,0.7
Israel,2018,0,42362.6652754196,38.6,3.65410930899171,0.7
Israel,2019,0,44250.6313628073,38.3,3.57701185538996,1.0
Israel,2020,0,44575.5719045492,37.8,3.51358193337547,0.7
Israel,2021,0,52270.9040241956,37.9,3.46324864320842,0.7
Italy,2000,0,20190.0035636084,35.2,5.56620309176568,1.2
Italy,2002,0,22451.3964379368,34.7,5.0557244340788,1.7
Italy,2003,0,27577.5700319855,34.9,4.83096724974095,0.9
Italy,2004,0,31348.1901841445,34.3,4.63433721899005,0.8
Italy,2005,0,32062.723833669,33.8,4.47254370195877,0.8
Italy,2006,0,33537.1286994269,33.7,4.34103174779415,0.8
Italy,2007,0,37826.1754554823,32.9,4.23378040345673,0.8
Italy,2008,0,40828.5795580937,33.8,4.14187337924247,0.9
Italy,2009,0,37099.6133958219,33.8,4.05548151211546,1.1
Italy,2010,0,35856.8625485539,34.7,3.96417754745648,1.4
Italy,2011,0,38432.3742820019,35.1,3.86941931084687,1.3
Italy,2012,0,34854.3949441965,35.2,3.7749665382724,1.4
Italy,2013,0,35701.6746002376,34.9,3.68469566038312,1.6
Italy,2014,0,36028.3494022349,34.7,3.59665503709871,1.4
Italy,2015,0,30639.8829751432,35.4,3.51000872066967,2.1
Italy,2016,0,31391.5692898108,35.2,3.4185253341699,1.8
Italy,2017,0,32844.115660604,35.9,3.31344202553173,1.5
Italy,2018,0,34904.1081923834,35.2,3.19577331604874,1.7
Italy,2019,0,33812.788724868,34.6,3.07877888818832,1.0
Italy,2020,0,32091.4866621366,35.2,2.97409905606829,0.9
Italy,2021,0,36852.5425414951,34.8,2.88575862202504,0.9
Italy,2022,0,35653.9042103495,33.7,2.81384849195682,0.7
Italy,2023,0,39065.4244365633,34.3,2.75590246778776,0.9
Jamaica,2002,0,3680.64551727724,48.3,19.6537186998487,6.4
Jamaica,2004,0,3807.56293124552,45.5,19.2445760657427,4.5
Jamaica,2018,0,5578.10347525832,35.3,18.7196521546316,0.4
Jamaica,2021,0,5165.33782130331,39.9,19.131172120412,1.4
Jordan,2002,0,1706.26744384401,37.0,24.237295187837,1.0
Jordan,2006,0,2342.63459574933,33.9,21.3290359819307,0.3
Jordan,2008,0,3241.6524135556,32.6,20.038269259405,0.1
Jordan,2010,0,3718.46571622945,33.7,18.8858804981346,0.1
Japan,2008,0,39876.3039685725,34.6,3.4449881020895,1.0
Japan,2009,0,41308.9968370512,33.0,3.35424916826124,0.9
Japan,2010,0,44968.1562349739,31.5,3.26312547803144,0.7
Japan,2011,0,48760.0789494211,33.0,3.27603014347955,0.5
Japan,2012,0,49145.2804308193,32.5,3.06822956570079,1.5
Japan,2013,0,40898.6478964744,31.5,2.9610255173165,1.0
Japan,2014,0,38475.3952461838,31.3,2.85571857854497,0.7
Japan,2015,0,34960.6393843385,30.7,2.75976701616614,0.4
Japan,2016,0,39375.4731620781,31.8,2.67409816466788,0.7
Japan,2017,0,38834.0529341227,31.8,2.59636256673955,0.6
Japan,2018,0,39751.1330982711,32.9,2.52524077781325,1.0
Japan,2019,0,40415.9567649547,33.0,2.46372768410503,1.2
Japan,2020,0,40028.7341726762,32.3,2.41376957564972,1.2
Kazakhstan,2001,1,1422.27331810957,36.0,39.9258440156968,20.7
Kazakhstan,2002,0,1573.55219932325,34.8,37.5775314665117,16.2
Kazakhstan,2003,0,1958.02050246511,33.7,35.3785424514594,12.3
Kazakhstan,2004,0,2722.47407755402,31.8,33.250586147928,7.6
Kazakhstan,2005,0,3577.35804001782,39.8,31.1610715236573,14.6
Kazakhstan,2006,0,5030.13494711519,30.2,29.0478130725009,2.4
Kazakhstan,2007,0,6449.43931096532,30.1,26.8916066819921,1.1
Kazakhstan,2008,0,8123.54705891736,28.5,24.6844918962455,0.8
Kazakhstan,2009,0,6938.01175663001,28.2,22.4885380002309,0.8
Kazakhstan,2010,0,8793.07589980782,28.0,20.3507200765676,0.5
Kazakhstan,2011,0,11287.1464926039,28.0,18.3002114986256,0.2
Kazakhstan,2012,0,12018.7966527993,28.2,16.3480739361345,0.1
Kazakhstan,2013,0,13478.459627612,27.1,14.5531835832344,0.1
Kazakhstan,2014,0,12427.7094576939,27.0,13.0378415561688,0.1
Kazakhstan,2015,0,10196.1226255982,26.8,11.8662025331267,0.1
Kazakhstan,2016,0,7475.56688689424,27.2,11.0434884770144,0.2
Kazakhstan,2017,0,8943.08416791984,27.5,10.5477854158198,0.1
Kazakhstan,2018,0,9472.48527327758,27.8,10.3155707362224,0.1
Kazakhstan,2019,0,9457.12614657136,28.0,10.2161045943455,0.1
Kazakhstan,2020,0,8781.50797787648,28.7,10.1191857746263,0.0
Kazakhstan,2021,0,9983.60103576902,29.2,9.9898421059869,0.0
Kenya,2005,1,523.456312433863,46.4,71.5338515405265,44.6
Kenya,2015,1,1489.11959777284,40.8,47.4077126680973,37.7
Kenya,2020,1,1927.66459027849,36.2,42.7785766907303,44.4
Kenya,2021,1,2061.35622089594,38.7,41.9127667725179,46.4
Kenya,2022,1,2109.56288513137,37.7,41.0915613388345,46.9
Kyrgyz Republic,2000,1,279.621738464365,31.0,50.7649594665998,66.2
Kyrgyz Republic,2001,1,308.41129550148,30.2,48.1393207394101,61.5
Kyrgyz Republic,2002,1,321.726775366804,30.3,45.6535634235003,58.1
Kyrgyz Republic,2003,1,380.505828812441,28.7,43.3281503407997,56.6
Kyrgyz Republic,2004,1,433.233873286,34.8,41.1951749826136,32.5
Kyrgyz Republic,2005,1,476.548193640077,32.6,39.3296468102923,36.6
Kyrgyz Republic,2006,1,543.113512472219,37.4,37.5833806357587,26.0
Kyrgyz Republic,2007,1,721.771577544361,33.9,35.7288991330041,23.3
Kyrgyz Republic,2008,0,966.388569370494,31.5,33.7034642393785,13.8
Kyrgyz Republic,2009,0,870.198894546917,29.9,31.6096999769968,9.8
Kyrgyz Republic,2010,0,876.954476440354,30.1,29.5596214931257,12.6
Kyrgyz Republic,2011,0,1117.40174350185,27.8,27.6693566243245,9.3
Kyrgyz Republic,2012,0,1168.62244675446,27.4,26.0412265815498,10.5
Kyrgyz Republic,2013,0,1269.66303464348,28.8,24.6867146440455,13.5
Kyrgyz Republic,2014,0,1264.52668823891,26.8,23.4506344890742,8.1
Kyrgyz Republic,2015,0,1105.65193844261,29.0,22.2356780172985,11.0
Kyrgyz Republic,2016,0,1103.27489428412,26.8,21.0563916304703,8.0
Kyrgyz Republic,2017,0,1221.39046807082,27.3,19.9906182312549,8.2
Kyrgyz Republic,2018,0,1283.5203037417,27.7,19.0825646872542,5.9
Kyrgyz Republic,2019,0,1421.99927504102,29.7,18.3594370723756,4.9
Kyrgyz Republic,2020,0,1229.51766602907,29.0,17.8453339507594,9.4
Kyrgyz Republic,2021,0,1349.99730650542,28.8,17.4828937365646,5.6
Kyrgyz Republic,2022,0,1739.72018344174,26.4,17.2216486582906,4.5
Kyrgyz Republic,2023,0,2138.22210211478,27.2,16.9818849846389,2.7
Kiribati,2006,1,1123.19258990684,37.0,60.277453715615,21.3
Kiribati,2019,0,1750.9977188915,27.8,59.2997770024295,6.1
"Korea, Rep.",2006,0,21743.4774514254,31.7,5.17524892436328,0.5
"Korea, Rep.",2008,0,21350.427979823,32.3,4.53878787330403,0.5
"Korea, Rep.",2010,0,23079.2601257735,32.0,4.12840245842878,0.5
"Korea, Rep.",2012,0,25459.1689000965,31.6,3.84580282410149,0.5
"Korea, Rep.",2014,0,29252.9312377352,31.2,3.6166794619151,0.2
"Korea, Rep.",2016,0,29280.4403170048,35.2,3.41641029709841,0.2
"Korea, Rep.",2017,0,31600.7358741365,34.9,3.32452785935286,0.2
"Korea, Rep.",2018,0,33447.1562836166,33.7,3.23165545721146,0.2
"Korea, Rep.",2019,0,31902.4169048194,33.2,3.13468365269099,0.2
"Korea, Rep.",2020,0,31721.2989141857,32.7,3.03479198094647,0.0
"Korea, Rep.",2021,0,35125.5224984723,32.9,2.9387543997093,0.2
Lao PDR,2002,1,313.350817148131,32.6,99.1363616037267,43.1
Lao PDR,2007,1,697.323013673925,35.4,78.8356833070396,36.0
Lao PDR,2012,1,1563.5650771337,36.0,61.5325495247157,21.7
Lao PDR,2018,1,2545.1075420815,38.8,46.8372713039163,15.7
Lebanon,2011,0,7834.96257108993,31.8,12.4996118549555,0.1
Lebanon,2022,0,3654.35845534878,35.3,17.3097193713219,5.9
Liberia,2007,1,374.211308104278,36.4,118.019691905644,61.1
Liberia,2014,1,706.714490064507,33.2,95.0387974540335,31.7
Liberia,2016,1,714.613063145659,35.3,88.2531094954885,33.6
St. Lucia,2015,0,10334.9860823918,43.7,17.3542707993723,0.1
Sri Lanka,2002,1,834.936014905338,40.2,15.5039779967454,20.7
Sri Lanka,2006,0,1389.50625583936,39.7,13.3117393850544,12.2
Sri Lanka,2009,0,2026.65939950702,36.1,20.7704206040435,7.8
Sri Lanka,2012,0,3327.77612404326,38.7,10.3227219003391,6.4
Sri Lanka,2016,0,4149.19190775593,39.3,8.30073805737625,3.8
Sri Lanka,2019,0,4081.94772722003,37.7,7.23682857762512,2.7
Lesotho,2002,1,388.92334985135,51.2,112.397802007847,74.9
Lesotho,2017,1,1069.36673247542,44.9,71.1642118470342,41.9
Lithuania,2000,0,3300.63634928559,31.7,10.7108183101484,1.2
Lithuania,2001,0,3532.52787363242,32.0,10.2787309269382,1.6
Lithuania,2002,0,4148.13091485015,31.9,9.9007829109279,1.4
Lithuania,2003,0,5507.47434187652,35.5,9.57547709729648,0.4
Lithuania,2004,0,6734.57487061946,37.0,9.29043712588352,4.0
Lithuania,2005,0,7857.03148786492,35.3,9.00198437181125,2.7
Lithuania,2006,0,9210.10118229413,34.4,8.60890966240119,1.8
Lithuania,2007,0,12295.1212779366,34.8,8.04050304102378,1.6
Lithuania,2008,0,14955.5345462921,35.7,7.36383153605,1.8
Lithuania,2009,0,11854.3711053096,37.2,6.66620640225368,2.7
Lithuania,2010,0,11829.122609457,33.6,6.03640981948797,2.0
Lithuania,2011,0,14261.8433787325,32.5,5.55784045332005,0.9
Lithuania,2012,0,14288.1853493139,35.1,5.2743836511733,1.1
Lithuania,2013,0,15636.5252586048,35.3,5.1398144607437,1.2
Lithuania,2014,0,16446.1647181663,37.7,5.07936344105047,1.7
Lithuania,2015,0,14269.8039878287,37.4,5.02211320317334,1.0
Lithuania,2016,0,14934.2702840428,38.4,4.87378980212216,1.5
Lithuania,2017,0,16800.1510246099,37.3,4.58485526048131,1.2
Lithuania,2018,0,19247.2315367967,35.7,4.22831894992368,1.0
Lithuania,2019,0,19608.7943945553,35.3,3.91211489340312,0.6
Lithuania,2020,0,20428.6478157394,36.0,3.69729303270767,0.5
Lithuania,2021,0,23870.4594851722,36.7,3.55232813763988,0.3
Lithuania,2022,0,25085.784063499,36.6,3.4509259082547,0.8
Lithuania,2023,0,27786.0057829276,36.0,3.38030727139981,1.1
Luxembourg,2000,0,48659.5988753233,30.1,4.6879079465924,0.0
Luxembourg,2001,0,48440.1420151355,30.9,4.41394412575839,0.0
Luxembourg,2002,0,53005.7339209179,31.1,4.1507033319106,0.0
Luxembourg,2003,0,65689.3214536911,30.2,3.90360396782742,0.1
Luxembourg,2004,0,76544.9170868473,30.2,3.67611995839438,0.0
Luxembourg,2005,0,80988.1376230858,30.8,3.46903167491324,0.0
Luxembourg,2006,0,90788.8004876145,30.9,3.28702985757121,0.0
Luxembourg,2007,0,107475.320297978,31.1,3.1331057988297,0.0
Luxembourg,2008,0,120422.137934157,32.6,3.00477541127084,0.0
Luxembourg,2009,0,109419.746953106,31.2,2.89816029736088,0.0
Luxembourg,2010,0,110885.991378721,30.5,2.81263236067389,0.0
Luxembourg,2011,0,119025.057203467,32.1,2.74166380398764,0.1
Luxembourg,2012,0,112584.676270958,34.3,2.68825221767668,0.0
Luxembourg,2013,0,120000.140729859,32.0,2.64368715633237,0.1
Luxembourg,2014,0,123678.702143275,31.2,2.60606434800371,0.2
Luxembourg,2015,0,105462.012584423,32.9,2.5743611224295,0.3
Luxembourg,2016,0,106899.293549552,31.7,2.54875714864606,0.1
Luxembourg,2017,0,110193.213797228,34.5,2.5240539502908,0.3
Luxembourg,2018,0,116926.759593905,35.4,2.50392877866615,0.3
Luxembourg,2019,0,112696.649059674,34.2,2.48219613654691,0.1
Luxembourg,2020,0,116860.02817236,33.4,2.45946320011754,0.0
Luxembourg,2021,0,134965.815442152,32.7,2.42569748784485,0.1
Luxembourg,2022,0,123719.658915996,34.1,2.38557777298844,0.1
Luxembourg,2023,0,131407.681364513,33.6,2.33584018415173,0.1
Latvia,2002,0,4003.60935783538,35.1,12.5614611993069,1.5
Latvia,2003,0,4914.57992829302,36.5,11.886078959514,1.5
Latvia,2004,0,6109.73265186817,36.4,11.1861972395616,3.7
Latvia,2005,0,7283.78738127622,39.0,10.4801371689551,3.1
Latvia,2006,0,9211.7374468148,35.6,9.85498642927937,1.9
Latvia,2007,0,13370.9789452508,37.5,9.32108868738769,0.8
Latvia,2008,0,15677.6080864506,37.2,8.82400099354865,1.6
Latvia,2009,0,11996.0322729773,35.9,8.32277135072255,2.6
Latvia,2010,0,11188.4191700977,35.0,7.79281615408988,2.6
Latvia,2011,0,12902.574053337,35.8,7.21479559900426,1.7
Latvia,2012,0,13329.3499931271,35.2,6.61835713338186,1.4
Latvia,2013,0,14484.4715282132,35.5,6.03721450596035,1.5
Latvia,2014,0,15185.814581236,35.1,5.51743142498603,1.1
Latvia,2015,0,13321.9753140616,34.2,5.07365532279712,1.0
Latvia,2016,0,13838.5266823272,34.3,4.72030176127225,1.0
Latvia,2017,0,15132.4958333982,35.6,4.45148690099435,1.0
Latvia,2018,0,17252.1710428626,35.1,4.21546606702018,0.6
Latvia,2019,0,17294.9751600969,34.5,3.97380927887994,0.3
Latvia,2020,0,17564.2321549354,35.7,3.72778173648513,0.5
Latvia,2021,0,20261.8887788916,34.3,3.4695675634873,0.5
Latvia,2022,0,20227.2307431581,33.7,3.20624005844129,0.4
Latvia,2023,0,22675.5786295407,34.0,2.96386748885158,0.4
Morocco,2000,1,1499.107421875,40.6,52.2443921246927,16.8
Morocco,2006,0,2438.12646484375,40.7,39.1435047270879,9.4
Morocco,2013,0,3379.7431640625,39.5,26.1820537808253,3.7
Moldova,2000,1,440.538683980372,36.4,31.3046535608672,41.0
Moldova,2001,1,507.404076252819,38.0,28.4790778630397,32.2
Moldova,2002,1,570.799866188293,35.8,25.8099955899343,19.9
Moldova,2003,0,682.319095965299,34.9,23.4387156156083,10.0
Moldova,2004,0,897.178494749468,35.0,21.552554697716,11.6
Moldova,2005,0,1034.39197746993,36.3,20.1024841859082,16.6
Moldova,2006,0,1183.02481442894,35.4,19.0752207750846,3.4
Moldova,2007,0,1531.21618590748,34.4,18.2973237002267,1.6
Moldova,2008,0,2110.55305353857,34.7,17.7276532624282,1.7
Moldova,2009,0,1898.43975710988,32.9,17.2951890985599,1.5
Moldova,2010,0,2436.79935102421,32.1,16.9375117418889,0.8
Moldova,2011,0,2941.36224066021,30.6,16.6406795953928,0.5
Moldova,2012,0,3044.8084324815,29.2,16.3412163144886,0.5
Moldova,2013,0,3321.04397795719,28.5,16.0428649079007,0.1
Moldova,2014,0,3289.95758568777,26.8,15.8064841745721,0.0
Moldova,2015,0,2749.55137054338,27.0,15.5389796827112,0.1
Moldova,2016,0,2847.08794770479,26.3,15.3439877219751,0.2
Moldova,2017,0,3453.26727720294,25.9,15.1843793061231,0.1
Moldova,2018,0,4156.44981956646,25.7,15.0647885776212,0.0
Moldova,2019,0,4405.33418162155,26.0,14.992520408115,0.0
Moldova,2020,0,4375.7788930524,25.0,14.9274092664875,0.0
Moldova,2021,0,5274.60582195352,25.7,14.8439395635389,0.2
Moldova,2022,0,5744.29618434435,25.9,14.7669163908374,0.0
Moldova,2023,0,6799.58594644576,26.8,14.6743139532414,0.1
Madagascar,2001,1,319.283278235657,47.4,100.363099634858,57.5
Madagascar,2005,1,305.812074924388,39.9,84.6446924630766,55.3
Madagascar,2010,1,450.009391645726,42.4,70.7387363722992,65.3
Madagascar,2012,1,493.511162904211,42.6,67.739833552997,67.3
Madagascar,2021,1,483.469463351371,36.8,66.2117852965213,69.2
Maldives,2002,0,3076.07007160101,41.3,30.7848927772021,18.8
Maldives,2009,0,6734.03165601895,38.4,14.8792345038065,13.1
Maldives,2016,0,9947.80744731739,31.3,9.19466709461259,0.1
Maldives,2019,0,11740.2724029785,29.3,7.40431525294222,0.0
Mexico,2000,0,7524.0271380091,53.4,28.0919890856832,16.3
Mexico,2002,0,7983.03398381759,50.6,25.6708509521936,12.8
Mexico,2004,0,7849.66759649565,50.3,23.6262521796302,11.0
Mexico,2005,0,8671.75891885163,50.9,22.7170921488871,11.7
Mexico,2006,0,9512.63575346699,49.7,21.894915014563,9.0
Mexico,2008,0,10523.7685427665,50.8,20.4318195275518,10.1
Mexico,2010,0,9728.80078237782,47.7,19.1200820973707,8.4
Mexico,2012,0,10744.1335229686,49.6,17.9096367765308,7.3
Mexico,2014,0,11391.3773510244,48.9,16.7787677792909,7.2
Mexico,2016,0,9097.92397674769,46.9,15.7233313639955,4.4
Mexico,2018,0,10084.7937553679,46.0,14.7206472110957,3.9
Mexico,2020,0,8841.2707511328,44.6,13.7606483028622,4.3
Mexico,2022,0,11402.1410374782,43.5,12.873856786903,2.3
Marshall Islands,2019,0,5292.33985502306,35.5,31.9252789124803,2.1
North Macedonia,2000,0,1861.89899780644,34.3,15.9335764655571,11.7
North Macedonia,2002,0,1989.13537265159,38.5,14.3432588044462,3.0
North Macedonia,2003,0,2445.36286400013,38.7,14.3333685954029,2.8
North Macedonia,2004,0,2818.5814561242,38.4,14.2164605564037,1.4
North Macedonia,2005,0,3120.98401394233,39.3,13.7131295705908,3.1
North Macedonia,2006,0,3440.4411057968,42.6,12.9910287742824,4.6
North Macedonia,2008,0,5026.4202989873,46.1,11.6609905448909,1.4
North Macedonia,2009,0,4799.78722768888,42.8,10.99847876694,12.1
North Macedonia,2010,0,4833.36586759968,40.1,10.3748289806168,12.8
North Macedonia,2011,0,5416.86672931659,39.4,10.0390528600974,10.9
North Macedonia,2012,0,5049.8265386157,38.1,10.1795131352117,9.1
North Macedonia,2013,0,5626.26115664893,36.2,10.6564135871359,7.4
North Macedonia,2014,0,5925.38592218015,35.2,11.1381308485789,6.4
North Macedonia,2015,0,5262.68671928674,35.6,11.2797049349029,7.0
North Macedonia,2016,0,5598.48622617967,34.5,10.8260254255001,5.7
North Macedonia,2017,0,5955.2973863451,34.2,9.68286007678351,5.6
North Macedonia,2018,0,6713.98925398989,33.0,8.25123041106904,4.3
North Macedonia,2019,0,6718.85826635458,33.5,6.96886510161188,3.9
Mali,2001,1,291.159497911347,39.9,181.467600315271,68.6
Mali,2006,1,633.221946737432,38.9,152.183310681636,64.0
Mali,2009,1,815.78868795173,33.0,138.167903524023,63.3
Mali,2018,1,996.379292136901,36.0,106.124838957611,29.4
Mali,2021,1,1027.27345365357,35.7,96.9474519567274,36.1
Malta,2006,0,16653.6038312389,28.0,6.88858358110233,0.5
Malta,2007,0,19444.1743635565,29.2,6.880085289394,0.5
Malta,2008,0,22315.3104812611,29.0,6.87796907583963,0.2
Malta,2009,0,21176.3216665018,30.2,6.87364126864929,0.5
Malta,2010,0,21946.6070188242,29.0,6.86005427905926,0.3
Malta,2011,0,23516.9691282762,29.1,6.83090282853131,0.2
Malta,2012,0,22878.3131257656,29.4,6.7891290586359,0.2
Malta,2013,0,25415.5566806942,28.8,6.73797646546412,0.0
Malta,2014,0,27424.5765369278,29.0,6.67553039448744,0.0
Malta,2015,0,25529.6813131565,29.4,6.59839421528366,0.1
Malta,2016,0,26459.0772054811,29.1,6.50064793354359,0.1
Malta,2017,0,30317.2443357939,29.2,6.38478992846296,0.2
Malta,2018,0,33382.2677502638,28.7,6.26149002923152,0.2
Malta,2019,0,32421.9179753188,31.0,6.11808602491842,0.3
Malta,2020,0,31833.596382464,31.4,5.96749099531594,0.4
Malta,2021,0,38065.354346575,31.6,5.81528835479,0.1
Malta,2022,0,36224.2819955817,34.6,5.65315500954276,0.1
Myanmar,2015,1,1166.73305546337,38.1,51.346121058869,18.2
Myanmar,2017,0,1272.82241830603,30.7,47.722114752985,10.3
Montenegro,2005,0,3674.6179242797,30.2,10.5579288261092,0.4
Montenegro,2006,0,4425.67887307803,30.0,9.7020451961287,0.4
Montenegro,2007,0,5976.39414454596,31.4,8.85788055454988,0.4
Montenegro,2008,0,7367.75190910882,30.5,8.04104101654798,0.3
Montenegro,2009,0,6727.10776676969,31.0,7.27694693739086,0.0
Montenegro,2010,0,6688.40259641346,28.9,6.5790770587086,0.0
Montenegro,2011,0,7325.64689244715,30.8,5.94959467206934,0.4
Montenegro,2012,0,6577.74033229273,41.2,5.39423816986811,5.6
Montenegro,2013,0,7172.92908521143,39.0,4.90605776146623,5.2
Montenegro,2014,0,7364.96590101549,38.8,4.48452306285991,3.9
Montenegro,2015,0,6491.19280618646,39.0,4.12595207679113,3.6
Montenegro,2016,0,6999.1358134109,38.5,3.81974668716017,3.3
Montenegro,2017,0,7758.36921956034,36.9,3.56190621117183,4.6
Montenegro,2018,0,8790.88152116679,36.8,3.34549220341134,3.9
Montenegro,2019,0,8842.48528706869,35.7,3.1563722032915,2.5
Montenegro,2020,0,7612.62845881291,35.4,2.98935635662226,2.2
Montenegro,2021,0,9377.48879714989,34.3,2.8375703174216,2.5
Mongolia,2002,1,570.249213248399,32.9,53.2439583089436,18.7
Mongolia,2007,0,1627.68787743359,35.8,33.9463000808713,4.0
Mongolia,2010,0,2625.21881402433,33.1,26.2619236080128,3.5
Mongolia,2011,0,3736.04201455077,33.9,24.3503378311878,2.2
Mongolia,2012,0,4328.89001905655,33.8,22.7877852242383,1.1
Mongolia,2014,0,4126.23975800524,32.0,20.4452062347476,0.8
Mongolia,2016,0,3619.90026383792,32.3,18.4137022663058,1.9
Mongolia,2018,0,4107.64288528468,32.7,16.429863964217,1.7
Mongolia,2022,0,4993.51487463495,31.4,13.8994275265758,0.4
Mozambique,2002,1,313.886661721198,46.9,145.963396238816,87.6
Mozambique,2008,1,592.159111184122,45.5,103.657478080903,81.1
Mozambique,2014,1,697.142680444123,54.0,79.2068952190868,74.4
Mozambique,2019,1,519.09255091362,50.7,68.3475779444266,81.6
Mozambique,2022,1,578.251663751351,49.6,64.3299752975423,81.4
Mauritania,2000,1,680.911061879778,39.0,98.2186737349934,30.7
Mauritania,2004,1,823.554457141893,40.2,76.9902692412351,28.5
Mauritania,2008,1,1635.5630623124,35.7,60.4032994069257,19.2
Mauritania,2014,0,1713.00865264234,32.6,50.365220897486,11.7
Mauritania,2019,0,1767.072710621,32.0,43.0479696328401,10.2
Mauritius,2006,0,5695.97525509869,35.7,15.4011376979299,1.1
Mauritius,2012,0,9291.23627601053,38.5,14.9583578852599,1.1
Mauritius,2017,0,10841.6847754844,36.8,14.9630591206305,0.5
Malawi,2004,1,404.674248445428,39.9,119.319770257957,74.4
Malawi,2010,1,683.124694716799,45.5,83.0274196927419,72.9
Malawi,2016,1,450.506105510719,44.7,53.5029304551291,71.7
Malawi,2019,1,580.889816066776,38.5,45.4559462807597,75.4
Malaysia,2003,0,4465.32194567208,46.4,8.54815328638141,3.2
Malaysia,2006,0,6158.40785533236,44.8,8.28109700544379,1.7
Malaysia,2008,0,8371.82156086005,45.5,8.22927776721792,1.5
Malaysia,2011,0,10217.1068585031,43.9,8.07433062167176,0.4
Malaysia,2013,0,10713.6407638899,41.3,8.05572275658992,0.1
Malaysia,2015,0,9648.6797937523,41.1,8.1492648561183,0.1
Malaysia,2018,0,10901.8019954421,41.2,8.19311502243173,0.0
Malaysia,2021,0,10903.1116425938,40.7,8.11573398519042,0.0
Namibia,2003,1,2569.24739317883,63.3,75.1401714156459,47.6
Namibia,2009,1,4302.91374148376,61.0,52.8589140378809,38.6
Namibia,2015,1,4774.10650865775,59.1,55.0218965060887,22.9
Niger,2005,1,318.643121918273,44.4,171.90534890955,83.8
Niger,2007,1,387.168065883301,37.3,153.615074005476,82.9
Niger,2011,1,510.75956176268,31.5,133.140054990345,68.8
Niger,2014,1,565.30989731175,34.3,127.401091560082,60.3
Niger,2018,1,578.568035680892,37.3,122.778740919661,59.0
Niger,2021,1,608.722439593808,32.9,119.096547840985,60.5
Nigeria,2003,1,763.388745367223,40.1,165.353959829306,51.1
Nigeria,2010,1,2202.25672957344,35.7,135.131004576161,38.5
Nigeria,2012,1,2633.19734671361,35.5,130.871674013832,37.4
Nigeria,2015,1,2585.73360671797,35.9,126.42238175049,35.8
Nigeria,2018,1,2057.87944554011,35.1,120.195614558188,34.2
Nigeria,2022,1,2139.37478476974,33.9,108.069070932718,41.8
Nicaragua,2001,1,1051.874235891,52.9,36.183719302547,26.3
Nicaragua,2005,1,1183.30214010175,48.8,29.4691686431542,16.5
Nicaragua,2009,0,1467.08288052845,43.9,24.3695622466621,13.9
Nicaragua,2014,0,1958.37047579547,46.2,19.446351046922,6.6
Netherlands,2004,0,40611.3414353091,29.8,5.51875619303771,0.3
Netherlands,2005,0,42165.396168388,29.0,5.3148304584283,0.1
Netherlands,2006,0,45123.5432406426,30.0,5.1117638131214,0.0
Netherlands,2007,0,52100.7996285947,29.6,4.91774701115663,0.0
Netherlands,2008,0,58246.7026905874,29.3,4.73828182729986,0.2
Netherlands,2009,0,53172.0261581418,27.9,4.57888446678047,0.2
Netherlands,2010,0,51305.7338533973,27.8,4.44298527644753,0.0
Netherlands,2011,0,54701.7728030611,27.8,4.33115330273646,0.1
Netherlands,2012,0,50473.9442002689,27.6,4.23920742116652,0.1
Netherlands,2013,0,52602.2860520766,28.1,4.16728613372953,0.1
Netherlands,2014,0,53457.2234864322,28.6,4.11377368629767,0.1
Netherlands,2015,0,45793.8135434697,28.2,4.07677274065978,0.1
Netherlands,2016,0,46808.5291492503,28.2,4.05196648100475,0.1
Netherlands,2017,0,49513.6817346384,28.5,4.0375077974903,0.2
Netherlands,2018,0,53955.0770024266,28.1,4.03007672019593,0.1
Netherlands,2019,0,53554.9007491475,29.2,4.02333196159545,0.1
Netherlands,2020,0,53467.9277413737,26.0,4.01159169967011,0.0
Netherlands,2021,0,60141.9880911492,25.7,3.99581207760695,0.1
Norway,2000,0,38178.2368777076,27.4,4.85740011098321,0.2
Norway,2003,0,50250.3298214345,27.6,4.38922589810737,0.2
Norway,2004,0,57768.6980958462,31.6,4.2199815100609,0.3
Norway,2005,0,67047.1704558264,30.6,4.05567869397286,0.2
Norway,2006,0,74434.4996835671,26.4,3.89522920735218,0.2
Norway,2007,0,85502.2677087731,27.1,3.73465989264515,0.2
Norway,2008,0,97503.5407803783,27.0,3.57491654409816,0.2
Norway,2009,0,80347.5700665184,26.2,3.41716603375865,0.1
Norway,2010,0,88163.2085931423,25.7,3.2664173734615,0.2
Norway,2011,0,101221.813476644,25.3,3.12656348395925,0.1
Norway,2012,0,102175.919298374,25.7,2.99990420156219,0.1
Norway,2013,0,103553.840134417,26.4,2.88788995551278,0.2
Norway,2014,0,97666.6951838749,26.8,2.78784688431445,0.1
Norway,2015,0,74809.9658049898,27.5,2.69543881958085,0.2
Norway,2016,0,70867.3609970749,28.5,2.60837051241672,0.3
Norway,2017,0,76131.8384032764,27.0,2.52781569086817,0.3
Norway,2018,0,82792.8427113304,27.6,2.45842118007591,0.3
Norway,2019,0,76430.5889473338,27.7,2.40245293956825,0.2
Norway,2020,0,68340.0181033702,28.4,2.36508156953188,0.3
Norway,2021,0,93072.8925119571,29.1,2.34678220134879,0.2
Norway,2022,0,109269.520580298,26.9,2.34603968713035,0.3
Norway,2023,0,87497.3289297342,26.5,2.35530985902604,0.2
Nepal,2003,1,246.429706587633,43.8,66.8534941670242,55.7
Nepal,2010,1,585.278491984574,32.8,48.2874745483166,21.5
Nepal,2022,0,1385.91066274851,30.0,27.5065680653666,2.4
Nauru,2012,0,9817.36872216004,32.4,22.9285816109192,9.7
Pakistan,2001,1,609.939506905073,28.7,105.343754540233,56.2
Pakistan,2004,1,771.902247348954,30.9,98.4688364049251,40.9
Pakistan,2005,1,827.619861189926,31.3,96.5427371963463,40.8
Pakistan,2007,1,998.090114197524,29.7,92.86183038606,34.9
Pakistan,2010,1,987.304571124485,28.8,87.0725474822809,26.7
Pakistan,2011,1,1131.73513834324,29.7,84.9255026829911,25.9
Pakistan,2013,1,1225.4340119198,29.5,80.3566395067689,21.2
Pakistan,2015,1,1380.47020838317,31.3,75.5998944944204,16.9
Pakistan,2018,1,1569.33814626355,29.6,68.7735471024342,16.5
Panama,2000,0,3975.09308659503,34.9,25.6360660737428,16.3
Panama,2001,0,3991.7767076924,34.9,24.9022018854146,20.8
Panama,2002,0,4090.58617397129,34.9,24.0929037600731,17.2
Panama,2003,0,4264.66428846636,34.9,23.2726302153581,16.8
Panama,2004,0,4644.56582353041,34.9,22.4710402772119,15.5
Panama,2005,0,5017.7410922824,34.9,21.7037530599021,14.5
Panama,2006,0,5528.76705469354,34.9,20.988819225144,15.7
Panama,2007,0,6317.81730274124,34.9,20.3017377132079,13.0
Panama,2008,0,7347.59050324397,34.9,19.6694493193621,9.0
Panama,2009,0,7796.92617035048,34.9,19.0865793505308,6.6
Panama,2010,0,8331.46421351868,34.9,18.5589813767016,7.7
Panama,2011,0,9662.29592216607,34.9,18.1065577584776,6.1
Panama,2012,0,11064.8063606203,34.9,17.743638745557,7.4
Panama,2013,0,12273.3225037637,34.9,17.4840350946,5.9
Panama,2014,0,13213.1989637473,34.9,17.2968766114351,6.4
Panama,2015,0,14082.6548502728,34.9,17.16545889294,4.8
Panama,2016,0,14832.3611608191,34.9,17.0279647131943,4.8
Panama,2017,0,15694.6297454295,34.9,16.8294879896039,4.3
Panama,2018,0,16151.3273478476,34.9,16.4775889654267,3.7
Panama,2019,0,16477.9066285687,34.9,15.9237420457801,2.9
Panama,2021,0,15509.8069109784,34.9,14.5204203536424,3.3
Panama,2023,0,18686.4050961265,34.9,13.2830678129028,3.7
Peru,2000,1,1945.41338451698,49.1,37.9345966353894,25.5
Peru,2001,1,1929.57273038846,51.3,34.9495809000003,27.4
Peru,2002,1,2007.37019626753,53.6,32.3700087471404,24.4
Peru,2003,1,2129.44114197634,53.1,30.1313936518712,22.5
Peru,2004,1,2397.25147277714,49.9,28.1907546406366,23.5
Peru,2005,1,2706.66947297608,50.4,26.5041861032618,25.4
Peru,2006,1,3129.55996496982,50.3,25.0053022648746,21.8
Peru,2007,1,3581.0893081917,50.0,23.6591078332489,18.9
Peru,2008,0,4197.58444634142,47.5,22.4509059560504,15.8
Peru,2009,0,4181.18755462253,47.0,21.3747088325458,13.7
Peru,2010,0,5072.11494019615,45.5,20.4279104229378,11.2
Peru,2011,0,5861.35793645245,44.7,19.6115216193183,10.3
Peru,2012,0,6519.37852981527,44.4,18.9252434327876,9.5
Peru,2013,0,6746.80025696601,43.9,18.3683549458884,8.6
Peru,2014,0,6667.13410360861,43.1,17.9257209384669,8.0
Peru,2015,0,6231.71150338894,43.4,17.5841901011375,8.0
Peru,2016,0,6217.03599995447,43.6,17.3203487677743,7.5
Peru,2017,0,6736.16693725487,43.3,17.107985002252,7.3
Peru,2018,0,6978.49121548627,42.4,16.9336632199896,6.1
Peru,2019,0,7037.00803692604,41.5,16.7943705250247,5.4
Peru,2020,0,6133.32552410183,43.7,16.627978198764,10.3
Peru,2021,0,6826.20255614477,40.1,16.3863489512017,5.2
Peru,2022,0,7350.63034300417,40.3,16.1336852710895,4.8
Peru,2023,0,7887.54185920108,40.7,15.8050805234684,5.9
Peru,2024,0,8452.37167047598,40.1,10.3804661501567,5.1
Philippines,2000,1,1050.79273107952,47.7,36.8994144524518,25.9
Philippines,2003,1,1027.2301192843,46.6,34.4362087028973,24.3
Philippines,2006,1,1426.14649179546,47.2,32.0730108432731,26.1
Philippines,2009,1,1864.45043406471,46.3,30.135108610005,22.0
Philippines,2012,1,2614.61644401308,46.5,28.6542227052667,21.3
Philippines,2015,0,2909.85818010301,44.6,27.8363915147404,14.6
Philippines,2018,0,3168.51036609727,42.3,27.9145762710644,8.3
Philippines,2021,0,3484.38593882819,40.7,27.6913756511003,8.1
Philippines,2023,0,3804.08274131097,39.3,26.8817712339393,5.3
Papua New Guinea,2009,1,1568.83193368607,41.9,60.2298582363096,52.2
Poland,2000,0,4520.64100449111,33.0,9.33731422715587,0.3
Poland,2001,0,5015.23790036613,32.8,8.82267035563364,0.4
Poland,2002,0,5223.45178967082,34.1,8.42484251268672,0.3
Poland,2003,0,5720.81366178104,34.9,8.09563279640479,0.2
Poland,2004,0,6711.72715262967,38.0,7.81555381969303,2.8
Poland,2005,0,8043.92332253757,35.8,7.556360624347,1.4
Poland,2006,0,9068.85528307627,34.7,7.29164257305827,0.9
Poland,2007,0,11272.5293683383,34.0,6.99585999843126,0.6
Poland,2008,0,14048.5604672654,33.5,6.66174575176475,0.3
Poland,2009,0,11556.3026866026,33.4,6.31488480586603,0.6
Poland,2010,0,12567.7317676382,33.2,5.98380838112168,0.6
Poland,2011,0,13867.6669408192,33.2,5.68213546291758,0.6
Poland,2012,0,13087.420943321,33.0,5.42285034787004,0.4
Poland,2013,0,13621.9023794031,33.1,5.2108284580108,0.6
Poland,2014,0,14262.2841914116,32.8,5.03707245609708,0.6
Poland,2015,0,12637.5220324406,31.8,4.89151329789132,0.5
Poland,2016,0,12464.0121044827,31.2,4.76363917495322,0.4
Poland,2017,0,13913.3415190124,29.7,4.6447480550938,0.4
Poland,2018,0,15658.210586693,30.2,4.5327281995272,0.3
Poland,2019,0,15874.5220531254,28.8,4.44318782445383,0.1
Poland,2020,0,16150.9291009726,28.5,4.39175833528636,0.2
Poland,2021,0,18635.5088812509,28.5,4.37112707421755,0.1
Poland,2022,0,18891.213529396,28.9,4.36326399291714,0.3
Poland,2023,0,22145.2643088909,28.5,4.35218164490786,0.2
Portugal,2003,0,15797.7821340276,38.8,5.51451713608175,1.1
Portugal,2004,0,18064.1580932987,38.9,5.0412885466256,0.7
Portugal,2005,0,18780.12751241,38.5,4.66673808925449,0.7
Portugal,2006,0,19839.4540499032,38.1,4.38368476372055,0.2
Portugal,2007,0,22811.0564844365,36.8,4.17241928149878,0.6
Portugal,2008,0,24949.0413566739,36.6,4.01475177316298,0.3
Portugal,2009,0,23151.2154130712,34.9,3.89610312971353,0.2
Portugal,2010,0,22551.935098809,35.8,3.80415792412503,0.2
Portugal,2011,0,23246.5425416481,36.3,3.73085343206806,0.6
Portugal,2012,0,20593.4274224109,36.0,3.68056891493308,0.9
Portugal,2013,0,21676.4859642714,36.2,3.64985870980642,1.0
Portugal,2014,0,22120.6850127107,35.6,3.63497785707655,0.8
Portugal,2015,0,19215.7813014347,35.5,3.62772949804903,0.7
Portugal,2016,0,19980.2808866516,35.2,3.6177951914587,0.4
Portugal,2017,0,21442.3842768879,33.8,3.58760341572283,0.4
Portugal,2018,0,23541.1401075289,33.5,3.53043482362558,0.4
Portugal,2019,0,23343.3628970034,32.8,3.45540076546249,0.2
Portugal,2020,0,22299.4044062173,34.7,3.37165174644518,0.6
Portugal,2021,0,24711.4510062111,34.6,3.28997390683385,0.3
Portugal,2022,0,24620.519556875,36.3,3.22070458693661,0.2
Portugal,2023,0,27386.2920595024,33.9,3.16403166892804,0.4
Paraguay,2001,1,1637.68615122932,54.6,32.8910034755023,13.5
Paraguay,2002,1,1367.76506935997,57.3,32.1872256369903,19.6
Paraguay,2003,1,1443.99885236205,54.9,31.4168274813901,13.8
Paraguay,2004,1,1786.21533938543,52.3,30.6666129694526,10.7
Paraguay,2005,1,1970.87169852378,51.4,29.8872609055802,10.1
Paraguay,2006,1,2439.43124694576,53.0,29.1124247972187,14.1
Paraguay,2007,1,3211.93621659546,53.0,28.3226094910852,12.6
Paraguay,2008,0,4384.9546943793,50.7,27.5039542622761,7.9
Paraguay,2009,0,3941.84815479271,49.1,26.6687866416302,9.1
Paraguay,2010,0,4750.96273669322,51.0,25.9290650112342,9.4
Paraguay,2011,0,5805.40154543044,52.3,25.0926179108283,8.9
Paraguay,2012,0,5642.1699167298,47.6,24.4086816303336,6.4
Paraguay,2013,0,6435.68342733182,47.9,23.6868156228304,4.1
Paraguay,2014,0,6652.25478942291,50.7,22.9596965573607,4.3
Paraguay,2015,0,5879.33792308671,47.6,22.1865878891029,4.2
Paraguay,2016,0,5775.1596339946,47.9,21.4724434005227,4.2
Paraguay,2017,0,6152.26711537703,48.5,20.7683062998476,2.4
Paraguay,2018,0,6258.44991640954,46.0,20.0715849369252,3.1
Paraguay,2019,0,5821.18199548637,45.7,19.3999265477977,2.4
Paraguay,2020,0,5365.47220721191,43.5,18.826340595705,2.6
Paraguay,2021,0,5976.9317978996,42.9,18.1928642973611,1.9
Paraguay,2022,0,6205.6259537937,44.6,17.5726602975066,3.2
Paraguay,2023,0,6299.99026533643,44.2,17.0177118019876,2.4
Paraguay,2024,0,6416.09709002917,44.2,10.3804661501567,2.1
West Bank and Gaza,2004,0,1422.19088643544,34.0,26.8418423885421,1.8
West Bank and Gaza,2005,0,1543.70141392774,34.7,26.0138097794389,1.3
West Bank and Gaza,2006,0,1570.10439962728,34.0,25.1704763776285,0.5
West Bank and Gaza,2007,0,1664.24571669276,35.6,24.3431906724414,2.9
West Bank and Gaza,2009,0,2191.78178736868,34.5,22.7546058270462,0.6
West Bank and Gaza,2010,0,2557.07562356699,35.3,21.9757541199639,0.6
West Bank and Gaza,2011,0,2880.79843707909,34.4,21.1930266731369,0.4
West Bank and Gaza,2016,0,3527.61382413178,33.7,17.5708023167351,1.4
West Bank and Gaza,2023,0,3455.02852911712,36.4,26.2808159054503,2.1
Qatar,2017,0,63279.8556949332,35.1,7.21444038630399,0.0
Romania,2000,0,1659.92904910528,29.3,21.5776626820944,11.9
Romania,2001,0,1825.19299373184,29.4,20.6369447584004,9.5
Romania,2002,0,2119.85509684554,30.2,20.1105581797529,9.1
Romania,2003,0,2679.40626016154,29.9,19.8725041075516,7.0
Romania,2004,0,3494.99056448955,30.0,19.3870983753712,5.3
Romania,2005,0,4618.00350802913,29.8,18.2097375933174,4.2
Romania,2006,0,5757.53127301178,39.6,16.6127083177921,11.1
Romania,2007,0,8360.33775916596,37.5,15.1113640285363,8.1
Romania,2008,0,10435.1561230787,36.4,13.9531507098895,6.0
Romania,2009,0,8548.4543409242,35.6,13.0721824335888,5.3
Romania,2010,0,8399.5374234284,35.5,12.3877644546759,6.3
Romania,2011,0,9560.6755277458,35.9,11.8050151354338,7.1
Romania,2012,0,8929.95366231474,36.5,11.2030994165008,8.4
Romania,2013,0,9497.67411615237,36.9,10.5392313991386,8.7
Romania,2014,0,10031.7710755404,36.0,9.85641062863782,8.9
Romania,2015,0,8977.01748158196,35.9,9.19330173067448,7.6
Romania,2016,0,9404.54005870715,34.4,8.54331068555596,5.2
Romania,2017,0,10727.9822007426,36.0,7.88417915464578,4.9
Romania,2018,0,12502.2624061935,35.8,7.25426657710869,3.7
Romania,2019,0,12992.0326104674,34.8,6.78657124353362,3.1
Romania,2020,0,13082.3006559554,34.6,6.56951099028207,2.4
Romania,2021,0,14986.7854904274,33.9,6.5443070464092,2.0
Romania,2022,0,15557.8826247584,32.3,6.5919597755177,1.5
Romania,2023,0,18404.2730871704,29.8,6.63430813330581,0.7
Russian Federation,2000,0,1771.59411621094,37.1,19.3834909923237,5.1
Russian Federation,2001,0,2100.3525390625,36.9,18.409548703108,3.2
Russian Federation,2002,0,2377.52954101563,37.3,17.3000359430432,2.0
Russian Federation,2003,0,2975.123046875,40.0,16.1236883284119,2.1
Russian Federation,2004,0,4102.36474609375,40.3,14.9586913839207,1.8
Russian Federation,2005,0,5323.455078125,41.3,13.8576393782594,1.4
Russian Federation,2006,0,6920.19970703125,41.0,12.8557857673547,0.9
Russian Federation,2007,0,9101.2392578125,42.3,11.9756035558705,0.4
Russian Federation,2008,0,11635.2841796875,41.6,11.2598994254056,0.2
Russian Federation,2009,0,8562.82421875,39.8,10.7450534078092,0.2
Russian Federation,2010,0,10674.990234375,39.5,10.4106903429997,0.2
Russian Federation,2011,0,14305.33203125,39.7,10.1526816280034,0.1
Russian Federation,2012,0,15401.8515625,40.7,9.86399703190537,0.1
Russian Federation,2013,0,15941.4482421875,40.9,9.46872377339476,0.1
Russian Federation,2014,0,14055.47265625,36.9,8.92426778021123,0.4
Russian Federation,2015,0,9277.7138671875,36.5,8.24594696015225,0.4
Russian Federation,2016,0,8663.158203125,36.7,7.54355966450007,0.4
Russian Federation,2017,0,10658.9130859375,35.5,6.89821037199647,0.4
Russian Federation,2018,0,11211.8876953125,35.3,6.331894432206,0.2
Russian Federation,2019,0,11447.701171875,35.7,5.83802378799733,0.3
Russian Federation,2020,0,10108.3271484375,33.7,5.41375376005337,0.1
Russian Federation,2021,0,12425.029296875,35.1,5.0508754811124,0.2
Russian Federation,2022,0,15619.6142578125,33.9,4.74767219167666,0.1
Russian Federation,2023,0,14159.3876953125,33.0,4.49785802104388,0.1
Rwanda,2000,1,251.86926386091,48.5,184.864468745572,82.3
Rwanda,2005,1,324.016863847189,52.0,104.894994601828,74.2
Rwanda,2010,1,593.624927744346,47.2,63.2746611892189,70.2
Rwanda,2013,1,704.92421796616,45.1,51.7256037428334,65.2
Rwanda,2016,1,729.519134044611,43.7,46.3197174424823,63.8
Rwanda,2023,1,1027.03446804432,39.4,40.0146414164451,38.6
Sudan,2009,1,1178.22180175781,35.4,76.4264782776719,13.1
Sudan,2014,1,1275.43835449219,34.2,66.3657020454196,10.1
Senegal,2001,1,637.213530563724,41.2,122.132231010383,63.9
Senegal,2005,1,979.846101520171,39.2,87.9927358095534,53.6
Senegal,2011,1,1374.67591873844,40.3,60.1352822379928,53.3
Senegal,2018,1,1452.55612562445,38.3,48.1574800820078,19.1
Senegal,2021,1,1598.10676952274,36.2,42.4916876383831,17.9
Solomon Islands,2005,1,1144.45758513252,46.1,29.1273994255723,62.2
Solomon Islands,2012,1,2066.25352289833,37.1,26.227911204175,40.3
Sierra Leone,2003,1,413.817607346927,40.2,206.702946675534,72.4
Sierra Leone,2011,1,761.146365577281,34.0,151.676051682467,53.7
Sierra Leone,2018,1,845.914540460932,35.7,113.364731494051,41.5
El Salvador,2000,1,1982.87093542615,51.5,32.264307625354,18.4
El Salvador,2001,1,2058.04459070452,51.3,30.3835079568824,19.4
El Salvador,2002,1,2115.41187355626,51.9,28.641916572411,19.5
El Salvador,2003,1,2207.83089518069,50.4,27.0021004056603,20.9
El Salvador,2004,1,2285.68907438892,47.8,25.4589294482023,16.3
El Salvador,2005,1,2447.39140845394,48.5,24.0379810932166,16.4
El Salvador,2006,0,2665.61807194853,45.7,22.7182934544453,12.6
El Salvador,2007,0,2830.65693770733,45.2,21.5127237833501,9.2
El Salvador,2008,0,2983.24829577976,46.9,20.3876616453453,12.6
El Salvador,2009,0,2910.18651752011,45.8,19.3639725735151,12.4
El Salvador,2010,0,3040.07300952878,43.5,18.4186668752916,11.4
El Salvador,2011,0,3330.60049486653,42.3,17.5259681807867,10.1
El Salvador,2012,0,3497.91256915509,41.8,16.7234710245067,8.5
El Salvador,2013,0,3582.26694005169,43.4,15.9412444045796,7.1
El Salvador,2014,0,3666.01248913873,41.6,15.2158536863853,7.0
El Salvador,2015,0,3790.34089108162,40.6,14.5415950624932,5.3
El Salvador,2016,0,3901.34014965811,40.0,13.9019307453284,5.8
El Salvador,2017,0,4020.12671373919,38.0,13.2931378687174,4.5
El Salvador,2018,0,4183.54620971358,38.6,12.7101445540283,4.1
El Salvador,2019,0,4320.11671534627,38.8,12.1700544626667,3.0
El Salvador,2021,0,4642.60743101342,39.0,11.238339333072,5.1
El Salvador,2022,0,5074.60210221806,38.8,10.8176937366879,5.2
El Salvador,2023,0,5365.44491399171,39.8,10.4303333101628,4.6
Serbia,2002,0,2390.73459447107,32.7,11.3736049529974,0.4
Serbia,2003,0,3153.9011312754,32.8,10.5286701513396,0.9
Serbia,2004,0,3597.08798057009,35.5,9.69488556251601,1.2
Serbia,2005,0,3807.97417321786,36.5,9.01033984263529,1.6
Serbia,2006,0,4492.7136699046,29.7,8.50733112016457,0.9
Serbia,2007,0,6081.08765700202,28.7,8.16604287682733,0.6
Serbia,2008,0,7376.73517910716,27.6,7.94609330634917,0.3
Serbia,2009,0,6414.0448463847,28.0,7.76890617439615,0.6
Serbia,2010,0,5970.92660940072,29.0,7.57487956479546,0.3
Serbia,2012,0,6263.04086072815,39.9,7.09509401568437,7.1
Serbia,2013,0,7040.41812068781,39.4,6.83023162110083,7.8
Serbia,2014,0,6886.67809068704,40.4,6.56457981859589,8.9
Serbia,2015,0,5820.3215576888,40.5,6.31543312526031,8.4
Serbia,2016,0,5982.37030126471,38.8,6.09128747897215,8.1
Serbia,2017,0,6548.03653824187,36.1,5.91102634868892,6.6
Serbia,2018,0,7559.86165747394,35.0,5.77159178680635,4.2
Serbia,2019,0,7755.632986437,34.5,5.65246619155432,2.7
Serbia,2020,0,8098.70955668849,35.0,5.52827480595232,2.0
Serbia,2021,0,9680.52798074468,33.1,5.4092688799625,1.7
Serbia,2022,0,10022.9688543402,32.8,5.30974823885236,2.0
South Sudan,2009,1,1323.22068747862,46.3,114.706056441036,44.9
South Sudan,2016,1,7972.5366498646,44.0,263.925660122113,76.5
Sao Tome and Principe,2000,1,529.089383412262,32.1,82.115122278948,17.3
Sao Tome and Principe,2010,1,1045.20958234528,30.8,36.2805287789999,18.9
Sao Tome and Principe,2017,0,1555.79477812888,40.7,19.4803845783679,13.0
Suriname,2022,0,6084.43876736445,39.2,16.7870810662527,2.2
Slovak Republic,2004,0,10650.1290097126,27.1,8.58375093234075,0.2
Slovak Republic,2005,0,11641.5410321763,29.3,8.30473455711082,0.3
Slovak Republic,2006,0,13167.8954730379,25.8,7.99756879533147,0.3
Slovak Republic,2007,0,16110.4817265237,24.7,7.68460850425748,0.6
Slovak Republic,2008,0,18744.3192278346,26.0,7.38397509492518,0.5
Slovak Republic,2009,0,16586.7527805228,27.2,7.11680287718804,0.6
Slovak Republic,2010,0,16899.448680529,27.3,6.88685947165287,0.6
Slovak Republic,2011,0,18469.4354316836,26.5,6.70074656257491,0.6
Slovak Republic,2012,0,17516.9691054078,26.1,6.55038916366863,0.5
Slovak Republic,2013,0,18312.7805149823,28.1,6.4302811496137,0.4
Slovak Republic,2014,0,18770.9289896545,26.1,6.32112835759451,0.9
Slovak Republic,2015,0,16442.0760860018,26.5,6.21167968505677,0.8
Slovak Republic,2016,0,16636.0769133073,25.2,6.10576790153526,1.5
Slovak Republic,2017,0,17645.5298716761,23.2,6.01903818594178,0.6
Slovak Republic,2018,0,19573.3717031314,25.0,5.96015716298108,0.5
Slovak Republic,2019,0,19406.0589683582,23.2,5.9292616920629,0.2
Slovak Republic,2020,0,19735.4858280801,24.2,5.92843293995997,0.3
Slovak Republic,2021,0,22132.4483028948,24.1,5.95858045636745,0.3
Slovak Republic,2022,0,21334.6011006572,24.1,6.01378862232543,0.7
Slovak Republic,2023,0,24673.5482979144,23.8,6.07515272590005,0.5
Slovenia,2002,0,11639.1297780477,29.1,4.89858505554607,0.1
Slovenia,2003,0,14711.674874253,30.9,4.6534447702915,0.0
Slovenia,2004,0,17103.8297783905,24.8,4.41964929691771,0.1
Slovenia,2005,0,17969.7095907161,24.6,4.19238569692687,0.1
Slovenia,2006,0,19563.005059144,24.4,3.97233075161082,0.1
Slovenia,2007,0,23725.1596001515,24.4,3.76165417770217,0.0
Slovenia,2008,0,27461.9764165315,23.7,3.56376657323024,0.0
Slovenia,2009,0,24501.7897290425,24.8,3.38123847940762,0.0
Slovenia,2010,0,23329.8417691156,24.9,3.21449611411117,0.0
Slovenia,2011,0,24940.6284841605,24.9,3.06426417336774,0.0
Slovenia,2012,0,22442.1417859955,25.6,2.93034120567281,0.0
Slovenia,2013,0,23236.9655321695,26.2,2.8137621311748,0.0
Slovenia,2014,0,24013.0682060959,25.7,2.71307635319011,0.0
Slovenia,2015,0,20697.2748530619,25.4,2.62696380960193,0.0
Slovenia,2016,0,21447.8377796036,24.8,2.55395035071566,0.0
Slovenia,2017,0,23303.077705959,24.2,2.49094677378976,0.0
Slovenia,2018,0,25888.0481065655,24.6,2.43791015953347,0.0
Slovenia,2019,0,25814.1687167572,24.4,2.39347627667155,0.0
Slovenia,2020,0,25392.0651093612,24.0,2.35566824566329,0.0
Slovenia,2021,0,29187.369382785,24.3,2.32088924745941,0.0
Slovenia,2022,0,28373.8382265999,24.3,2.28737668155632,0.0
Slovenia,2023,0,32610.110922729,24.7,2.24667168062113,0.0
Sweden,2000,0,29632.7736101599,27.0,4.09662966290807,0.2
Sweden,2001,0,27259.4806735435,26.5,4.04899207270855,0.2
Sweden,2002,0,29957.9387652616,26.2,3.97798013276503,0.0
Sweden,2003,0,37292.4214343004,25.3,3.87423700676329,0.4
Sweden,2004,0,42758.2015503417,26.1,3.74332125167744,0.5
Sweden,2005,0,43378.6152117149,26.8,3.59847860093703,1.1
Sweden,2006,0,46531.6001120572,26.4,3.45213133216987,0.4
Sweden,2007,0,53568.5645523213,27.1,3.32214996342575,0.5
Sweden,2008,0,55817.4392710726,28.1,3.21575366852507,0.7
Sweden,2009,0,46707.8673215418,27.3,3.12996281888322,0.5
Sweden,2010,0,52542.8274141037,27.7,3.06214682543945,0.6
Sweden,2011,0,60379.7748160321,27.6,3.01158888229732,0.7
Sweden,2012,0,57749.8251328664,27.6,2.97236920937054,0.5
Sweden,2013,0,60844.2767113975,28.8,2.93837220723647,0.7
Sweden,2014,0,59583.7140001673,28.4,2.90365829453292,0.5
Sweden,2015,0,51197.9529341175,29.2,2.86338782494858,0.6
Sweden,2016,0,51820.3972482676,29.6,2.81581419574219,0.4
Sweden,2017,0,53300.8587281785,28.8,2.7606018498859,0.3
Sweden,2018,0,54181.9069780904,30.0,2.70045341944778,0.9
Sweden,2019,0,51773.0464558993,29.3,2.64163221814517,0.4
Sweden,2020,0,52653.7565934247,28.9,2.5888465058554,0.5
Sweden,2021,0,61174.9680215622,29.8,2.54512237265159,0.6
Sweden,2022,0,55296.9371472535,31.6,2.5080811439105,1.3
Sweden,2023,0,55567.0890080496,29.3,2.47465228620054,0.8
Eswatini,2000,1,1668.9749133064,53.1,109.104918315743,65.0
Eswatini,2009,1,3239.7578007877,51.4,92.4934403178507,58.2
Eswatini,2016,1,3239.80707501414,54.6,55.3144790474334,44.5
Seychelles,2006,0,12782.9938926475,42.8,13.8286119352077,0.6
Seychelles,2013,0,14821.2921476077,46.8,14.3752811400335,1.6
Seychelles,2018,0,18440.2340460932,32.1,14.7568275808126,0.7
Syrian Arab Republic,2003,0,1220.179077256,37.5,20.8601461306417,0.5
Syrian Arab Republic,2006,0,1718.78347217338,40.1,19.4583795857487,0.0
Syrian Arab Republic,2009,0,2462.20193643202,40.4,18.9514358535529,0.0
Syrian Arab Republic,2022,0,1051.67149587463,26.6,21.1241539140214,16.5
Chad,2003,1,289.087621122168,39.8,173.414496251732,66.7
Chad,2011,1,1308.1421872538,43.3,143.885876127986,45.2
Chad,2018,1,948.656629871231,37.5,118.334266245668,41.9
Chad,2022,1,966.036468278568,37.4,104.333309693075,39.5
Togo,2006,1,552.50227125256,42.2,99.7189999893334,67.2
Togo,2011,1,783.989380490906,46.0,85.9470250195426,65.2
Togo,2015,1,751.052405084336,43.0,75.5915360604258,61.5
Togo,2018,1,851.130806891807,42.5,68.5785254049994,35.1
Togo,2021,1,939.613373786407,37.9,62.2124782194279,34.4
Thailand,2000,0,2005.97694514234,42.8,21.7816875015961,8.4
Thailand,2002,0,2089.75183111554,41.9,19.8083969337506,4.7
Thailand,2004,0,2641.56268717857,42.5,18.0865366855139,3.1
Thailand,2006,0,3331.32043511773,41.8,16.5774476216963,2.2
Thailand,2007,0,3918.52817434581,39.8,15.9177163787349,1.3
Thailand,2008,0,4309.13509292986,40.3,15.2826374668445,1.0
Thailand,2009,0,4135.43986952819,39.6,14.7052915841409,0.8
Thailand,2010,0,4973.86288823778,39.4,14.1677610027542,0.7
Thailand,2011,0,5373.6232832898,37.5,13.6571021125465,0.3
Thailand,2012,0,5725.52802835463,39.3,13.1778393838842,0.4
Thailand,2013,0,6018.08244729255,37.8,12.7267704539772,0.2
Thailand,2014,0,5801.1978916205,37.0,12.2966751334221,0.2
Thailand,2015,0,5688.85335397884,36.0,11.8895581233996,0.1
Thailand,2016,0,5833.57715617098,36.7,11.5031930233166,0.1
Thailand,2017,0,6413.09182530343,36.4,11.1326864091747,0.1
Thailand,2018,0,7099.77650081458,36.4,10.7774185285242,0.1
Thailand,2019,0,7605.69657797759,34.9,10.4223523522217,0.1
Thailand,2020,0,6985.64393892574,35.0,10.1046659585209,0.1
Thailand,2021,0,7057.20754802279,34.9,9.7912354749969,0.0
Thailand,2022,0,6909.35281815827,34.3,9.49174798849344,0.0
Thailand,2023,0,7195.10130919449,33.5,9.21389003267474,0.0
Tajikistan,2003,1,233.58124845289,32.7,61.8057613800806,56.0
Tajikistan,2004,1,305.745158587502,33.6,56.7115949639158,37.2
Tajikistan,2007,1,516.997210618914,32.2,44.7182016333,24.2
Tajikistan,2009,1,664.795655734657,30.8,39.2170414439144,15.7
Tajikistan,2015,0,956.916310930656,34.0,30.200129527202,13.3
Tajikistan,2021,0,896.748053372182,32.4,27.8585908453306,9.1
Tajikistan,2022,0,1052.17949484894,39.5,27.667248901182,8.9
Tajikistan,2023,0,1178.47990060249,38.0,27.3211713922537,7.3
Tajikistan,2024,0,1341.20229027672,36.1,10.3804661501567,6.1
Timor-Leste,2001,1,587.804355560918,35.9,105.54380534249,55.7
Timor-Leste,2007,1,540.154584237662,27.8,80.0728920008533,60.1
Timor-Leste,2014,1,1224.74957758801,28.7,62.3466019376383,43.9
Tonga,2000,0,1995.07667546271,37.7,16.9746867189471,4.6
Tonga,2009,0,2914.23774004564,37.5,13.4202321185771,3.6
Tonga,2015,0,4123.90347238813,33.5,11.9355158359692,4.0
Tonga,2021,0,4912.57966349119,27.1,10.4759865489596,0.4
Tunisia,2000,0,2199.04465936314,40.8,29.184614609627,10.5
Tunisia,2005,0,3146.8260743927,37.7,21.5986492069974,5.9
Tunisia,2010,0,4291.86120891575,38.5,18.7175889379685,3.1
Tunisia,2015,0,4014.94773686432,32.8,18.2220956123766,0.7
Tunisia,2021,0,3906.93926319391,33.7,14.962827035401,0.7
Turkiye,2002,0,3583.19745897158,41.4,32.2213895264616,7.6
Turkiye,2003,0,4637.88218501529,42.2,29.8771155541777,10.0
Turkiye,2004,0,5960.77898909049,41.3,27.6944277255681,6.6
Turkiye,2005,0,7303.01388860245,42.6,25.6769264932539,6.5
Turkiye,2006,0,7953.07848024969,39.6,23.8036235948309,4.8
Turkiye,2007,0,9711.22376120832,38.4,22.1034715659048,4.0
Turkiye,2008,0,10843.5036940489,39.0,20.551332441788,3.3
Turkiye,2009,0,9012.99945793034,39.0,19.1642919166752,3.0
Turkiye,2010,0,10622.7020439723,38.8,17.900353470032,2.8
Turkiye,2011,0,11300.7852215681,40.0,16.7799457620155,2.0
Turkiye,2012,0,11713.2849831139,40.2,15.7713122823347,1.7
Turkiye,2013,0,12578.1878632,40.2,14.8659553622141,1.5
Turkiye,2014,0,12165.220135038,41.2,14.0478088307943,1.0
Turkiye,2015,0,11049.9951100942,42.9,13.3106520989299,1.3
Turkiye,2016,0,10970.0458948862,41.9,12.6462067551836,0.9
Turkiye,2017,0,10695.550196231,43.5,12.0433825875433,1.1
Turkiye,2018,0,9568.83506330228,42.4,11.4929944183917,1.0
Turkiye,2019,0,9215.44049888114,43.8,10.9857038218174,1.3
Turkiye,2020,0,8638.73903848102,43.0,10.5193889576046,1.1
Turkiye,2021,0,9743.21277804855,44.4,10.0723565627864,0.9
Turkiye,2022,0,10674.504157865,44.5,9.64395251665457,0.5
Tuvalu,2010,0,3024.8170790571,39.1,31.4411840437129,9.0
Tanzania,2000,1,401.698150634766,37.3,128.394493419732,86.9
Tanzania,2007,1,543.198303222656,40.3,81.5553292860045,61.9
Tanzania,2011,1,775.392761230469,37.8,65.0025943936641,51.5
Tanzania,2018,1,1023.10626220703,40.5,48.002032188302,51.3
Uganda,2002,1,241.984688408335,45.2,131.18903339542,78.6
Uganda,2005,1,330.405402707025,42.9,106.969377979574,72.4
Uganda,2009,1,798.947089938247,44.2,81.4460670345903,63.5
Uganda,2012,1,795.222867553127,41.0,66.6845356200903,56.2
Uganda,2016,1,752.696571725656,42.8,52.4809769518803,60.1
Uganda,2019,1,822.171150141651,42.7,45.307571885933,59.8
Ukraine,2002,0,903.011901855469,29.0,16.6096508636542,6.3
Ukraine,2003,0,1076.48156738281,28.7,15.821552817191,3.2
Ukraine,2004,0,1401.01806640625,28.9,15.0976946543056,2.8
Ukraine,2005,0,1875.33508300781,29.0,14.4819267759545,1.1
Ukraine,2006,0,2366.494140625,29.8,13.9513539599001,0.7
Ukraine,2007,0,3160.32763671875,27.0,13.4376994607329,0.5
Ukraine,2008,0,4017.806640625,26.6,12.8872536414448,0.1
Ukraine,2009,0,2607.08764648438,25.3,12.3029013757603,0.3
Ukraine,2010,0,3039.63232421875,24.8,11.7226398266446,0.1
Ukraine,2011,0,3656.69799804688,24.6,11.167481474975,0.1
Ukraine,2012,0,3951.34228515625,24.7,10.6540272021422,0.1
Ukraine,2013,0,4129.89697265625,24.6,10.1962894195357,0.1
Ukraine,2014,0,3054.908203125,24.0,9.79127560618125,0.0
Ukraine,2015,0,2094.47387695313,25.5,9.44202461724269,0.3
Ukraine,2016,0,2158.46118164063,25.0,9.14504759283109,0.2
Ukraine,2017,0,2604.28759765625,26.0,8.89571386226811,0.1
Ukraine,2018,0,3059.0517578125,26.1,8.68201817932999,0.2
Ukraine,2019,0,3619.86157226563,26.6,8.50168274503569,0.2
Ukraine,2020,0,3709.76928710938,25.6,8.35464366988642,0.0
Uruguay,2000,0,6987.70098766257,43.4,17.002095042035,0.8
Uruguay,2001,0,6382.76104740859,45.0,16.5501552549256,0.7
Uruguay,2002,0,4149.76140312687,45.5,16.1893311072228,1.1
Uruguay,2003,0,3671.12329256883,45.0,15.7708567336086,1.5
Uruguay,2004,0,4168.66065438387,45.9,15.1642669257945,1.7
Uruguay,2005,0,5284.25677987129,44.7,14.3958311825007,1.5
Uruguay,2006,0,6001.33294783172,45.9,13.549368581231,1.0
Uruguay,2007,0,7222.05403645877,46.4,12.7062937145055,0.7
Uruguay,2008,0,9423.96562595893,45.1,11.9402226884189,0.4
Uruguay,2009,0,9881.39573127081,45.5,11.3030560451378,0.4
Uruguay,2010,0,12641.0576849008,44.5,10.7931261739911,0.3
Uruguay,2011,0,15132.2675725587,42.2,10.3804661501567,0.2
Uruguay,2012,0,16259.5940814256,39.9,10.0414178946479,0.3
Uruguay,2013,0,18335.2594772322,40.5,9.70827467697594,0.3
Uruguay,2014,0,18322.4276767157,40.1,9.33366887057679,0.2
Uruguay,2015,0,17125.9016800298,40.1,8.92141573433228,0.2
Uruguay,2016,0,17009.7584207276,39.7,8.49097786321392,0.1
Uruguay,2017,0,19184.6502617082,39.5,8.068891587351,0.1
Uruguay,2018,0,19249.9404677501,39.7,7.69318423675886,0.1
Uruguay,2019,0,18315.7316980028,39.7,7.38788762872325,0.1
Uruguay,2020,0,15757.5355995779,40.2,7.14601889175467,0.3
Uruguay,2021,0,17881.818721099,40.8,6.9568388803395,0.2
Uruguay,2022,0,20818.6146091144,40.6,6.80486944839444,0.2
Uruguay,2023,0,23019.4221560046,40.9,6.66247086496002,0.2
Uruguay,2024,0,23906.5133029408,40.0,10.3804661501567,0.2
United States,2000,0,36329.9702595751,40.1,8.44940974508615,0.7
United States,2001,0,37133.6203973517,40.6,8.33239824719795,1.0
United States,2002,0,37997.7424300242,40.4,8.23098415883608,1.0
United States,2003,0,39490.3023903176,40.8,8.14164788500611,1.0
United States,2004,0,41724.6411982614,40.5,8.05507238902549,1.0
United States,2005,0,44123.3996470026,41.3,7.96272217791188,1.0
United States,2006,0,46301.9876485519,41.7,7.85829501433742,1.0
United States,2007,0,48050.227412195,41.1,7.73693212846894,1.0
United States,2008,0,48570.0594269601,41.1,7.59836335159598,1.0
United States,2009,0,47194.9500893872,40.8,7.45238376893709,1.0
United States,2010,0,48642.6312088213,40.2,7.30653535707454,1.2
United States,2011,0,50024.8812320773,41.2,7.16630682950133,1.0
United States,2012,0,51708.3940614082,41.2,7.04107752764411,1.0
United States,2013,0,53297.3862901595,40.9,6.93340036484998,1.0
United States,2014,0,55153.3940182967,41.7,6.83796294266274,1.2
United States,2015,0,56849.4697923159,41.5,6.75146689041012,1.2
United States,2016,0,57976.628204291,41.3,6.67277381127123,1.2
United States,2017,0,60047.7190728307,41.4,6.6009133345531,1.2
United States,2018,0,62875.6661382728,41.8,6.53948458564537,1.0
United States,2019,0,65227.9565911038,41.9,6.4926047402942,1.0
United States,2020,0,64401.5074354212,40.0,6.46878461763762,0.5
United States,2021,0,71307.4017277218,39.7,6.46297030376375,0.5
United States,2022,0,77860.9112908848,41.7,6.47009706013987,1.2
United States,2023,0,82304.6204272866,41.8,6.47895139752497,1.2
Uzbekistan,2000,1,555.149231099186,35.9,61.4993953451037,93.8
Uzbekistan,2002,1,381.409296889283,33.0,55.7363453484014,93.1
Uzbekistan,2003,1,394.164028897235,35.2,52.5063668482208,93.3
Uzbekistan,2021,0,2258.51964119278,32.9,14.3919293261576,4.4
Uzbekistan,2022,0,2578.66689394219,31.2,13.8365459188065,4.4
Uzbekistan,2023,0,2878.96879292451,34.5,13.320604397952,4.1
Uzbekistan,2024,0,3161.70010632875,34.6,10.3804661501567,2.7
"Venezuela, RB",2001,0,4920.39313600453,47.2,20.8609954082409,14.7
"Venezuela, RB",2002,1,3652.09896501865,48.9,20.3383552872348,22.1
"Venezuela, RB",2003,1,3229.50557082079,47.9,19.7843636031922,27.1
"Venezuela, RB",2004,0,4269.08970872392,47.3,19.1485157904967,22.8
"Venezuela, RB",2005,0,5432.4854184654,49.3,18.4998636300869,18.1
"Venezuela, RB",2006,0,6739.38065342219,44.7,17.9079240345719,9.7
Viet Nam,2002,1,445.132861817313,37.0,27.435575045738,43.3
Viet Nam,2004,1,565.452284586212,36.8,25.7077285431798,30.9
Viet Nam,2006,1,807.756645117054,35.8,24.455556137332,23.7
Viet Nam,2008,0,1163.83195772873,35.6,23.6186981307056,17.6
Viet Nam,2010,0,1683.16182443979,39.3,23.0546584620282,5.2
Viet Nam,2012,0,2185.11767654291,35.6,22.6129833952948,3.7
Viet Nam,2014,0,2546.38464459903,34.8,22.1782258243758,3.4
Viet Nam,2016,0,2735.0604380416,35.3,21.7506583527665,2.5
Viet Nam,2018,0,3222.31003125366,35.7,21.3677350694483,2.2
Viet Nam,2020,0,3534.03953482647,36.8,20.9729070951574,1.3
Viet Nam,2022,0,4147.69777213621,36.1,20.4336736239713,1.6
Vanuatu,2010,0,2815.18828985779,37.4,21.1961259806829,25.7
Vanuatu,2019,0,3207.44650452083,32.3,17.8405011371154,19.5
Samoa,2002,0,1527.55790455937,40.7,20.0333935041483,5.9
Samoa,2008,0,3373.60639884263,42.0,19.3442465037451,3.7
Samoa,2013,0,4023.5254013825,38.7,18.9251899384527,4.5
Kosovo,2003,0,7972.5366498646,29.0,36.6321082163,11.7
Kosovo,2005,0,7972.5366498646,31.2,30.5312424732848,14.3
Kosovo,2006,0,7972.5366498646,30.3,27.9349399387976,13.5
Kosovo,2009,0,2794.86699473069,31.8,21.7356446085111,10.5
Kosovo,2010,0,2987.54519574464,33.3,20.1003404921733,10.6
Kosovo,2011,0,3538.94759838576,27.8,18.6640457899735,6.6
Kosovo,2012,0,3410.65550749316,29.0,17.3949038728543,3.9
Kosovo,2013,0,3704.55872781672,26.3,16.2589151371889,2.2
Kosovo,2014,0,3902.49424360946,27.3,15.2231639852991,3.3
Kosovo,2015,0,3520.62850699375,26.5,14.2836729096303,2.4
Kosovo,2016,0,3759.44959067104,26.7,13.429571765887,2.0
Kosovo,2017,0,4009.31799347588,44.2,12.613856878963,15.2
Kosovo,2018,0,4384.18624084947,44.6,11.8593170464475,20.7
Kosovo,2019,0,4415.99716107514,40.2,11.1507332141789,11.3
Kosovo,2020,0,4310.89065548799,57.4,10.518500201971,16.8
Kosovo,2021,0,5270.42965289833,49.4,9.96596173727163,25.0
Kosovo,2022,0,5290.94747224687,38.3,9.51026416242216,10.0
"Yemen, Rep.",2005,1,734.159908450927,34.7,70.6331413119859,21.4
"Yemen, Rep.",2014,1,1430.1642096418,36.7,48.3922201768287,33.3
South Africa,2000,1,3217.84693448467,57.8,71.0658259726498,47.9
South Africa,2005,1,5836.87663325127,64.8,80.2723640119252,42.1
South Africa,2008,1,6184.75474328399,63.0,64.1783193914082,30.3
South Africa,2010,1,7973.47195771517,63.4,50.0102548097657,29.5
South Africa,2014,1,6856.73137092522,63.0,39.5766151664477,31.2
Zambia,2002,1,393.864625518616,42.1,133.679002267088,68.0
Zambia,2004,1,548.685974566277,54.3,113.690175086098,68.9
Zambia,2006,1,1051.71714895686,54.6,97.1074867703877,72.0
Zambia,2010,1,1451.10616017155,52.0,75.6772230473812,71.4
Zambia,2015,1,1295.87788680068,55.8,61.5308418153794,67.9
Zambia,2022,1,1447.12310138035,51.5,46.6667058292698,71.7
Zimbabwe,2011,1,1037.24613741902,43.2,78.8333525312736,35.7
Zimbabwe,2017,1,3448.08699068824,44.3,54.9537976143069,44.7
Zimbabwe,2019,1,1683.91313584141,50.3,51.0625687914726,49.2
